"text","label"
"دوله القانون القضاء الشامخ اوبهه سجن 42 متهما ما بين3 الي23 عاما بتهمه التظاهر وقطع الطريق بالمنيا مصر الثوره",0
"السعاده اخويه يهتم بيا اكتر من نفسه حتي و هو بعيد عني",1
"المجد للمبتسمين المجد للمبتسمين صباحا",1
"عن الفرح اللمه الخروج ضحك السنين الغني التصوير اللف بالعربيه الشارع للصبح الخبره عمر المسخره الانبساط يوم فشيخ",1
"سي بي سي جنايات شبرا الخيمه تقضي بمعاقبه سارقي سياره القيادي الاخواني محمد البلتاجي بالسجن 10سنوات مع الشغل شايفه التعريص وساخه",0
"من الامور الهامه لتنميه الحب بين الزوجين التفاعل مع ازمات شريك الحياه فلذلك اثر كبير في بناء الموده بين الزوجين وجعلهما اكثر قربا ومحبه",1
"خالد علي نرحب ب الاخوان المشاركين في اسقاط قانون التظاهر شفتوا الخول ده بيقول ايه عايز يحط ايده في ايد بلطجيه رابعه",0
"نبض رابعه شاهد معتقلين المنيا في قاعه المحكمه يهتفون ساخرين من القاضي و من فضيحه زوجته مع مدرب الكراتيه",0
"تحيه لجميع النساء في يوم المراه العالمي نحتفي بالمراه كل يوم اما وبنتا واختا ورفيقه درب وحياه وصانعه امم",1
"و زي ما الاخوان و السلفيين اعتبروني عدو للاسلام كتير من الاعلاميين اللي وقفوا معايا حيقلبوا عليا قريب جدا الفاشيه لا دين لها",0
"احنا عندنا ثقافه اعتياد للقبح ثقافه اعتياد للقذاره اردوغان قدر انه يبدا نهضته بالنظافه شيراك لما كان عمده",0
"تلك الايام لما كنا ننتقد الاخوان يقولوا مش وقته تغلطونا دلوقتي نخلص من العسكر و بعدين اعملوا اللي انتوا عايزينه هيييه دنيا",0
"تاسيسيه مين يا ابو تاسيسيه انت ناس اتقتلت تقوللي تحسيسيه يا شيخ روح انت وهي الهي ينتقم منكم واحد واحد",0
"في مذيعه بتزغرت علي الهوا الام المثاليه",0
"بعد ان قال الاخوان ان مرسي متخصص في تصميم المحركات في ناسا اصبحت اعتقد ان دفايه بيتنا التي تفعل كل شيئ الا التدفئه موتورها من تصميم مرسي",0
"و جدير بالذكر ان الدب الروسي بيشجع جماعات مسلحه بوتين طلع داعم للارهاب اوكرانيه مصر",0
"الانقلاب اعادنا الي عام 1955 بعيدا عن الحريات الضائعه التخلف يزحف علي كل القطاعات وبكره تشوفوا مصر",0
"ستظل ذكري استشهاد البطل عبد المنعم رياض تخليدا لملحمه مضيئه من انصع صفحات التاريخ المصري ورمزا لبطولات معركه الاستنزاف تحيه له في ذكراه",1
"بسمه امل هديه لعوده الحب لحياتنا",1
"احنا كده مش بنتشطر غير علي بعضينا المصريين",0
"بكره احسن ولسه في امل",1
"انتم تجعلوا من الناموسه فيل الاخوان تنظيم منتهي",0
"الفراج يشن هجوم بطريقه قذره علي اتحاد منتخب ويتحدث عن العداله و يبرر العنصريه فلول اكشن يا دوري",0
"الوعود المتكرره بانتخابات حره نزيهه في غياب الضمانات البديهيه لنزاهتها هي مجرد كلام اجوف كفانا خداعا للشعب",0
"سيبك مته ده اهبل",0
"حسبي الله ونعمه الوكيل فيك يامرسي انت وكلابك وخرفانك تعريه وسحل متظاهر والقبض عليه بقصر الات",0
"القاضي كريم اسماعيل",0
"الالم محسن كبير لانه يجردنا من الغرور والدعوي مي زياده",1
"مفروض شباب الاخوان ينزلوا بكره يطالبوا باقاله النائب العام الفاسد اللي ضيع حق الشهداء وافرج عن المتهمين",0
"د البلتاجي مخ",0
"الطريق الي الديمقراطيه يتاكل محاكمات عسكريه تقاعس عن حمايه التظاهر السلمي رفض الرقابه الدوليه للانتخابات عدم حسم حق المغتربين في التصويت",0
"مشكله اليسار مش اللي قاله العريان مشكلته ان رغم كونه الفصيل الاكثر فاعليه ونضاليه في الثوره المصريه لم يستطع طرح شكل",0
"السعاده ان يكون من نحب بخير وعافيه فنحن نشعر بهم ونهتم لامرهم حتي لو لم نراهم 3",1
"من جنازه شهداء المنيل الذين قتلهم الاخوان المجرمين الارهابيين امس",0
"انما المؤمنون اخوه علي شعار رابعه خلفيه الزعيم اردوغان في منظر ولا اروع مرسي رئيسي",1
"امين شرطه يتحرش يراكبه اجنبيه بالمطار وزملاؤه يعتصمون اعتراضا علي نقله مرار طافح",0
"يا عسكري واقف بالفرس ع جتتي لا انت البطل ولا انت فتوه حتتي يوم ما تقول هاخد البلد هتاخدها بس ع جثتي صلاح جاهين",0
"محمود سعد اعلامي قذر بعد اذاعه فيديو خيانه حمدين قال لم اسمعه جيدا ولم يعلق عليه لانه ليس اعلامي بل افاق ومنافق حقير 4",0
"محمد بديع اطلب من ابي محمد حسني مبارك ان يرفع الظلم علي المسجونين مصر فلسطين تونس قطر سوريا الامارات لبنان",0
"ليه يوصلوا الواحد في سنه انه يكره عيشته واليوم اللي اتولد فيه ثانويه عامه علمونا صح",0
"فضلوا يبرروا بمعايير بيئيه صارمه لاستخدام الفحم في مصانع الاسمنت وفي الاخر سمحوا باستخدام الفحم بدون موافقه البيئه اوقفوا الفحم",0
"الحمد لله ان حقن دماء المصريين واصلح بينهم وعقبال القوي السياسيه 3",1
"عاد الي مصر خطاب دعائي تحريضي ينتمي الي مرحله الستينيات مصر تعود للوراء حتي رئيس الحكومه لا يتوقف عن تمجيد السيسي وهو مجرد",0
"وتتوالي الابداعات في العالم العربي ا م المثاليه في مصر سمير جعجع رئيسا للبنان والعرص ابن العرص مرشح للرئاسه",0
"782 و انتي طيبه يا حنان و كل الناس بخير",0
"موقف الاسواني من شفيق فخور به جداوهو موقف كل الثوريين من شفيق صبي مباركاذاكنت تدعم شفيق فالاولي بك تدعيم جمال مبارك",1
"اينما وجد العدل فثم شرع الله",1
"حازم عبد العظيم العرص يكشف لماذا تحول من صفوف الثوار لصفوف الانقلاب",0
"في بنات مستحيل تحط صورها علي الفيس لو هيقتلوها بس تويتر عادي عن الازدواجيه اتحدث",0
"حلاوتك وانت عامل نفسك دكر و راجل قدام امك و بتبقي مرمطون و شخشخيه ف ايد البنت بتاعتك استرجل",0
"انتخبوا العرص بقت مكتوبه ف كل شوارع مصر",0
"ما يحدث مع المعتقلين السياسيين في السجون الان جريمه جديده ضد الانسانيه كفاكم جرائم",0
"هما فاكرين ان البلوك زعلده انا كنت باحب اخدم بسلكن طالما لازمهم حرق دم ومالهيالله هاروح افطر سيمون فيميهسلام يامعفنيين",0
"كام واحد هنا فهم اني قاصد اقول اننا حيوانات في زريبه مش ان ده لسان حال اللي بيقولوا ان حقوق الانسان سلعه غربيه مرار طافح",0
"منتخب مصر لازم يغير الفانله بتاعتو عشان مش لايقه علي شيكابالا",0
"بابا الازهر دعا لقتال معارضي الانقلابي وكشف جهله بالقران الي اقصي درجه تشعر بجهله في حديثه عن الجزيه اخر لخبطه",0
"تعريص برهامي ووساخه حزبه والدعوه السفهيه بداوا من يوم ما دعموا ابو الفتوح مش حاجه مستجده",0
"حازم عبد العظيم اللي خرج من الوزاره لعلاقاته المشبوهه بشركات اسرائيليه قيادي في حمله السيسي الطيور علي اشكالها تقع",0
"يا من اذا قلت ي مولاي لباني يا واحدا ماله ف ملكه ثاني اعصي وتسترني انسي وتذكرني فكيف انساك ي من لست تنساني لا اله الا انت",1
"لما اعرف ان محمد رمضان عامل مسلسل في رمضان الجاي اسمه ابن حلال امال مين اللي يبئه ابن كلب",0
"كما تهمنا مصر تعنينا دمشق وكما تشقينا غزه تقتلنا بغداد وكما نحب اليمن نخشي علي ليبيا اما قطر فهي سيده النهوض و",1
"الله وصف البنات ب ناقصات عقل و دين و اعطي الراجل الغضب و العصبيه و طلب منهم يكونو شعوب و قبائل هههه الي رايح حقو الزلمه هيتحمل كتير",0
"اليوم السابع مش بتاعه نجيب",0
"الي تجار الدين قل هل يستوي الذين يعلمون والذين لا يعلمون ويل لكل افاك اثيم",0
"منع حازم عبد العظيم والسيد البدوي اكبر انصار الانقلاب العسكري من السفر يمثل تطبيقا لمبدا صاحب الحمير اضرب المربوط يخاف السائر",0
"مرسي احيي السويس الباسله وبور سعيد الصامده وهاقول لهم هانيمكو من المغرب",0
"الجيش والداخليه والبلطجيه ايد واحده لارتكاب جرائم وحشيه جديده ضد شعب مصر في تظاهراته السلميه 30 اغسطس الشعب يستعيد ثورته",0
"ضبط حشيش مع لاجئين سوريين بالمفرق شاهد التفاصيل من هنا",0
"الطاقه البشريه اذا ما احسن استغلالها هي رصيدا و ليست عبئا قوتنا في عددنا",1
"مترو موسكو او قصر تحت الارض كما يوصف احيانا بسبب فخامه تصميمه الكلاسيكي عماره روسيا تصميم تصميم داخلي مترو",0
"سفر رئيس الجمهوريه ورئيس الوزراء الي الخارج في هذا التوقيت استهانه بالشعب المصري 25",0
"حتي الاراجوز مالوش مكان في اعلام العار مطلوب قطيع يكرر ما يسمع ويتملي",0
"يوم الوفاء للرئيس مين وفاء دي مش واخد بالي",0
"شمروخ في الايد يغني والنار رمز احتفال وان جيت في يوم تلومني مش عالبال وتعيش الاولتراس بتحارب علي مر السنين الكوره للجماهير",0
"اخر ساعه يوم الجمعه اللهم اني اسالك عيش السعداء وموت الشهداء والفردوس الاعلي بجناتك جنات عدن اللهم امين",1
"اتجنن واخرج عن المالوف",0
"3 غير صحيح التوقيع لخالد كان لتمكينه وهو الشاب الوحيد والاكثر جراءه في الدفاع عن المدنيه من دخول السباق الرئاسي",1
"سيدنا النبي كان طيب الرائحه واذا صافحه احد ظل بيده عطره سائر اليوم صلي الله عليك يا سيدي يا رسول الله",1
"لولا الانقلاب لظل الجيش والشعب ايد واحده",0
"يوسف الحسيني يتابع منذ ايام مايحدث للاقباط في دلجا ويطالب المسؤولين بالتدخل واليوم سيطرت الشرطه والجيش",1
"مع الانقلاب الدموي هزيمه دمويه لمنتخب مصر بالسته من يقتل الستات في الشوارع تقتله غانا بالستات في التصفيات",0
"اعجبني فيديو علي صاحبه السعاده ابراهيم عيسي الواقع",1
"جبهه ثوار سوريا القطاع الجنوبي القنيطره تمكن المجاهدون ضمن معركه صدي الانفال صباح اليوم بفضل الله من",1
"مليون خزوق يفلقوه ده ال180الف توكيل زرايبي للعرص مرسي رئيسي انتخبوا العرص الشعب يرد تحيه الرئيس مصر رابعه",0
"مواليد برج الاسد تعجبك صداقتهم كثيرا",1
"ايه اكتر اغنيه عجبتكم من الفنانه غاده رجب في برنامج احلي مسا مع النجمه فيفي عبده و النجم هشام عباس",0
"2008 الشرطه التركيه اليوم تفرق المظاهرات ضد اردوغان بالقوه بينما يندد هو بفض اعتصامات رابعه",0
"العنف والقتل في محيط مقر جماعه الاخوان مدان ومرفوض بالكامل كما في اشتباكات اسيوط وبني سويف كل الدم المصري حرام لا تفسدوا يونيو",0
"الانقلاب يغلق مسجد النصر ب رفح ومن اظلم ممن منع مساجد الله ان يذكر فيها اسمه وسعي في خرابها انتظروا عقاب الله",0
"ندوه توقيع روايه نادي السيارات الليله السبت السابعه مساء بفرع مكتبه ا داندي مول التفاصيل",0
"يجب علي كل ابناء الزمالك مسانده ميدو ودعمه بشكل كبير ميدو استطاع تغير اشياء كثيره داخل النادي موجوده منذ زمن بعيد قوي",1
"هتحبك لو صحتها من النوم علشان تقولها بحبك",1
"عيد الام امي امي يا اجمل ما يبدا به يومي ف سبحان من صنع من دعواتك سعاده لي لا تنتهي",1
"غياب العدل في وطني يبشر بانفجار غضب بركاني شعبي يسقط حكم العسكر الداخليه بلطجيه انتخبوا العرص",0
"تكريم الجنزوري وا ستعانه بخبرته كمستشار رساله الي كل رجال العهود السابقه ان مصر في حاجه الي خبراتهم وانه تهميش و ا",0
"انتظروا ثوره الجياع قريبا جدا مصر الليله",0
"من يريد ان يقدم لوطنه سيء لا ينشغل بالدفاع او ايذاء الاخرين ابو الفتوح يتحدث الان",0
"يرفض نسب هجوم سيناء ضد خليه ارهابيه الي اسرائيل",0
"انا حزين مرض نفسي قاتل ربما يردئ بحالك الي حياه بائسه جدا ف احذرؤ منها لان الايجابيه حتي لو كان الحزن ع قلبك لابد",0
"الانتخابات الاخيره كانت بين اختياريين كلاهما مر",0
"تاكدوا ان التزام الرئيس بالقانون والحفاظ علي استقلال القضاء وتدعيمه هو في مصلحه الشعب قبل اي طرف اخر",1
"احترام الحق اهم من احترام القانون ولا سبيل الا بجعل القانون ينصاع للحق لكي يحترمه الناس",0
"بالفيديو الجوهري مصنع اسمنت تيتان اعتداء علي حق مواطني وادي القمر في الحياه كفايه اوقفوا الفحم",0
"كان محمد يسري سلامه صاحب رساله كافح من اجلها طيله حياته ولذلك فحتي موته كان بمثابه رساله",1
"ما احقر القاتل حين يبرر جريمته مجزره رابعه مجزره سجن ابوزعبل رابعه",0
"لن امل من تكرارها ايام كان رئيسكم مرسي يحسن احسنت انا وغيري اليهلكنه منذ ان بدا الكذب واخلاف الوعود وتسبب في اساله الدماء لا يستحق الاحسان",0
"تابعوا الدكتور عمرو حمزاوي علي قناه الجزيره مباشر في تمام الحاديه عشر والنصف مساء",0
"بالصور كارثه عقاريه جديده بالاسكندريه عقار جديد يميل بدرجه 10 سم و يهدد العقارات المجاروه",0
"يوسف الحسيني لا تستمعوا لكلام البلتاجيفهو لا يريد الا التشويهخسيء وخسا قومهسلام الساده المحترمون",0
"سنسمو علي خلافاتنا السياسيه والحزبيه وسنعلي فقط المصلحه الوطنيه ستنتصر ثورتنا وستكون مصر قويه باذن الله",1
"انخضع للارهاب هذا ليس حل",0
"الاخوان يعتدون علي حفيده مرشدهم الاسبق ويحطمون سيارتها فحتي بيوت رموزهم لم تسلم من قله الادب",0
"دعلاء الاسواني لماذا يتحرش المصريون بالنساء اقرا المقال كاملا",1
"طالما انت مصدق ان الداخليه كانت بتغطي حماده مش بتعريه ولا تسحله انا كمان هاصدق انكو بتبعتو ناس تغتصب البنات في التحرير وتقتل الناس في كل حته",0
"توفيق عكاشه بيقول علي هيفا وليه ناشفه امال حياه الدرديري بتاعتك دي ايه يافلاح ميت الغرقا ياحماررر",0
"بيقولك اعرف بلدك القاهرهلقا الاديان في مربع واحد هكذا اراد الله مصر واهلهاامنين باذن الله اخوان ابليس",0
"يجب ان نبدا حمله توعيه لحث الناس علي التصويت بكثره لان ذلك ف",1
"تحذيرات قوات الامن لسكان رابعه والمتظاهرين قبل فض الاعتصام الساده المحترمون",0
"مصطفي حسني الطريق الي الله ناو",1
"جواز الصالونات العريس والعروسه زي البطيخه يا تطلع قرعه يا تطلع حمرا",0
"اذا صدق خبر تاجير الانقلاب الاهرامات لشركه صينيه ستكتمل كل اكاذيب وشائعات اعلام العار ضد مرسي الي حقائق وفضائح نفذها الانقلاب",0
"اؤكدلك ان الاخوان امبارح في اسكندريه كان معاهم كل انواع الاسلحهمش سلميينالاخوان مجموعه ارهاب",0
"البنزين دونت ميكس ويذ الكحول زي الضمير دونت ميكس ويذ الاخوان مرسي اول انجليش مرسي اول ذي تايم",0
"حزن عظيم مسني بالامس وانا اشعر بمواطنينا الاقباط يشكرون كل من حضر للكنائس لتهنئتهم باعياد القيامه وكانه قام بعمل استثنائي او غير اعتيادي",0
"حق شهدائنا يضيع بشكل منظم نظامنا القضائي عاجز عن القصاص والجهات التشريعيه والتنفيذيه لم تدعمه ومحاسبه كل من قصر في جمع الادله ضروره",0
"في مواجهه نظام الملالي المجرم فالحل الوحيد هو الصمود والنضال ضد غاصبي حق سياده الشعب والعمال والكادحين عيد العمال اي",0
"فالقيه في اليم ولا تخافي ولا تحزني انا رادوه اليك وجاعلوه من المرسلين هذه الايه تبعث الامل ل",1
"كيف يمكن مسح الشرائط التي سجلت جرائم العادلي لماذا كان العادلي يضحك بسعاده اثناء محاكمته اتمني الا تكون اجابه السؤالين واحده",0
"تكاليف محاكمه مرسي تتجاوز 50 مليون جنيه الانقلاب انفق 50 مليون جنيه لمحاكمه في زمن لم يتجاوز 50 دقيقه والشعب بيشحت",0
"قرارات الرئيس انقلاب علي الديمقراطيه واحتكار كامل للسلطه وطن يبحث عن حلول يدفعه رئيسه لمزيد من المشكلات الثوره لن تقبل ديكتاتورا جديدا",0
"تحياتي يا بلد",1
"هننضف لو بطلنا نحكم علي الناس من شكلهم و لبسهم و تمن خروجاتهم و انهم بيعرفوا انجلش ولا",0
"طيب طالما الاكل بقي فاحشه يا ريت عمرو اديب يفسرلنا ازاي لميس الحديدي كانت في حمله جمال مبارك و هو واقف برنامجه",0
"في عالم موازي اي خول من دول يتمسك في الشارع يقلع ملط و يركب الحمار بلشقلوب و نزفه ف العشوائيات",0
"يامبرراتي ياللي مش مكسوف من نفسكماكانش حد هيفتح بقه لو رئيسك قال من الاول انا مااشتغلتش مع ناسا مباشره ولاعمري رحتها كنت في جامعتي بس",0
"عن الذين ورثوا الهرم المقلوب للظلم الاجتماعي اعدلوا",0
"نموذج علي مدي عبث القائمين علي امور البلاد اخوان مرسي مصر",0
"لما يتم تفجيرات لمدارس البنات في افغانستان تحت دعوي تعليم البنت حرام يبقي ارهابي",0
"ورضيت اعيشلك انت يا حبيبي كفايه ان انت حبيبي عمرو دياب",1
"عيد الام يكفيني بقاء امي حين يغيبون و حب امي حين يتغيرون و قلب امي ان غابت قلوبهم وهم حاضرون",1
"خطاب مرسي بميدان التحرير كان موفقا وقسمه الرمزي ضروريا وتاكيده علي ان الشعب مصدر السلطات وعلي الدوله المدنيه الديمقراطيه وحقوق المواطنه جيدا",1
"الحضيف الجبان يرتوت لتغريده يتهم فيها الملك عبدالله بالارهاب ثم يقوم بحذفها رتويت الارهاب",0
"عزله الانقلاب عالميا تتزايد وكل دول العالم تمنع مواطنيها من الذهاب الي مصر حتي حقراء الخليج من ممولي الانقلاب يمنعون اهلهم",0
"اللي يشوفك يتمني يكون مثلك واللي يعرفك يحترمك ويحبك واللي يسمع عنك يتمني يقابلك حاول",1
"ساصوت بلا علي تعديلات دستور سقط علشان نعم ستدخلنا في متاهه سياسيه ودستوريه وهي انتكاس للديمقراطيه",0
"بمناسبه رمضانيات 3 استنوا ف رمضان فقرات ومفاجات كتير عالبيدج 5 3 وحملات و حاجات",0
"قبضت كام من ساويرس كله في ال فسسسسسس",0
"اذا اجريت الانتخابات بنفس القضاه والضباط الذين اشرفوا علي التزوير بنفس النائب العام مع احاله من يعترض الي محاكمه عسكريه النتيجه معروفه",0
"حوار الطرشان",0
"اليوم مرت اسابيع علي مذبحه رابعه و النهضه التي تشبه في بشاعتها مذابح صابرا و شاتيلا و سربرنتسيا و سبتمبر لا يفعلها ا",0
"قطر ترفض تسليم 28 شخصا من قيادات الاخوان المسلمين ما اجملها من تهمه وما اعظمه من موقف شكرا",1
"ثمانون عاما ويزيد وانتم بين ممنوعه ومحظوره ومطارده وارهابيه وصاحب القرار دائما طاغيه اذن انتم اهل الحق امام كل سلطان جائر انصاف الاخوان",0
"الاصرار علي الاستفتاء في ظل وطن ممزق وغليان شعبي وغياب امني وقضاء معطل واعلام محاصر هو انعدام للاحساس بالمسؤوليه نحو مصر",0
"ماكنتش متخيل ان اعاده نشر تعريفات الجاموس المحيط علي تويتر بيخليها تنتشر كده مع اني كاتبها من 2005 ومابعدهكل يوم هانزل شويه كده باذن الله",0
"نفسي ارجع لايام كانت الحاجه الوحيده اللي مش تخليني اعرف انام لما يبقي عندي رحله في المدرسه تاني يوم ذكريات مدرسيه",1
"وزير البياده نائم داخلها قرعه المونديال في القاهره وليست في الاقصر كما قال الكذابون",0
"الكلاب اوفياء رجاء عدم اهانتهم",1
"الاعلامي المحترم يوسف الحسيني يطالب باعاده فتح التحقيق في حريق مسرح قصر ثقافه بني سويف2005",1
"من اجمل ماشاهدت في حياتي اكبر نجوم هوليود وهما عالمسرح بيتجمعوا لقرايه كتاب هوارد زن عن التاريخ الشعبي لتوصيله للناس",1
"احسن ميلف في مصر فيفي عبده الام المثاليه",1
"عايز اقولك بحبك من زمان جدا محمد محسن",1
"اما ان عبد الجليل الشرنوبي كذب او محمد مرسي كذب شوف كده مين اللي ليه سوابق في الكذب واخلاف الوعود واحكم براحتك",0
"مصر دوله بس مش اوي الماده الاولي",0
"عاده لا اعلن عن مواقفي السياسيهلكن كله الا الدستور في كلمه واحده مهزلهو لو وصلنا لمهزله الاستفتاء حقول لا",0
"فساد في بعض المستشفيات الغير خاضعه للرقابه",0
"ايها المتطرف في اي مكان في العالم اسحل المسلمين كما تشاء وان لامك احد فقل له هل يرضيك ماحدث للشيعه والبهائيين والمسيحيين في مصرقانون الغابه",0
"عرض الاسبوع 10 الاف متابع درر حكم حكمه حكمه ابيات النصر الهلال الفتح كلمات كلمه بوح الاتحاد 2287315",1
"الوطن العزل والرئاسه عمرو حمزاوي",0
"محافظ القاهره ازاله العقارات المخالفه بالقرب من المحكمه الدستوريه لحمايه المواطنين",1
"سليمان خاطر بطل",1
"حبس الصحفي اسلام عفيفي بتهمه اهانه الرئيس امر مشين ومرفوض وهو اسوا ما يمكن ان يبدا به الرئيس مرسي ولايته اين وعود الرئيس عن حريه الصحافه",0
"كنت اكره القراءه و حولني الي مهوسه بها حولت البيت الي معرض الكتاب ممتنه لك جدا استاذي",1
"جلال عامر الغائب الحاضر",1
"افلاس التليفزيون وصل مداه الغلابه من عمال وموظفين واعلاميين يدفعون الثمن والملايين موجوده لدريه وشلتها",0
"لا حدود لانحطاط اولئك الذين يروجون ان اهل غزه يريدون احتلال سيناء اي نوع من الاحذيه في جماجمكم وجماجم من يصدقكم",0
"المناضل حمدين صباحي سيظل يناضل ويناضل حتي يجد نفسه محكوما عليه بالاعدام بتهمه ممارسه النضال في مكان عام وبكره تشوفوا",1
"الثوره المصريه وحدت المصريين في نسيج واحد تكاتف المصريون جميعا لاسقاط النظام وحموا بعضهم بعض في ظل غياب امني كامل",1
"اخطر انواع النساء الخارجيات الحروريات اللاتي تجردن من الخلق والانسانيه والانوثه",0
"احلي حاجه في الحلقه رجعوا الجماهير",1
"د ابو الفتوح مشروعي يتركز في اربعه محاور اولها الاهتمام بالتعليم والبحث العلمي لان هذا هو الباب للتقدم ونقل",0
"شايف طريقي اخره نور و مش انا اللي اعيش مكسور و لو ماوصلتش برضو عادي هاعيش حياتي و هافضل راضي كاريوكي من الروائع",0
"وصل الامر بمصر نائب كويتي يقول لرئيس مصر علي الهواء يا شحات مهانه ما بعدها مهانه رئيسنا شحات يا انقلاب العار يا اعلام العار",0
"هي سما المصري تتحسب مع البني ادمين ولا ايه النظام ارف",0
"هذي مصر العمود الفقري للوطن العربي",1
"صوره جميله لعشب استاد الامارات ارسنال",1
"اليس الحب هو ان انظر الي وجهك الجميل فاشعر انني امتلكت كل الدنياو انت كل دنياي كلام في الحب مصر الامارات فلسطين البحرين السعوديه",1
"لو بقيت رئيس جمهوريه هموت السيسي ومرسي وكل اللي هيجيب سيرتهم برضه",0
"وكان حصار المتظاهرين واستئجار البلطجيه لضربهم وقتلهم ومنعهم من العلاج كان كل هذه الجرائم لم تحدث ولم يرتكبها احد يا للنفاق الرخيص",0
"احبك ربي جميل الصفات كريم العطايا وجزل الهبات فانت الرحيم اللطيف الحليم واول حب يلم الشتات احبك ربي",1
"شاهر المؤمنين عالم رياضيات اردني ينضم الي قائمه اهم علماء الرياضيات عالميا نفتخر بعلمائنا مبروك للاردن ا ردن",1
"حاميها حراميها",0
"لاحظت المصادر تقدم واضح في اسلحه الجهاديين في سيناء واستخدام مضادات للطائرات والمدرعات استخدمت في مواجهه الجيش ومواطني المد",1
"فيلم نفسك تعيش قصته",0
"لمن هذا القانون هل قريبا ستبيعون مصر ونصبح نحن ماجورون في بلادنا وربما نحتاج كفيل عدلي منصور محلب",0
"اوقفوا الفحم في مصر",0
"قلب الوطن مجروح لا يحتمل دين ام عسكر منير",0
"شكرا كلامك كان رائعا",1
"الشروق غدا محافظ الغربيه يفتتح المعرض السنوي للانشطه التربويه يفتتح اللواء محمد نعيم محافظ الغرب مصر",0
"انعي الي كل مصري وكل عربي المناضل زكريا محي الدين الثائر ورجل الدوله من حجز مكانه في انصع صفحات تاريخنا المعاصر رحمه الله والهمنا الصبر",1
"تحيا مصر سانتخب السيسي",1
"عيد الام ام صينيه 97 سنه تعتني بابنها 60 سنه المصاب بشلل رباعي منذ 19 سنه هو قلب الام مهما تقادمت بها السنون",1
"لا سكر ولا زيت ولا غيره ومن يكتب هذا يردد كلاما فارغا وبالمناسبه سادعو قريبا لجمع تبرعات لقسم الحروق بجامعه اسيوط وهو في حاله سيئه جدا",1
"كلما كرر حزب النور افعاله الوضيعه كلما تذكرت الفعله الحقيره لممثلهم البرلماني البلكيمي",0
"النادي الاهلي هو النادي الرسمي للدوله الماده لاولي",1
"من المؤسف ان يتراجع الرئيس عن وعوده لقد وعد الرئيس مرسي المصريين باصلاح تشكيل لجنه الدستور وهاهو يتراجع عن وعده وينقض العهد شيء معيب",0
"هجوم البلطجيه تحت حمايه الجيش والشرطه انطلق في بورسعيد والزقازيق وبنها جرائم جديده في ملف عصابه الانقلاب الملف اكتظ وفاض",0
"والد جيكا هو اللي كان داخل مع حمدرين يوم تسليم التوكيلات واحد مننا",1
"المصري بيقول حزام ناسف و الشروق بيقول سياره مستفخخه و الاهرام بيقول شنطه مدارس قوم اوقف ونتا بتكلمني",0
"اللہم اجعل قلوبنا رقيقہ من خشيٺگ جميلہ بذگرڳ نقيہ بحبگ مصطفي حسني",0
"اسم فيلم بتحبه اسف علي الازعاج",1
"القبض علي ضابط امريكي متقاعد بالشيخ زويد وبحوزته وثائق وبيانات عن سيناء وجهات سياديه تبدا التحقيق معه",0
"5 من لا يوافق الرئاسه علي هذه الرؤيه ويعارضها مكانه الوحيد في السجون وغياهبها",0
"اردوجان مستمر في نهجه ويحاول ان يلوث المد الثوري المصري يوسف الحسيني الساده ال",0
"كان في الايه السابقه دليل علي ان الاقرب للواقع يكون الادري بالمصلحه بكفي حصار اضبطوا شركاء المخلوع اليمن قطر مصر تونس",1
"كل ضحكه من شفاتك تقلب الدنيا جنون انت للدنيا بذاتك فوق مالا يعقلون",1
"نفسي فيه و تفوو عليه فيفي عبده",0
"حركه كايدينهم مصر قول كلمه للسيسي وخد فولو هديه ياسيسي يا زعيييييييم سانتخب السيسي احنا شباب هنصوت للسيسي سوريا",1
"النصب التذكاري الحقير الذي يتم انشاؤه الان في ميدان رابعه سيكون اول شيئ يتم اسقاطه بعد اسقاط الانقلاب",0
"طرب تايم ذكري ياحبيبي وينك انت وين انا الكمان خرررررافي",1
"هل يتم تنفيذ القانون علي امراء السعوديه السجون في السعوديه مليئه بالاف المظلومين لمجرد انهم غير سعوديين وخصومهم سعوديون هل نحب لمصر",0
"اعلام العار ساند منتخب مصر في غانا لينسب الفوز لسيسي فخسرنا بالسته وتجاهل الاهلي كرها في ابو تريكه ففزنا بكاس",0
"عايزه اعمل مجتمع ربعاوي بعيد عن الفلول و اللي عايزهم فلول شعب بلا اخلاق ستحاسبووون",0
"اظن ان من افسد شيئا فعليه اصلاحه يجب اعلان الجماعه الاسلاميه والاخوان منظمات ارهابيه واصلاح ما افسدو",0
"1 عبدالله شعبك يحبك الملك اسال من هو في ملكه مقيم وفي جلاله عظيم وعلي عباده رحيم وبكل شئ عليم ان يشفيك",1
"نودع اليوم فقيد الصحافه المصريه صاحب الكلمه الحره الاستاذ سلامه احمد سلامه الي مثواه الاخير وهذا اقل ما يمكن ان نقدمه لقلمه المحترم",1
"شكرا جزيلا علي تعليقاتكم الجميله ويا رب يعجبكم الفيلم انتم كمان",1
"صدور قانون تشكيل الاحزاب دون اي حوار ونفس الحال بالنسبه لقانون مباشره الحياه السياسيه يقلص مضمون اي حوار وطني ويفقده جانب كبير من مصداقيته",0
"712 بصراحه طظ في اي جمهور زي حضرتك وده راي مش كره والله",0
"حمي الاعتقال فاقت الواقع والخيال",0
"كلما اقترب موعد بدء الحملات الانتخابيه كلما تغيرت لغه الحوار والخطاب بين الاحزاب والسياسيين واصبحت اكثر عنفا لفظيا",0
"الاخوان يطالبون الشرطه بالاعتذار لانهم غطوا عيني جمال صابر اثناء القبض عليه وماذا عن 80 شهيدا هل دمهم حلال لانهم ليسوا اخوانا سقوط اخلاقي",0
"امراض السياسه حين تؤلم شخصيا",0
"موقف محترم حذر الامير خالد بن طلال بن عبد العزيز عضو العائله المالكه بالسعوديه ان اجازه الخروج علي الرئيس مرسي",1
"يقين شاهد فيديو حكومه الببلاوي ومحلب اعطو شرعيه قانونيه للفاسدين ولم يعزلو فاسد واحد",0
"مفيش باسم",0
"انا لست روميو يرونا اقف مشدوها عاجزا و انت تطلين علي من شرفه انا احبك و لن اذهب انا احبك و سامد يدي اتلمسك لنبقي فلقد خلقنا لاحبك مصر",1
"هزه وسط صافيناز ب 110 الاف جنيه يلعن ابو التعليم",0
"اليوم انتصار للاسلام",1
"من غرائب الانقلاب كل ضيوف مصر من سياسيين واعلاميين اوروبيين وامريكيين يهود او اعداء للاسلام",0
"عمرو موسي وسامح عاشور ومني ذو الفقار في صداره لجنه الدستور البقاء لله في ثوره 25 يناير",0
"للمعلم كتاب موجز وممتع عن التعليم الالكتروني معرض الكتاب معرض الرياض للكتاب 2020",0
"لما يبقي اللي بينقلوا الاخبار للناس بالعقليه دي ازاي ممكن تثق في شبكه رصد دي وتسلمها عقلك قدره مدهشه علي خداع النفس",0
"بعد وصله من الاعلام الرسمي التحريضي خرجت علينا جماعه الاخوان بمؤتمر صحفي اكثر انحطاطاهما بيتنافسوا مع بعض",0
"من اكبر اخطاء ناصر اعدام سيد قطب الفكر يتم مواجهته بالفكر لا بالاعدام قتل صاحب الفكره من اجل فكرته يزيد هذه الفكره ان",0
"هدي عبد الناصر تدعو الي انتخاب احمد شفيق في مقال بالاهرام يا دكتوره هدي الا ترين الدماء علي يد مرشحك ما ابعدك عن مباديء ابيك يا خساره",0
"تكوين لجنه الخمسين جامل بشكل كبير القوي السياسيه علي حساب الشباب والاقباط الساده المحترمون",0
"ذلكم بانه اذا دعي الله وحده كفرتم وان يشرك به تؤمنوا فالحكم لله العلي الكبير غافر 12 احبك ربي",1
"كلام وكلام حمله لا اضحيه هذا العام تؤكد حب الاخوان للخرفان الساده المحترمون",0
"لولا الانقلاب لسارت عجله البناء والعلم والاقتصاد والحريات والقانون اسرع من احلامنا",1
"المفسد عادل فقيه عادل فقيه وزير للصحه",0
"شفت السماء فوقك تخيل مداها بنجومها باجرامها باللي فيها واللي خلقها من عدم واحتواها اني احبك حب غطي عليها تخيل",1
"القرداتي لو كان اخوان والقرد بتاعه مات الجماعه بتجيب له قرد استبن من المعصره عدد اليوم",0
"انا فعلا نفسي تحصل منظره بين حمدين و السيسي",1
"اداره مكتبه اسكندريه الوسخه فصلت عمر حاذق المعتقل في مظاهرات محاكمه قتله خالد سعيد الحريه للجدعان",0
"عندي قمر بسهر معاه عندي معاد وحبيبي لغاه كاريوكي",1
"نيويورك تايمز الانقلاب دراكولا يبطش بالصحافه",0
"الحد الادني والحد الاقصي فسسسسسس",0
"اذا حدث توافق حول المباديء العامه للدستور سيفقد المتطرفون اكبر اسلحتهم لابد ان يقنعوا البسطاء ان الاسلام في خطر حتي يفوزوا بمقاعد الحكم",1
"الطريق الي جماعه الاخوان المسلمين الارهابيه الاخوان جماعه ارهابيه",0
"المعني الحقيقي للوطنيه المعني الحقيقي للضحكه الصافيه باسم",1
"قضايا و ملفات اطباء الكبد الاصابه ب فيروس سي في مصر بلغت 200 الف حاله سنويا 80 منها تحدث من المستشفيات",0
"ايها الغيورون علي القانون هل سمعتم عن تهريب المتهمين الامريكان و14 الف مدني في السجن الحربي واعلان دستوري باطل يمنح الحكم للعسكراين كنتم",0
"شكرا قطر دوله كسبت احترام الشرفاء بمواقفها وذكائها من خلال وقوفها مع الشعوب فالكل زائلون ومن يبقي الشعوب",1
"الان محاضره عن الصحابي الجليل وخليفه رسول الله عثمان بن عفان ذو النورين اذاعه القران",1
"ا ا يا سلام روح ام النائب العام",0
"شاركونا علي تويتر يا شباب خلق جميل تعالوا ننشر علي الهاشتاج ده اخلاق نحب نراها في مجتمعاتنا و يتخلق بها",1
"بقي الخولات محمد عادل و احمد ماهر بتوع نشطاء السبوبه حمدين صباحي عايز يطلعهم كده عادي ونكرمهم كمان احا",0
"شباب الحمله ناشط في كل محافظه من اجل مصر المستقبل بارك الله فيكم معا سنغير",1
"اخلاء سبيل قتله الاربع بنات بتوع المنصوره عجبا يفرج عن متهم في جريمه قتل بكفاله ويعتقل غيره بدون جريره",0
"حكومه مصر توافق علي ترخيص 50 قناه تنصيريه بينما تغلق 20 قناه اسلاميه التنصير احسن من الاخوان",0
"نهب البنوك يسير بشكل يومي واموال الناس تتبخر علنا ولا يوجد مسئول في القطاع المصرفي يعترض او يستقبل",0
"يا عسكري واقف بالفرس علي جتتي لا انت البطل ولا انت فتوه حتتي يوم ما تقول هاخد البلد هقولك خدها بس علي جثتي ع",0
"بسمه امل من المستشفي اسعاد غيرك اسعاد لنفسك",1
"اللجنه التاسيسيه باطله والاعلان الدستوري باطل والدستور نفسه باطل والاستفتاء سيكون باطلا اقسمتم علي طاعه المرشد ونحن اقسمنا علي حمايه الثوره",0
"قال الرئيس المتصهين محمود عباس ان ما حدث ل اليهود في الهولوكوست هو ابشع جريمه عرفتها البشريه في العصر الحديث اخبار ف",0
"صامت علي الانقلاب مثل رجل شاهد خيانه زوجته فشرب عصير ليمون سئل ماذا فعلت قال عملو ليمون لنفسهم",0
"السيسي هو الكبش اللي هيدفع ثمن عوده الدوله من الاخوان ل الجيش وقبلهم نهايه مشروع التوريث وهيتصالحومع الاخوان براسه و",0
"انا بحب الرقاصات وهما فوق راسي انت نجس اصلا يا انتخبوا العرص",0
"سبحان المعز المذل قصه علي العريض من السجن الي وزير داخليه تونس",0
"الم يحين الوقت لعمل فيلم عن العملاق ابراهيم الرفاعي",1
"كم هي حقيره الشمطاء ميرفت التلاوي عدوه الاسلام تسخر من الاسلاميين لاختيار 2 فقط في لجنه الدستور قالت احمدوا ربنا اننا عبرناكم",0
"باحييكي من كل قلبي علي الكتاب الرائع المهم الجميل والغني بتفاصيله الحزينه والموجعه والمدهشهلو كان عصير الكتب موجود كنت احتفلت بيه",0
"طلعني انا كمان من المنشنكل اللي بتفكر فيه جنس ومخدرات الذعر الجنسي ده هو اللي ماثر عليكم",0
"سلامتك يا خليفه ان من حق ولي الامر علينا جميعا ان ندعوا له بظهر الغيب بالشفاء العاجل اللهم البس الشيخ خليفه ثوب الصحه ولباس العافيه",1
"الصداقه تزرع الحياه ازهارا مي زياده",1
"اتابع بسعاده واعجاب مئات المغردين الشجعان اسلوب شيق وخفه دم ورؤيه ناضجه واستنتاجات مذهله مواهب مصر كثيره يدفنها الفساد والواسطه واللصوصيه",0
"سلبت مني المناام و العقل توهته اتجنن",0
"الاخوان جماعه ارهابيه يجب التضييق علي اخوان الخليج فهم اذناب للتنظيم الدولي للاخوان ولا يقلون خطوره عن اخوان مصر",0
"ان الاوان ترحلي يادوله العكاكين",0
"4 من شباب تمرد وحركه 30 يونيو في لجنه الدستور وشباب 25 يناير الذين دعموا 30 يونيو غاضبون اشربوا يا اغبياء",0
"اللي حصل مع محمود شعبان في التحرير افترا عليه لانه ضعيف",0
"سيطره البلطجيه المسلحين علي الشوارع ليلا قتلوا ملتحيا امس في جسر السويس كارثه امنيه غير مسبوقه",0
"من انجازات الثوره العظيمه هو مشاركه الشعب في المعادله السياسيه ليؤكد انه اهم لاعب",0
"ثمان غارات بالطائرات ل النظام علي مدينه دومه وخمسه عشر علي المليحه في الغوطه الشرقيه نسال الله ان يرد كيدهم في نحرهم وان",0
"انتظرت في التعليق علي مقال فهمي هويدي حتي قراءه الجزء الثاني الذي نشر اليوم وللاسف ما طلبه هويدي لا يجرؤ اي انقلابي علي طلبه",0
"نتهم عصام العريان وحزب الحريه والعداله باحداث فتنه وقتل واصابه مصريين",0
"بالفيديو عكاشه والله هيفاء وهبي ست مش طريه واللي يتجوزها يبقي خد خازوق بوابه القاهره مصر توفيق عكاشه",0
"الطعم هنا للشعب الغلبان اللي نفسه يخلص من النائب العام يعني بيقوللك قول ايوه علي دستور معيوب واحنا نشيله وتلبس انت ابدي",0
"ميتين ام الناموس علي اللي متعاطف معاه ارحل",0
"بالنسبه للبنات الي لما بترتبط مابتكلمش ولاد دا محن صح بصوت عمر مجدي كفايه محن بقي",0
"لله الحمد تجوزنا 5000 محب و متابع لصفحه الاقصي متي نصل ل 10 الاف محب ومتابع تغريدات الدكتور عوض القرني",1
"الحديث عن انتخابات ديمقراطيه وتكافؤ الفرص في غياب حريه تكوين الاحزاب بمجرد الاخطارخلال الفتره الانتقاليه هو لغو واستمرار للفكر السلطوي",0
"ان دفن جثث بعض الشهداء دون فحص اسباب الوفاه يعتبر مشاركه في جريمه قتلهم مع اسرائيل هنا فلسطين",0
"الاعتداء علي الفنان خالد يوسف من قبل بلطجيه ابو اسماعيل يدل علي ان مرسي وجماعته قد انتقلوا بمصر من الدوله الي العصابه ستسقطون كما سقط مبارك",0
"يعتدون علي خالد داود صائحين يا بتاع جبهه الانقاذ يا كافر فليصمت زياد بهاء الدين و رفاقه عن حديث المصالحه و الا سنرد عليهم بحديث الاصابع مصر",0
"اسحبوا الوثيقه الدستوريه المشوهه نريد لجنه محايده تضع ميثاق شرف نلتف حوله جميعااولويتنا هي توحيد الصفوف وليس المزيد من الصدام والفوضي",0
"السلطه تمارس اجراما سياسيا ضد الفقراء",0
"ف مصر شخصيه مريبه متعرفش بيشتغل لحساب مين بالظبط اسمو نجيب ساويرس بيعمل قناه لجاسوس اسمه يسري فوده ليستضيف عميل برخصه اسمه جمال عيد",0
"الا مل هو تلك النافذه الصغيره التي مهما صغر حجمها الا انها تفتح افاقا واسعه في الحياه",1
"نبض الاخوان زواج امريكا من مصر باطل حشود هائله ل ثوار المطريه وشبرا الخيمه الجمعه 2 5",0
"التعذيب خط احمر لا اتصور ان احدا مهما كان عاقلا او نصف عاقل او خائف علي مصر يمكن ان يوافق علي التعذيب ولوجاء من الجيش ولو",0
"نت فودافون بيعلم الصبر",0
"خليكوا فاكرين ان 6ابريل دول كانوا بيقولوا مرسي عايز ياخون القضاء لما حب يطهره",0
"فعاليات توزيع البورشور امام المساجد و التوقيعات كانت رائعه و التجاوب كان استثنائيا سيتم رفع الصور بعد قليل",1
"منذ غرس بذرتها الشهيد حسن البنا ليسقيها بدمه صاحب الظلال ليتم الفتك ببطل اول صندوق انتخابي ديموقراطي وشعبيه الاخوان",1
"هدم واحراق المساجد والمنازل وحشيه لم يفعلها الاحتلال الغاشم الانقلاب تحول الي ابشع احتلال لمصر وشعبها",0
"يوما ما سيدرس اولادنا شجاعه المراه المصريه التي تجلت في الثوره صلابه بنات مصر مثل نواره وغاده كمال وسميره ابراهيم تجعلني فخورا باني مصري",1
"عن الروقان اللي كانت فيه دينا الوديدي ف اغنيه وحده خيااااال",1
"حمزاوي يؤكد احترامه للشرائع السماويه وتاييده ل المدنيه",1
"الاشتباكات اللي حصلت يتحملها الجميع لكن الخطا السياسي كان القرار بالدعوه لمظاهره مؤيده للرئيس في نفس مكان وزمان مظاهره معارضه",0
"علاء الاسواني يروي عن شباب الثوره اذا لم نعرف من اين ينفق الاخوان والسلفيون فلا شرعيه لاي انتخابات",0
"اذا تم العفو عن مبارك ونظامه فهذه رساله من الشعب الي الرئيس القادم تعالي اسرقنا واستبد بنا وذلنا كما كان مبارك",0
"نرفض التدخل في تشكيل الحكومه الجديده من اي جهه او حزب ونرفض اي شكل من اشكال الضغط علي قرارت عصام شرف",0
"الشهيد بيموت مره واحده و المعتقل بيموت كل يوم اللهم فك اسراهم انا مش رقم",0
"بلغه الملاكمه الرئيس الشرعي اسقط الانقلاب بالضربه القاضيه",0
"909 الف شكر",1
"لا ابدا انا مسرور من كلامك",1
"و القضاء بقي حلو دلوقتي عشان قفل قناه مش عاجبانا مش ده القضاء الفاسد المسيس بتاع مبارك اللي حل المجلس بقي فله دلوقتي",0
"اجمل ما رات عيني في معرض الكتاب",1
"حبيتلكن حب من غير حنان وصحبتلكن صحبه من مالهاش امان رحت لحكيم واكتر ولقيت بلوتي ان اللي جوه القلب مش ع اللسان عجبي صلاح جاهين",1
"خبراء زراعيون الشون الزراعيه سبب اهدار كميات كبيره من القمح وسعر الاردب غير مرضي للفلاح مصر",0
"ليس من الاسلام القتل والحرق واثاره الفزع والتعدي",0
"الفلولي مصطفي بكري ينسي اسم ولي امرهفيكتب ايوب بدل منصور اللهم لا تزد الانقلابيين الا ضلالا",0
"رحم الله الاستاذ سلامه احمد سلامه قلم الضمير والانسانيه والتسامح وحب المساواه تعلمت من كتاباته ومنه الكثير ستفتقده مصر في لحظه صعبه",1
"حفيد السلطان عبدالحميد مرشح للبرلمان التركي القادم بشعار رابعه تحيه لك مرسي رئيسي تركيا كلنا قطر",1
"شخص يهدد باستمرار الارهاب وعمليات القتل في سيناء حتي عوده مرسي اعتقد انه مدان بالقانون والسجن في انتظاره",0
"الاشتراك في الاستفتاء البائس اعتراف بشرعيته كل ما فعله مرسي باطل وغير شرعي ولا استبعد علي الاخوان تزوير النتائج انا مع المقاطعه الشامله",0
"مصنع الرجال وعرين الابطال صدعوا بكلمه الحق وجاهدوا بالنفس والمال تعظيم سلام للاخوان المسلمين حسن البنا",1
"كانوا مستكترين علي الغلابه دعم الاخوان وانهارده بيتفاخروا بكسوه الامارات للغلابه فعلا يهود ماسكين الاعلام في مصر",0
"مهزله اتهام هيثم محمدين بقلب النظم الاجتماعيه للدوله مصر",0
"اخر خاطر قبل النوم اكبر جريمه في حق الثوره وحق مصر هو ان نحرم انفسنا من الفرصه الحقيقيه التي دفع شهداء الثوره بارواحهم من اجلهاو مازالوا",0
"لا تكن امعه اذا احسن الناس احسنت واذا اساؤا اساتحديث صحيحولا يجرمنكم شنان قوما الا تعدلوا اعدلوا ذلك اقرب للتقوي",0
"دراما رمضان المصريه الكباريه الكبير",0
"من غادر سوريا بطريقه غير شرعيه لا يحق له انتخاب رئيسها الاسد الانتخابات السوريه",0
"عبد الرحيم علي اسالوا البرادعي عما فعله في العراق البرادعي طلع جاسوس باسم طلع حرامي تخابر خونه",0
"تبدا رحله الشعب المصري مع الحاكم بالثناء علي البطن التي انجبته وتنتهي بلعن اسفل البطن التي انجبته",0
"لان اقول سبحان الله والحمد لله ولا اله الا الله والله اكبر احب الي مما طلعت عليه الشمس اذكر الله غرد بذكر",1
"لازم كلنا نروح ننتخب اليوم لانها امانه وواجب وطني انتخب لتشعر بحق الملكيه في بلدك عمرو خالد",1
"ما اجمل ليل القاهره الساحره مع موسيقي رائعه و كتاب شيق مصر لبنان الامارات",1
"احمد موسي ما استطاع الرد علي باسم يوسف وقد جعله مسخره المصريين ويتطاول فقط علي الرئيس المنتخب من شعب مصر",0
"الدراما المصريه في تقدم مبهر مسلسل نيران صديقه راااائع جدا جدا",1
"الفيلم دا كان لازم ياخد الاوسكار بجد",1
"وحده الكيانات العربيه هي جزء من امنك القومي وحفاظا علي وحده كيانك ان لم تعي ذلك",0
"كتر خيرهم فعلا بيصلحوا غلطه مش بتاعتهم",1
"لم اتحدث مع ال خلال الايام الماضيه علي الاطلاق والخبر المتداول علي بعض المواقع والمنسوب الي بشان تطورات الاحداث في مصر كاذب ومفبرك",0
"انصار المعزول تعدي بالضرب والتعذيب علي الصحفي بجريده فيتو محمد ممتاز",0
"يا له من عالم مزري تويت بخطك",0
"مراسلنا من الاسكندريه صدقي صبحي القوات المسلحه ستظل دائما الدرع الواقيه لهذا الشعب العظيم",1
"يضاف اليهم البرادعي ضمير الثوره طبعا",1
"مش كل معارضتك فلول ولا انتهازيين يا مرسي طمن شعبك بلاش تعمل ودن من طين وودن من عجين الاخوان حيغرقوك",0
"الافلام الجديده لمذبحه رابعه اقدمها للسفير ابراهيم يسري ليعيد التفكير في مبادرته ولكل من يفكر في عمل مبادره جديده",0
"تحيه لبعثه مصر البارالمبيه التي حققت انجازا غير مسبوق وقدمت لنا درسا في تحدي المصاعب لرفع اسم مصر عاليا شكرا لكم وحمدا لله علي سلامه عودتكم",1
"ببساطه هذا الدستور بني علي باطل ولذلك فهو حتما سيقود الي باطل مرسي كذب علي المصريين من اجل تمرير هذا الدستور ولا يمكن ان يفلح من يكذب ابدا",0
"انتخبوا العرص هذا مافعله العرص في اهل مصر",0
"انقطاع الكهرباء كانت الوجبه الرئيسيه لبرامج العار علي قنوات الفساد في زمن مرسي الانقطاع تفاقم اكثر والاعلام صمت القبور",0
"ما اجمل ان استيقظ علي صوت دعبدالمنعم ابو الفتوح في اول محادثه بيني وبينه وهو يقول لي محدش يقدر يجي جنبك ده انتي زي بنتي",1
"تحيه لرئيس جمهوريه فنزويلا الذي انحاز بقرار اعاده سفير بلاده للقاهره لثوره مصر واراده شعبها واكد علي متانه وعمق العلاقات بين الشعبين",1
"مصر القويه 11 حذرنا من خطر تحول سلطات الدوله لمجرد سند لسلطه عسكريه لا تفهم سياسه ولا تعي معني الدوله ومهامها وحدودها خارج فكره حمل السلاح",0
"الرئيس وجماعته يدفعون بمصر الي مرحله ظلاميه بامتياز قرار ديكتاتوري بالاستفتاء علي دستور باطل يقسم المجتمع ثم حصار للسلطه القضائيه لتعويقها",0
"كل عام و انتم بخير تقبل الله منا و منكم صالح الاعمال",1
"اللي متصور ان حل مشكله الصحافه الحكوميه بانك تجيب حتي ملايكه رؤساء تحرير يبقي غلطانوالدليل كتاب صباح حمامو يوميات صوحفيه في الاهرام",0
"علامه الصرصار بدون تفويض تمكن السيسي من قتل 230 شهيد واصابه 896 واغلاق عدد من الفضائيات والصحف واعتقال",0
"بعد تدمير الانقلاب لقريه دلجا في المنيا دمروا واحرقوا وسرقوا قريه العتامنه في سوهاج انتظروا غضب الصعيد",0
"ابتسم فلتلك البسمه الصغيره اثر كبير في اسعاد قلوب ا خرين",1
"مني سيف لا للمحاكمات العسكريه للجواسيس اللي بيتعاونوا مع اسرائيل تويت كانك ناشط ايام حرب اكتوبر",0
"المصري احسن واحد تزنقه في الوقت يشتغل اه والله",1
"مصر حسمت هويتها منذ مئات السنين بانها دوله مسلمه وعربيه وقبل ذلك بانها ام الدنيا التي تفتح اذرعتها للجميع وتتواصل مع كل الحضارات",0
"رجل اكرمه الله بمصاهره اكرم خلقه مرتين زهد في امواله وتجارته طمعا في مرضاه الله كانت الملائكه تستحي منه عثمان بن عفان رضي الله عنه",1
"اخص بالشكر د محمد البلتاجي الذي المت به ازمه صحيه لجهوده في تجميع الصف الوطني لتاسيسيه الدستور واسالكم الدعاء لرجل وطني بحق",1
"قلمين عقب اسبوع من محمد محمود المجد لابطال محمد محمودهتفضل مصر شايله جميلهم دائما وابدا",1
"واضح ان الناس اللي ساكنه في 6 اكتوبر بتروح مدارس وتشتغل في القاهره والجيزه وده سبب كافي لزحمه رهيبه",0
"يحرم علينا شربك يا جوزه روحي و انتي طالقه ملكيش عوزه محمد محسن",0
"من اعظم نعم الله عليك ان يقضي حوائج الناس علي يديك فاكر اخر انسان ساعدته",1
"78 ثوره طبعا وسيبك من كذب الاخوان والفلول",0
"شبكه رصد الاخوانيه بتسلم ابنها عمر فراج تسليم زفر وبيقولوا انه جاسوس لتركيا ويقولك احنا اخوان سلملي علي اخلاق الجماعه مصر فلسطين",0
"بدون استعاده الامن وتصحيح المسار سنظل ندور حول انفسنا غارقين في الصغائر غافلين عن التدهور الاقتصادي والاستقطاب الاجتماعي",0
"في جولتي اليوم بمدينه بدر اسعدني بشده لقاء المواطنين من عمال المصانع الذين يمثلون قاعده عماليه حقيقيه تسهم بشكل فعال في تنميه الدائره",1
"الليله عبد الرحيم علي يذيع تسريبات جديده ل البرادعي علي القاهره والناس العاشره مساء البرادعي خاين باسم حرامي نشطا",0
"مثلهم مثل انصار مبارك وانصار كل مستبد يتصورون مشكلتهم مع الكتاب والاعلاميين ثم يفاجاون ان مشكلتهم مع الواقع الذي امتلا بالمظلومين والمحبطين",0
"مظهر شاهين و الهام شاهين برنامج العلم والايمان وهي دي مصر اللي هما عاوزينها ممثله بتقدم مشاهد خليعه يستضيفها رجل دين يكرمها",0
"الفكره رائعه وكلما تعملوا ترتيبات ليها ابعت لي منشن عشان انشرها وبرجاء عمل قسم خاص لحمله الارباع المخرومه اللي تستحقها الاداره",1
"الوطن الخارجيه تدين الاعتداءات الاسرائيليه علي المصلين في المسجد الاقصي",0
"الاعداد في مسيره مدينه نصر جباااااااااره تذكرني ب يناير",1
"وهذا ماقلته اليوم مع محمود سعد لمن اراد ان يدرك حقيقه اكذوبه الاستقرار الذي يروجون لهتصبحوا علي خير",0
"اجرا سيده في مصر تعليقا علي مجزره رابعه العدويه",1
"قتلوا وحرقوا واصابوا واعتقلوا ولاحقوا وطردوا واهانوا وشوهوا كل الشرفاء كلنا غدا في الشارع احشد اغسطس لاسقاط الانقلاب",0
"مصر مش تكيه يا هاشتاج يا ابن المثاليه",0
"والغاز مش مدعوم يا انسان وماذا عن الاسمنت والحديد والاسمده واضح انك تفهم اقل من الحيوان",0
"نزلنا ناييدك ومفيش حاجه اتغيرت وبقينا مسخه للعالم",0
"من لا يحترم السلام الجمهوري لبلده كيف له ان يكتب دستورها",0
"ويبقي دائما السؤال لما انت جامد قوي ومفترض ان المعارضين بيموتوا بغيظهم شاغل نفسك بيهم ليه ما بتستمتعش بحلاوه انجازاتكالاجابه لانك فاشل",0
"لبست ثوب الرجا والناس قد رقدوا وقمت اشكو الي مولاي ما اجد وقلت يا املي في كل نائبه ومن عليه لكشف الضر اعتمد",0
"عن جواز الصالونات اللي بيتعب الاعصاب",0
"امارات الندامه تفرض شروطها لاستمرار دعم الانقلاب قبل اربعين سنه كانت اكبر امنيه اي بدوي منهم انه يزور مصر منك لله يا سيسي",0
"ان ذكر الرحمن يذهب الاحزان احبك ربي",1
"دور رائع ومفاجئ لنساء مصر في المظاهرات شبابنا ونساءنا يستحقون الصداره ان شاء الله بعد سقوط الانقلاب",1
"لماذا لم يذهب الرئيس الطرطور الي جنازه لواء الشرطه لو كان مرسي كانوا مسحوه",0
"لمن كان يسال عن عنوان ديوان شيبان الذي يقام فيه درس الاثنين الفحيحيل قطعه 9 شارع المخفر انشر الكويت",0
"بعد ان اسقطت الثوره عنهم الحصانهالاخوان بجهلهم جلبوا التعاطف لبعض اعضاء مجلس مبارك العسكري المتهمين بالفساد و صعبوا",0
"2050 لا يا سيدي كنت موجود وهذا اكبر دليل ان هؤلاء المسلحين من داعمي الاخوان اللي كفرونا وهاجمونا في كل مكان ساعتها",0
"هو اللي عيونه ندوني مالعالم كله خدوني",1
"اشتموا و قلوا ادبكم كمان وكمان خلينا نتعرف علي اخلاق الاخوان الاخوان جماعه ارهابيه الاخوان قتلوا ماري ومياده الاخوان",0
"تحدثوا عن اي شيء المدارس بالمجموع والكليات بالواسطه والجواز بالفلوس والصحوبيه بالمصلحه",0
"من عيوب تويتر الكثير من ردود الافعال والقليل من الافعال الانشغال بشكل مبالغ فيه بالاحداث اليوميه عن التخطيط للمستقبل",0
"السعوديه الرياض الامارات دبي الجبيل تسويق 11 09 54",1
"اثبتت تجارب علميه ان مضمونا كالذي يقدمه رامز جلال يفسد الاطفال و ينخفض بمستوي ذكائهم و لهذا تمنعه دول متحضره",0
"هذه مصر عز و فخر لهذه الامه",1
"مسيره جت من التحرير في طلعت حرب وصلوا ميدان طلعت حرب وبيهتفوا بحماس جديد يا غراب يا معشش انشكاح",1
"انتهاكات الانقلاب القمعيه في جامعه الاسكندريه وصلت مداها باصابات واعتقالات انقذنا يا عزيز يا جبار من طغمه الاستعمار",0
"دباسم يوسف عمل برنامج البرنامج و فسسسسسس",0
"انا مش فاهم واحد عنده اكتر من عشرين الف متابع لمجرد انه حاطط صورتي و محور في اسمي ريبورت و سبام من فضلكم",0
"عندما تغيب الدوله او تعمل فيها عبده العبيط تصبح القاعده التي لا بد من اتباعها من جاء ليعمل معك المعروف فافعل معه المنكر",0
"واصبح تفجير البيوت وحرق عشش الفقراء اعمال قتاليه في نظر الجيش المصري سيناء مصر",0
"ده فيديو اوضح للناس وهي بتفتح المدرسه علشان تخرج الامن منها",0
"شاهد اخر كلام جمعه الغضب لا تزال في الذاكره",1
"1540 عقاب المخرب هو القتل عند الحقراء عديمي الانسانيه فقط كفايه هذا المنطق الدنيء بتاع الحيوانات عقاب المخرب ليس جريمه قتل",0
"من اقوال شيخ المعلقين محمد رمضان ماجد عبدالله لابد ان تكون هناك قناه رياضيه متخصصه لنجوميته وابداعه تقديرا لتاريخه المجيد لوطنه ولناديه",1
"الاعلام الحكومي المنافق يقول ان الذين اعتدوا علي المتظاهرين اهالي عاديون هل اصبحت زجاجات المولوتوف من مستلزمات المطبخ في العباسيه",0
"احيي قواتنا المسلحه والشرطه في سيناء لقيامهما بتعقب المجرمين طالبا الا يقع منهم اي مظالم علي اهل سيناء الوطنين حراس الحدود الشرقيه لمصرنا",1
"يالله فورا اول ما استعيد السيطره علي الدي ام نتفق بالكتير علي يوم الاربعانت واحشني جدا",1
"لم اهاجمه بل احترمه ولو كان له اخطاء فهو بالتاكيد شخصيه تحترم",1
"دول اوروبا اوقفت رحلات شركاتها الي مصر شركات التامين ترفض عمل وثيقه للمسافر بكره تشوفو مصر",0
"احناا الصوت ساعه لما تحبو الدنيا سكوت كاريوكي",1
"منهج الانقلاب قتل وقمع وسجن اي معارض اعلام فاسد وقضاء مسيس ارتفاع للاسعار واقتصاد ينهار عزله دوليه وشحاته خليجيه",0
"كل الدساتير الماضيه سقطت لانها لم تكن وفق اراده مجتمعيه الساده المحترمون",0
"اوقفوا الفحم",0
"وفشلت ثوره الانترنت زي ما فشلت ثورات كتير",0
"انت قصه عشق لا يفهمها الا النجوانيون هلا فبراير",1
"رضاك يارب كلمتين وبس",1
"281 اعتقد انك لو مقتنع بالكلام ده يبقي دي مشكله من نفس النوع لو انتم ملايين يبقي روحوا اعملوا عصيان مدني ورينا",0
"صباحي عدلي منصور اصدر قانون التحصين لخدمه الفساد اي كلام وتشكيك المهم يوصل للكرسي",0
"اتابع ما يحدث اليوم وساعلق عليه خلال الساعات القادمه وحزب مصر الحريه يصدر بيانا الان",0
"الكوت تويت من غير فولو يعتبر هتك عرض الكتروني وشكرا دستور تويتر",0
"خامس مره فيه بيان ادانه او استنكار او تعزيه صدر عن الاخوان فيمن مات او اختطف او عذب من الجند والعمال والاهالي غيرالاخوانج",0
"د علاء الاسواني ماذا يريد انصار الاخوان من اسكندر طوس اقرا المقال كاملا علي هذا الرابط",1
"انكار سالم عبد الجليل صاحب فتوي قتل الجيش للمتظاهرين علي قناه الجزيره لاقواله لن يبرئه عند الله ولا عند الناس",0
"يا انصار شفيق الحكمالاجرامي للاخوان لا يعني ابدا ان يحكمنا شفيق صبي مبارك اذا دعمتم شفيق فالاولي بكم تدعيم جمال مبارك لانهما واحد فكروا مره",0
"خليك مصدق ان فيه ثوره في العالم قام بيها وزير دفاع ووزير داخليه هبل وهطل شعب",0
"بعد فضيحه التعاقد مع شركه اسرائيليه لحمايه قناه السويس مصطفي بكري يؤلف كتابا عن دور الاخوان في المهزله",0
"احنا اسكندرانيه ونعجبوك",1
"هل الحروب الصليبيه التي ارتكبت ابشع الجرائم باسم المسيحيه تجعلنا نعادي كل المسيحيين في العالم انا اعادي الافعال السيئه ولا اعادي الديانات",0
"فاتوره فودافون الشهر ده اوووووووووفر ايه ده ده انا لو فاتح خطي علي الصين ما تجييش نص المبلغ ده طب مش دافع",0
"المجد لشهداء محمد محمود الذين سالت دماؤهم لتروي شجره النضال",1
"انغام وزيره البهجه علي راي بلال فضل",1
"ايه الشياكه دي يا واد اكيد اختك مش نازله النهارده ايه ده عرفتي ازاي ما انت لابس بنطلونها هتنزل هي ازاي استرجل",0
"اتفرج ياسلام صلاح جاهين ومحمود السعدني في بروجرام واحدرحم الله الجميع وجزاهم عنا وعن مصر خير الجزاء",1
"تهنئه من القلب لكل مصري ومصريه باقرار حق المصريين في الخارج في التصويت كلنا مصريون",1
"عايش معاك ايام مفيش في جمالها زي الملاك دي اقل كلمه بقولها بحبك عمرو دياب",1
"في وجود الببلاوي الفاشل تزداد معاناه المواطن في مصر بعد حادث قطار دهشور",0
"بنحط جزء منها علي تويتر لكن نص البيان بيكون علي الفيسبوك او علي الموقع 2011",1
"تحالف الاخوان الانتخابات الرئاسيه باطله لان مرسي مازال رئيسا مصر ميدان التحرير",0
"الحب هو ان تشبع حبيبك اهتماما قبل اشباع رغباتك",1
"الي كل مناصري الاخوان لا يستحق مرسي ان تبكوا عليه لحظه واحده لا تفرطوا في نقطه دم واحده من اجل هذا الكذاباتقوا الله في بلدكم وانفسكم",0
"يسقط دستور جمهوريه مرسي الاخوانيه",0
"وائل جمعه صخره الدفاع المصريه",1
"الماده التاسعه واسباب اخري لرفض مسوده مبادئ الدستور 1 عمرو حمزاوي بوابه الشروق",0
"اعمل تويته علي تغيير بامبرز البت ييجي الرد زي الريتويت اللي فاتتفعلا بياكلوا بيبي ع الصبح",0
"اوعي تقول عسكري غلبان هوا و سيده فضوا ميدان الداخليه بلطجيه",0
"الراجل بتاع الامن بينف بمعدل نفتين كل دقايق فتحنا الشبابيك عشان السقعه راحت واشتكينا مرارا وتكرارا ليه عموم الشعب معفن",0
"حين يكافئ من تفوه بعبارات كراهيه وعنصريه ضد المسيحيين بتعيينه في لجنه الدستور و حين يخرج من مزق الانجيل بكفاله فلا تندهش مما يحدث الان",0
"مااحلي شعارك ومدافعك ياقنرررزز ارسنال",1
"السيسي جاب كريمه الحفناوي و اخريات اتصور معاهم انتخبوا ابن الصهيونيه",0
"وهذه الاحداث من شانها ادخال البلاد في فوضي وفتنه طائفيه و دفع المجلس الاعلي الي اتخاذ قرارات تعطل عمليه التحول",0
"حرق الكنائس وقتل الناس وتعذيبهم وقطع اصابعهم والقاؤهم من فوق الاسطح وذبح الضباط كل ذلك في نظر الاخوان من حقهم والا اعتبروا انفسهم ضحايا",0
"عبد المنعم ابو الفتوح اعداء المصريون في الخارج والداخل يدبرون مؤامرات لاجهاض ثوره يناير",0
"48670715 قلت واكرر المجد لعاصري الليمون لان وجودهم علي راس معارضي مرسي الان هو ماينفي عنها تهم الفلوليه",1
"شايفين العيب و الغلط ومبنسالش حتي ليه وكل واحد بيقول هو يعني بايدي ايه كاريوكي",0
"دعوه الصائم لاترد يا رب عنا علي انفسنا يا رب و اغفر لنا يا رب فانت اهل الرحمه و المغفره يا رب",1
"70 لا يستطيع ان يجزم احد مدي تعب الحمار سوي الحمار نفسه لذلك ارجو الا تكون متاكد من كلامك",0
"عا امن الوطن ساهر بنحيي العميد ماهر انا وياك",1
"بعد صدام الشرطه بالنيابه في سوهاج شعار الانقلاب الجيش فوق الجميع والشعب مالوش لازمه",0
"الصلاه في الاقصي تعادل صلاه هذا ثواب الصلاه فقط لكن ثواب الوصول والجهاد ومقارعه اليهود لا يماثلها ثواب واجر",1
"باقي علي رمضان 69 يوما تقريبا وتبدا القصه الجميله وتعلو المساجد باصوات التراويح اللهم بلغنا رمضان لا فاقدين ولا مفقودين",1
"حمدين صباحي لو بقي رئيس هيوافق علي قانون التظاهر وغلاء الاسعار والكهربا والغاز وبكره يشيلو دعم السولار بطلو فتي وافتكاسات بقي",0
"ومازالت الحفله مستمره بعنوان باسم طلع حرامي",0
"البقيه في حياتك كان راجل عظيم",0
"الاخوان ذهبوا مهرولين ليكونوا راعي المشروع الامريكي الفاشل في المنطقه هم فاشلين ومشروع الامريكان فاشل الطيور علي اشكالها تقع",0
"اول مره ادخل تويتر مكنتش متخيل ان انا هلاقي ناس عندها انفصام فالشخصيه بالف وش و الف راي ناس تاجرت بالدين عشان ريتوي",0
"لم تعد مصر تحتمل تكرر دوائر العنف والعنف المضاد ولم تعد ايضا تحتمل التهاوي المرعب في قدرات الدوله",0
"سمعتها كتير بس اول مره احسها وافهمها وعرف انها حلوه اووي كدا اغنيه شيرين انا كلي ملكك",1
"المدرس عبد الغفار محمد ابلغ الشرطه عن طالبه تكتب علي الحائط يسقط حكم العسكر فقبضوا عليها رجاله اخر زمن",0
"ليس بمقدور احد ان يعيد المصريين الي حظيره الخوف لقد الثوره كسرت حاجز الخوف الي الابد لن نتراجع عن مطالب الثوره ولو صدر ضدنا الف حكم",1
"التيار الشعبي وجبهه الانقاذ اكتشفا اخيرا انهما بلا قيمه في زمن الانقلاب بعد اعلان قانون التظاهر الجديد",0
"مولانا التيس",0
"المفاصله بين الشعوب العربيه وطغاتها الفاشيين مثل الاسد و السيسي حرب وجود لا حدود فلا مجال فيها للحلول الوسط او التلاقي ف",0
"12 مليون مصري لم يدفعوا فاتوره الكهرباء الانقلاب ساقط اصبروا وثابروا واحشدوا واهتفوا سلميتنا سلاحنا",0
"لاشهاده لفاسق",0
"ان ينزل لواء من مكتبه ليقاتل العصابات الارهابيه وسط جنوده فيستشهد دليل علي شجاعته وتفانيه في حمايه بلده رحم الله الشهيد اللواء نبيل فراج",1
"محمود سعد قعد يدافع عن الشباب اياهم ولما جه يقول للمراسل هات لنا واحد نكلمه اتشتم هو والمراسل اتفضل حاورهم قبل ما تقنع الناس تقبلهم مصر",0
"افضل ممثل لثورتنا 30 يونيو هو قائدهاسيادهالمشير علشان كده السيسي رئيسي 2014 سانتخب السيسي و مش هنزل لمستواك",1
"النصر الفيصلي عظيم بجمهورك الله يسعد الحاضرين كلهم والغايبين",1
"الجميل في المسلسل ان ماحدش فيكو بيحاول يقلد الشخصيات المثلت الفيلم",1
"انتخبوا العرص المفوضيه الافريقيه تقبل دعوي ترفض احكام اعدام بمصر مصر",0
"رحم الله الحاضر الغائب ايقونه النضال الفلسطيني محمود درويش تحيه ودعاء في ذكراه",1
"شاهد الاخوان حل البرلمان انقلاب علي المسيره الديموقراطيه 16",0
"الببلاوي تصنيف الاخوان تنظيما ارهابيا قرار سياسي الببلاوي مصر",1
"نعم حضرت جلسه استماع واحده للدستور استمعوا لنا بكل اهتمام ثم ضربوا بملاحظاتنا عرض الحائط لا للدستور",0
"2011 الاسلام ام مصر يزداد احترامي لك مؤخرا كلما تكلمت مع اني سارشح البرادعي",1
"يعني واحد ما بيعرفش يقرا اليس من الهراء والعبث ان تاخذ رايه في كتاب دون ادني مجهود لشرحه له خاصه لو هياثر علي حياته وحياتي انا كمان",0
"رضا عبدالسلام كلام دعبدالمنعم ابوالفتوح الاقرب الي الناس وهو علامه من علامات مصر هو شخصيه مصريه مضحيه حتي النخاع",1
"كيف يمكن الغاء الاعلان الدستوري مع الابقاء علي مضمونه وعلي الاثار المترتبه عليه والابقاء علي الاستفتاء في موعده لماذا لايحترم مرسي ذكاءنا",0
"تناسوا الشهداء وتذكروا الكوره اول لطمه علي قفا كل انقلابي عامل فيها ناسي جات له امبارح من كوماسي",0
"حزب النور اول خازوق كان منه كان في انتخابات الرئاسه اما عدد كبير منهم انتخبوا مرسي وكانوا بالكلام مع ابوالفتوح انتخبوا العرص",0
"كل العار الذي عشناه من سنين طويله يتلخص في هذا الفيديو",0
"تفاؤلي بنجاح ثورتنا نابع من ايماني بان الله لا يضيع اجر من احسن عملا ولا يوجد احسن واعظم عملا من ان يضحي الشعب",1
"سخيفه فيفي عبده",0
"العرص في نيويورك",0
"الواحد كل لما يركب مترو ويجي ينزل منه بيبقي نفسه يكتب ع المترو وهو خارج البؤساء",0
"وزيره البيئه تعترف ان مشاكل القمامه لن تحل الا بعد 10 سنوات الاعلام ذبح مرسي بعد 100 يوم لانه لم يحلها",0
"78 الدكتور عنده ندوه في الاسكندريه الاسبوع القادم وكان لديه جوله ميدانيه في الجيزه الاسبوع السابق",0
"100 يوم علي الانقلاب اسوا 100 يوم في 7000 سنه انها 100 يوم من القتل الوحشي الانقلاب حول حضاره مصر في عيون العالم الي حقاره",0
"احلي ضحكه بالعالم كارمن سليمان كارمن محبوبه العرب ارب ايدول البوم اخباري اخباري",1
"الف رحمه ونور عليك يافنان مصر العظيم يااعذب الناس واجملهم واطيبهم",1
"عاجبني الايجابيه الخايبه بتاعه الرفاق طيب خليك ايجابي بشويه حنكه سياسيه اي منظر مش ستريبتيز مجاني كده مرار طافح ثوره",0
"لو التعريص بقي رياضه وانضم للاولومبياد علاء صادق هياخد الذهبيه",0
"اسرائيل تحتل فلسطين من عام 1948 في 65 عاما لم تعتقل اسرائيل من بنات فلسطين ما اعتقله الانقلاب من بنات مصر في 4 شهور انحطاط",0
"صوره بها رايي ان لم تحترم حق من تعارضه في اختلافه معك بحجه انه فاشي احترس فانك لا تقل عنه فاشيه",0
"جمله اعتراضيه هل هذه الانتخابات عادله",0
"الصوره تتحدث عن نفسها مصر الداخليه بلطجيه حريه محمد محمود جرافيتي",0
"لا للمحاكمات العسكريه للجواسيس اللي بيتعاونوا مع اسرائيل تويت كانك ناشط ايام حرب اكتوبر",0
"السباحه ازاي السياح ييجوا و محافظ الاقصر ارهابي",0
"عزيزي المتطرف قبل ان تستخدم تعبير اسد في وصف شيخك فكر قليلا في مشاعر السيده والدته",0
"نحن امه اذا وضعت لمستخدمي الانترنت فيها كلمه فضيحه في عنوان اي فيديو في يوتيوب ارتفعت نسبه مشاهدته اكثر من الضعف حقيقه مثبته رقميا",0
"انتهوا من سجن كل قيادات المعارضه وتحولوا الي ابنائهم وبناتهم وزوجاتهم مصر لم ولن تشهد قمعا وشيطانيه كما نري من عصابه الانقلاب",0
"عبدالرحمن محمد الصوت الفخم غناء اغاني طرب فن عرب",1
"الانقلاب يقترض 62 مليار اخري من البنوك في سبتمبر اموال المصريين تتبخر بكره تشوفو مصر",0
"ومازال الاستاذ جمال عيد حتي الان ولاكثر من 14 ساعه مابين قسم عابدين ونيابه عابدين دون اي سبب واضح الا التكدير والارهاب فقط",0
"برغم مايظنونه انتصارا يبدو الاخوان وحلفاؤهم عصبيين جدا يتحدثون عن نخبه معزوله ومع ذلك ينهالون فيها شتما وتخوينا وكل مايشغلهم الان قمع الخصوم",0
"حمدين صباحي بيقول برنامجه هيتحقق في شهور بس مقالش هيبقي طبيعي و لا قيصري و في مستشفي ايه الرحمه يا رب",0
"انصار الشرعيه يدينون هذه التفجيرات مصر الليله",0
"تصويت جماعي برعايه الاخوان داخل 4 لجان بمدرسه الحوامديه الاعداديه المشتركه وبتواطؤ القضاه المشرفين",0
"الارهاب نهايته مزبله التاريخ",0
"الشيخ حافظ سلامه يؤكد فشل مؤامره امريكا لاسقاط الجيش المصري الساده المحترمون",0
"صدق من قال لاتستطيع شراء الاخوان لانهم قوم لاسعر لهم لايبيعون اخرتهم بدنياهم لايرضون بغيررضي الله بديلا لله درهم وطوبي لهم انصاف الاخوان",1
"ابراهيم محلب يعلن افتتاح خط طيران القاهره انجامينا عاصمه تشاد اول اغسطسويكلف وزير الطيران باتخاذ الاجراءات",0
"اللهم لك الحمد حتي ترضي ولك الحمد اذا رضيت ولك الحمد بعد الرضا",1
"حامدين راضين عليك متوكلين لك الحمد ربنا ف اتمم نعمتك علينا وعافيتك وسترك واسعدنا في الدنيا والاخره",1
"كل يوم يزداد ايماني ان ربي حبيبي معي يارب لك الحمد جميع الامور ميسره بكل حب",1
"محمود الشامي العضو الجاهل لاتحاد الكره يقول ان شعار رابعه محرم دوليا الجهل نوروون",0
"مبادره دستورهم باطل لتعريف الشارع بالمساوئ الاقتصاديه و الاجتماعيه للدستور ببساطه ريتويت بقا 3 مرات قبل الا",0
"قلبوا الدنيا بعد سحل حماده في زمن مرسي وصمتوا امام قتل معتقلين بالسجون تعذيبا وبعربه ترحيل",0
"خلق جميل تحترم اي امراءه وماتجرحها لابقول ولابعمل",1
"الاعلان الدستوري اعتداء غير مسبوق علي استقلال القضاء واحكامه",0
"تمرير دستور كارثي تحت التهديد بحرب اهليه كاننا بنمضي عقد او شهاده زور تحت تهديد السلاح شغل يليق بالعصابات",0
"تحيه الرئيس انتخبوا العرص خليك مصدق حمو ثوره 25 يناير وانهم مافتحوش الميدان يوم الجمل",0
"من تونس سوريا في القلب",1
"مهما حاولتم اقناع انفسكم ان الشعب اختار دستور الاخوان دون تخويف او لعب بالدين او انتهاكات ستظل الحقيقه ان مرسي كذب علي المصريين ليمرر دستوره",0
"عندما تشاهد المتسولين والذين يقتاتون من صناديق القمامه فاعلم ان هناك نظام قمعي فاسد يحكمهم انتخبوا العرص",0
"من الطبيعي ان تجد شخصا منافقا ومن الممكن ان تجد رجل دين منافقا لكن ما يفعله علي جمعه تخطي كل الحدود",0
"موقف نفسي اعيشه مع جوزي موقف نفسي اعيشه مع مراتي انا من رايي بعد الهاشتاجين دول نطلع الجمعه علي قصر الرياسه بمليونيه عايز",0
"وزير التموين الدعم لا يصل لمستحقيه وعوده المجمعات الاستهلاكيه قبل رمضان لمزيد من التفاصيل علي الرابط",1
"زملكاوي انا و الفخر ليا",1
"ع سبيل النكد باسم مش جاي النهارده",0
"انا لو نفسي اخطط و ارتب و اصرف فلوس الدنيا عشان اشوه الاخوان مش حاعرف اخترع حد زي صفوت حجازي",0
"الدكتور عبد المنعم ان لحم كتافنا من خير ابنا مصر البسطاء في الاحياء الفقيره و علي ضفوف الترع",1
"ده اللي اسمه تطوير العمل النقابي منهم لله الاخوان كانوا خاربينها نقابه المهندسين",0
"بالفيديو يوسف الحسيني بيهزق الحكومه انتوا حكومه بلاميطي",0
"لن تتقدم مصر طالما بقيت فيها ابواق للتدليس مثل هيكل وطالما بقيت فيها اذان تستمع له وعقول تنبهر به وبتخاريفه وحكاياته",0
"بلغني اليوم ان شركه مصر للطيران رفضت عرض فيلم الشتا اللي فات علي متن طائراتها وذلك لانه يتحدث عن الثوره لو لم يكن من ابلغني اخطا فهذا عار",0
"خلق جميل غض البصر",1
"ايامنا هذه هي ايام اختلال مفزع لمعايير الحكم علي الامور في المجال العام في مصر وفي بلاد العرب",0
"135 مليون جنيه اجمالي خسائر الشركه نتيجه غلق محطتي السادات والجيزه حتي الان انتخبوا البرص",0
"ماذا تفعل المعده اذا فاجاها الكبد بضربه قاتله انها مصر ضرباتنا القاتله تاتينا ممن كانوا اهلنا وجيراننا وابنائنا",0
"شكرا لكل من جاوبني",1
"النعمه تحتاج للشكر والبلاء يحتاج للصبر والذنب يحتاج للاستغفار فمن شكر و صبر و استغفر نال السعاده 50",1
"احنا اعلام نكدي والمسئول الاول عن حاله الكابه الموجوده علي وشوش المصريين",0
"5 الم اقل لكم انها ممارسه فاضحه لازدواجيه المعايير وتخوين المعارضين املي ان لا تبتلع بعض قطاعات الراي العام الطعم مجددا",0
"حاميها حرميها الجيزه كفايه عليهم نور عنين السفاح انتوا حتنهبوا ولا ايه",0
"الله يخرب بيت اللي اقتراح استيراد الفحم قولوا امين اوقفوا الفحم",0
"الاخوان اختاروا رضا الامريكان خلاص بانت من زمان وده اللي هيعمق خلافهم مع السلفيين ومش بعيد تلاقيهم بيعايروا السلفيين بعلاقه بعضهم بالامن",0
"اشارككم قلقكم من حاله الاستقطاب السائده في الحياه السياسيه الان وقد طالبت بعوده التوافق الوطني بين كل التيارات",0
"مش مهم المسمي اسمها ثوره هوجه موجه وكسه نكسه المهم ان الموت و الفقر و الخسائر هما اهم انجازتها يناير",0
"ساويرس ظبطك علي الاخر وعملك فورمات لمبادئك كل عيش يابو دم خفيف",0
"الحمد لله والله اكبر التحيه للشعب المصري العظيم القائد والمعلم دائما وابدا التحيه للقوات المسلحه النصر للثوره والمجد للشهداء",1
"لا ما عرفش المشكله انك بتتكلم عن حمل السلاح علي اساس انه حاجه بسيطه انا كنت بمشي لما يحصل ضرب طوب اصلا تقول لي سلاح",1
"مخاوف المسلمين من الاخوان لا تقل عن مخاوف الاقباط ولولا تواطؤ الاخوان مع العسكري لما وصلنا الي هذه الورطه الطائفيه قضت عليها الثوره نهائيا",0
"ارتفاع اسعار الغاز السولار البنزين الدواء الغذاء في مصر صدق السيسي في انه سيرفع الدعم وانه عذاب ومعاناه انتخبوا العرص",0
"التغييرلن ياتي الا بواسطه الشباب الحق معكم المصداقيه لديكم و المستقبل امانه في ايديكم معا سنغير",1
"احمد ادم بقي بضان فشخ مش لاقي غير باسم يوسف",0
"مين بين كل الناس اللي اتصدمت في تاييدهم للسيسي صدمتي في حمدي قنديل لا توصف وتاكيد علي مبدا اوعي تتفاجيء",0
"بالفيديو عضو بحملته الانتخابيه السيسي لا يقابلنا لانه مرشح غير عادي ويعشق لقب المشير ولا يزال متمسكا به",1
"علي سبيل السعاده انا صديق مجدي",1
"اوباما ميانمار لن تنجح اذا استمر قمع الاقليه المسلمه العرب مسلمي الروهينجا",0
"بيعتوا حريتكم عشان تعيشوا وتاكلوا بس حتي دي استخسروها فيكوا غلاء الغاز ومن بعده البنزين ومش هتقدروا تفتحوا بئكوا",0
"يوسف الحسيني بالفيديو يفضح كذب قناه الجزيره ويكشف تمثيل الاخوان دور الموتي مصر",0
"كنت تاجل وتيجي منك بجميله وتعمل فيها قعر مجلس وكبير العائله بس هتقول ايه الغباء السياسي صنعه",0
"انا انتظرك لانني لا اجد شيئا اخر يسليني في غيابگ عني اعترافات ليليه",0
"في فن من ارقي الفنون في العالم تعلمناه من حبيبنا المصطفي انه فن تجميع القلوب تعالوا نتعرف علي الفن ده و",1
"عامل كهربائي يستغل وقت فراغه في عشر ذي الحجه في قراءه القران كتب الله اجره وغفر ذنبه عشر ذي الحجه",1
"هذا الفيديو فعلا مؤلم يظهر مدي وحشيه البشر وقدرتهم علي تدمير اي شئ",0
"اذا استمرت القياده المصريه الحاليه في نهجها فسنري تمردا وارهابا في مصر",0
"اهم لاعب في صناعه الديكتاتور هو من يواجه تجار الباطل والظلم بالصمت والرضا",0
"بنساعد اي حد عاوز الخير للغير خيرنا هيعرضلك كل الخير اللي ممكن تعمله و يوصلك بكل المبادرات و الجمعيات مب",1
"اهنئ الدكتور احمد جمال الدين القيادي بحزب مصر بمناسبه صدور اولي روايته",1
"احنا شعب و انتوا شعب علي الحجار في رايي هذا هو احقر و احط عمل فني في تاريخ مصر و حسب",0
"الساكت عن الحق جبان لا مال و لا شئء ينفع في الاخرفمن يقف علي الحياد بين الحق و الباطل فهو مع الباطل بالتاكيد",0
"بس اعلان فودافون الجديد بتاع عمرو دياب دا حوار",1
"عن يوم حلو مع ناس بتحبهم عمرك ما هتقدر تنساه",1
"عدم وجود مصدر محايد للمعلومه بقي شيء مقرف جدا بصراحه",0
"يبقي الكلام دائما ارخص من الدم ويبقي الفقير هو الضحيه المفضله وتبقي مصر كما هي تحب ولادها مقتولين ولا حول ولاقوه الا بالله",0
"الشتا اللي فات فيلم عظيم برافو",1
"التنظيم الدولي للاخوان تعلم علي يد رامسفيلد يقوم بحربين في وفت واحد او كلام و كلام يوسف الحسيني",0
"رب دعاء خالص صادق ترفعه الي السماء يجلب لك الخير و ياتي بفرج و يزيل الهم يا رب",1
"انصار مرسي يحرقون محكمه ومتحف ملوي بالمنيا واعمال سلب ونهب واسعه بالمدينه",0
"بالصور انصار مرسي يحرقون كنيسه ومدرعه للجيش بالسويس",1
"قرار وزير الثقافه يخالف قرار الاتحاد الدولي للمنتجين والسينمائيين في شان عدم اسناد تنظيم مهرجان القاهره لدكتور يوسف شريف رزق الله",0
"ترحيل المصريين الذين اجتمعوا في الكويت بطريقه سلميه هو امر جائر ادعو الي عودتهم من منطلق انساني",0
"وزير الغلابه باسم عوده معتقل ف سجون العسكر ل افضل منتج لاكرم شعب انا مش رقم انتفاضه السجون",1
"جريمه الاهرام",0
"الاهرام الراكعه للبياده تحولت الي صحيفه صهيونيه تنذر العرب بالحرب عنوان لا تجده الا في اسرائيل",0
"استدعاء نواره نجم ومظهر شاهين وممدوح حمزه للتحقيق معناه ان مناصره الثوره اصبحت جريمه عند المجلس العسكري",0
"دريه شرف الدين امراه علي الوشين لا مهنيه ولا اخلاق ولا وطنيه ولا حياء الملايين ملاوا شوارع مصر وشاشاتها تنقل ميادين اخلاها الجيش للتصوير",0
"اسمعو هالاغنيه روعه غلطت م الاول رنا سماحه 9 اللي اهم من شكلك",1
"اشكركم جميعا علي وقتكم الثمين والساعه لا تكفي معكم",1
"الحمد لله حققنا مستهدف حمله ال21 يوم لمحو الاميه شكرا لشباب صناع الحياه و لكل شركاء الحمله يا رب اعنا علي",1
"اطالب بمرسوم عزل سياسي لفلول الوطني",0
"دمحمد الجوادي يشيد بانجازات مبارك في كتابه النخبه المصريه الحاكمه مصر قطر الامارات السعوديه البحرين لبنان",1
"موقع اتحاد مكتبات الجامعات المصريهحاجه مبهره وخدمه عظيمه للباحثين واضافه رائعه للمحتوي العربي علي الانترنت",1
"عوده جماعه الاخوان الي الحياه السياسيه بنفس وضعها السابق مستحيله والطرمخه علي جرائم الماضي لن تجعلنا نتقدم شبرا",0
"علاقه الانقلاب بالامارات والسعوديه والمساعدات مثل البلطجي وسكان الحاره والفتوه والاتاوه اذا الحاره مادفعتش",0
"لا اله الا الله وحده لا شريك له له الملك وله الحمد وهو علي كل شيء قدير غرد بذكر الله كنز المسلم",0
"يوسف الحسيني يتلقي تهديدات بالقتل من الارهابي ابو سمرهازاي وليه الناس دي متسابه كده مش بيتحقق معها",0
"الله يسامحه حسني مبارك اكبر غلطه عملها فينا كشعب هو كميه الجهل الرهيب اللي اتسبب فيه",0
"مصانع شركه النصر للحاصلات تباع بتراب الفلوس لتسديد الديون بعد توقف الانتاج طبعا ساويرس وبقيه اللصوص يشتروها من فساد لفساد",0
"بعد تبرئه سائق حمدين صباحي المتلبس بحمل السلاح وسرقه الاثار كتبت لكم انه سيسير مطيعا خلف الانقلاب امس قال انه يؤيد سيسي لو ترشح للرئاسه",0
"عايز تعرف دي ثوره ولا انقلاب شوفت قيادات الوطني لحظه القبض عليهم وهما بيغطوهم بملايات طب شوفت قيادات الاخوان وهما بيب",0
"عوده لسجون مبارك",0
"اغلب مذيعي قنوات العار تحولوا الي اجهزه تسجيل لاذاعه الاخبار والاراء والتعليمات التي يتلقوها من الانقلاب موديلات",0
"مبروك ومبروك ولكل الزملاء واشكر كل من ساهم بانجاح هذا الانجاز الراقي اليوم نقابه الصحفيين",1
"الام المثاليه تخفي دمعتها عن اطفالها حتي لا يدخل الحزن الي قلوبهم تظهر ابتسامتها لصغارها وان كان قلبها يعتصر الالم قلبها كبير",1
"امريكا تدفع لمصر مساعدات عسكريه بالمليارات ليقتل الانقلاب شعبه ولا عزاء للديمقراطيه وحقوق الانسان",0
"كريستيانو رونالدو بين الاكثر تاثيرا في العالم بقائمه تايم التقرير",0
"سقوط الانقلاب وشيك لكن انصاره سقطوا فعلا في عيون كل الاحرار",0
"الاعتداء علي التظاهرات السلميه مسؤليه من بيده السلطه و لا يمكن ان يقال انه خطا غير مقصود التعامل الامني هو استمرار لمصر القديمه",0
"شكرا لدعمك",1
"اشاعه زي غيرها ما هو موسم شكرا علي السؤال عمرو",1
"علاء الاسواني يكتب الصكوك الاسلاميه واحده من كوارث كتيره عملها حكم الاخوان في 6 شهور",0
"احضر المؤتمر العام للمصريين الاحرار فخور و سعيد و شعله الامل",1
"1 ضياء رشوان هو واحد من اسوا من تولي نقابه الصحفيين تامر مبكرا مع العسكر ومهد لهم الاجواء الاعلاميه ل الانقلاب وشارك في قتل",0
"عاد جلاد الانديه وحاكم الكره الدائم تصميمي ريتويت ريال مدريد كريستيانو رونالدو",1
"اعلام النظام السابق مازال قائما البلطجه الفكريه اقوي اسلحه اجهاض الثوره ماذا يحدث",0
"ازاي البرادعي يقول ان الهولوكوست ماساه انسانيه و ان بوذا ممكن يكون نبي و ان السلفيين متطرفين و يطالب بعوده اليهودايه ده عصام العريان",0
"من اعذب مفردات الحياه واجملها هو اعطاء العذر لغياب البعض لان سيد البشر تحدث عن التماس العذر صلوات الله ع",1
"الاعتقالات كالامطار بلا مبررات لكن الانقلاب يرفض حضور المحامين لتحقيقات النيابه",0
"المجلس العسكري يعيد انتاج مصطلحات صفوت الشريف وانس الفقي من جديد وكان المطلوب تكميم الافواه",0
"فلتقل خيرا او لتصمت خلق جميل",1
"وزاره الاوقاف بمصر تمنع برهامي من الخطابه الجمهور مصر الشيخ العرص حزب النور الانقلاب العسكر",0
"مرتضي منصور و السيسي 3 فلول و عسكر 3",0
"الرب واجد",0
"ف مصر شخصيه مريبه متعرفش بيشتغل لحساب مين بالظبط اسمو نجيب ساويرس بيعمل قناه لجاسوس اسمه يسري فوده ليستضيف عميل برخصه اس",0
"وانما الامم الاخلاق ما بقيت فان همو ذهبت اخلاقهم ذهبوا خلق جميل خلق جميل",1
"مقال رائع لخالد منتصر",1
"هذا ان اشار او وشي فانما يشي بانه مفيش اي قيمه وطنيه موجوده عند هذا التنظيم ولا ابناء هذا التنظيم",0
"هو احنا حا نعمل جلسات مجلس شعب ليه ما الاخوان اهم بيخلصوا كل حاجه من مكاتبهم ولا حوجه للزحمه والمصاريف",0
"الذي لم يلاحظ حتي الان ان مطالب الثوره لم تتحقق اما انه لا يتابع ما يحدث واما ان رائحه السلطه قد افقدته الرؤيه وصفقاته قد اخرسته عن قول الحق",0
"تاجيل الدراسه بالجامعات خوف ورعب جديد للانقلاب ولكن ستهربون الي متي والي اين شعبنا يلاحقكم وارضنا تلفظكم",0
"قرارات مرسي انتقاميه",0
"شباب الاخوان معانا باسم طلع حرامي البرادعي طلع جاسوس",0
"7 انا عاوزه احرق اماني الخياط بالغاز",0
"الشعب المصري شعب متدين بطبعه كدبه ابريل",0
"قسما بربي لو رايتك امامي لجعلتك جثه هامده تاكل منها الكلاب",0
"زبيده ثروت مزز ما قبل البلاستيك",1
"ميثاق الشرف الاعلامي الذي اتخذوه ذريعه لاغلاق الفراعين برئ من الانقلاب قتلوا الميثاق ويستشهدوا به",0
"سلامه احمد سلامه تركت ارثا من الاخلاق حين عزت و من الحصافه حين اهتزت و من الشجاعه حين كان لها ثمن يرحمك الله",1
"نشكرك تكلمتي بلسانا جميعا",1
"الصوره مني والتعليق منكم ولكم اسطوره",0
"المضمون الوحيد لاعلان مرسي الدستوري هو استبداد رئاسي مطلق مصر امام انقلاب مرعب علي الشرعيه وسياده القانون واغتيال كامل للتحول الديمقراطي",0
"يا غنوه مبتكملش يا دمع يا محبوس ليه كل ما احلم حلم بقي يتقلبلي كابوس محمد محسن",0
"بعد قليل ننشر لكم فيديو من ندوه دعلاء الاسواني من ساقيه الصاوي بتاريخ 14 6 2012 ويوضح موقف دالاسواني من انتخابات الاعاده الادمن",0
"السياسه الشرعيه التي يعمل بها السلفيون في بلاد الحرمين مزوره ومكذوبه علي الاسلام وان صفق لها كبار العلماء واتحدي في ذلك",0
"متابعه الاحداث اليوميه والاخبار في الصحف والانترنت بقت بتستنزف من طاقه الواحد ما لا قبل له بتعويضه حرقه دم ومناقشه بديهي",0
"الشاات بااايظ ليه يا مارك",0
"اعلام العار تفرغ قبل غانا ومصر لشحن الناس للاحتفال ربنا افسد احتفالاتهم لم يحزنوا لخساره مصر حزنوا لان فرصه نفاق كبيره راحت عليهم",0
"لما تتاسف وتعترف بغلطك دا شيء اسمو خلق جميل",0
"وجهه نظر ساذجه تقول ان من ناضل في الماضي يحق له ان يتحول الي ندل اليوم",0
"ماعنديش فلتر بين مخي ولساني دي مصيبه الل بفكر فيه بقوله عاده زفت اعتراف",0
"البنزين بيغلي و الشعب هيوسع احا يا حكومه",0
"كل من يقف ضد مواجهه الارهاب في مصر ارهابي الساده المحترمون",0
"ارفض الدستور الذي ينص علي محاكمه المدنيين عسكريا",0
"سابقه خطيره امريكا تدرس اعتماد السياده الاسرائيليه علي القدس في اوراقها الرسميه",0
"اياكس يسعي لخطف الموهبه المغربيه الاصل مستور من معقل ميلان ميلان اياكس",0
"حازم الببلاوي هراب ومتراجع ولا يستطيع تحمل المسئوليات وحكومته فاشله الساده المحترمون",0
"اقتحام السفاره مش سلمي",0
"ابتسم فان هناك من يحبك يعتني بك يحميك ينصرك يسمعك يراك هو الرحمن الرحيم",1
"طز فيك",0
"خاف النظام منه فضيع عينهكمل تحقيق حلمه فاعتقلوهخرج و كمل طريقه فقتلوه باسم محسن حكايه ثوره",1
"حركه كايدينهم مصر قول كلمه للسيسي وخد فولو هديه ياسيسي يا زعيييييييم سانتخب السيسي احنا شباب هنصوت للسيسي",1
"مصر الارهاب",0
"الاسواني ان الجرائم التي يرتكبها الاخوان المسلمون تتزايد كل يوم وبالرغم من بشاعتها فهي تكشف حقيقه الاخوان التي",0
"قد تري الامور مستعصيه عليك بعض الشيء لكن اذا ما نظرت من ذاك الباب الذي لا ينظر اليه احد سوف تري الامور متجليه واضحه ومفهومه لديك حاول",1
"الرئيس محمد نجيب يصف الضباط الاحرار بالخونه ويندم علي انه اطلق عليهم اسم احرار بعد اكتشاف خيانتهم انتخبوا العرص",0
"ثم يصل الاستعلاء الي مداه بانهاء الحوار و الكلام معكم ما فيش منه فايده هكذا ينظر احد اطراف حرس الاخوان الحديدي للديمقراطيه وللحوار",0
"كنت حاسه ان الدور عالشعب قرب والنداله حتبقي في اي تجمع واي مكان سفله الارهاب",0
"خلق جميل الكرم",1
"هو توفيق عكاشه مش راح للعرص ليه انتخبوا العرص",0
"لو اجتمع غضب الانس والجن علي دوله ما فعل بها من كوارث وجرائم وحوادث مثلما يفعل الانقلاب بمصر شياطين شياطين",0
"نفسي حد يغنيلي اغنيه اهواك عبدالحليم حافظ فرحه برده حلم",1
"فيفي عبده الام المثاليه اصلا صارت كلمه مثاليه الحين سبه عجبكم كذا طيب امشي يابن المثاليه ههههههههههههههههه زمن حسبي لله علي رجاله",0
"العبيد في اعلام العار لم ينطق بعد تصريح ايهاب رمزي ان الاقباط سيقاطعون انتخابات البرلمان ويصوتون لا للدستور اذا",0
"اغلاق القنوات سياسه مرفوضه ويجب الا نقبل بها",0
"يحيي قدري مخطط الاخوان ب سيناء يؤكد انهم خطر علي الدوله قال حزب الحركه الوطنيه المصريه ان التقرير الذي",0
"طاقه ايجابيه شبابيه في تصوير اليوم الاول من ارب ايدول الموسم الثالث كان يوم رائع جدا انتظرونا قريبا",1
"محبين البرنامج بيزيدوا",1
"بعد الغدر والخيانه اللي شفناها ومن الاخر اللي هنشوفه لابس بدله شرطه هيرجع لامه ملفوف في بدلته ثوره اسلاميه",0
"من كثر التحلطم اللي يسري بدم الكويتي حتي اذا شاف سياره مكتوب عليها ما شاء الله لازم يقول شدعوه عندك فراري عاد",0
"انا برضه اللي يخليه في حاله توب انت وما لكش دعوه بغيرك",0
"مايكل اوين اعتقد ان اعظم لاعب لعب ل ريال مدريد في كل العصور هو كريستيانو رونالدو يليه بوشكاش اسطوره",1
"ربنا يبارك فيكم",1
"فجاه حبيت السياسه و مجلس الشعب",1
"اكبر فوائد الانقلاب مصر الاخير عالميا في مستوي المعيشه وفي التعليم الاساسي وبكره تشوفو مصر",0
"مجلس عسكري و حكومه غير قادرين علي حمايه مرشح رئاسي بارز ناهيك عن توفير الامن في البلاد هما المشكله و ليس الحل",0
"القاكم بعد ربع ساعه من الان في برنامج الحياه اليوم علي قناه الحياه للحديث عن قضيه الاساءه لرسولنا الكريم صلي الله عليه وسلم",1
"في اول لقاء تليفزيوني له حسن هيكل يتنصل من جمال مبارك ويدافع عن هيرميس ويشرح رؤيته لاقتصاد مصر اخر كلام م",0
"هزيمه الاهلي مثال صارخ لنظام يقوم علي واد الحريات الا يخجلون",0
"قاللك هيعملوا موقع بدل يوتيوب وهيسموه يوتيوس وهيبقي عليه رقابه من الخرفان",0
"الجزار الفاشل يحضر الان سكينه لكي يذبح بعض كباش الفداء قبل ان يكتشف ان المشكله اعمق من فشل الاشخاص فهي مشكله فشل سياسات",0
"يا مقرفين ده فيه محجبات بيتم التحرش بيهم دي لو لابسه درع حرب من العصور الوسطي حيتحرشوا بالخوذه العيب فيكم يا معفنين",0
"المحرقه ابشع جريمه بالتاريخ الحديث",0
"ولو بتقولوا ان امن البلد هيتححق بعيد عن الحقوق الاقتصاديه والاجتماعيه تبقوا واهمين يوسف الحسيني",0
"الي كل صحفي صمتك مؤسف امام قتل زميل واعتقال اخر واهانه ثالث ومنع رابع من الكتابه دورك قادم",0
"اعظم نادي في الكون الاهلي",0
"وبحبك يا زمالك",1
"نهنئ اخواننا الاقباط باختيار الانبا تواضروس بابا الاسكندريه وبطريرك الكرازه المرقسيه بناء وطننا يحتاجنا جميعا معا نبني مصر",1
"روزاليوسف تحقيق الزميل رضا رفعت كوارث استخدام الفحم في مصر اوقفوا الفحم",0
"برحيل صالح تضع ثوره اليمن اقدامها علي اول طريق النصر نثق في قدره شعبنا اليمني علي توحيد الصف لاستكمال اهداف الثوره مبروك لليمن وعقبال سوريا",1
"هل ممكن يكون مرسي مختفي الفتره دي عشان مش لاقي شاحن هو راخر اه يادوله العكاكين",0
"عاجل القضاء الاداري يقرر وقف الانتخابات البرلمانيه وتحيل القانون الي المحكمه الدستوريه",0
"اوراق الانقلاب 1 الوقت وياس الثوار 2 دعم الخليج 3 اسرائيل 4 القتل 5 الاعتقال 6 كذب الاعلام 7 فقهاء الشيطان",0
"لم تغلق قناه الفراعين لانها الاكثر كذبا او فجورا ولكن لانها الاقل احترافيه في الكذب والفجور",0
"غير معقول وجود قوات جيش وصاعقه في المدارس الصور مرعبه للعالم كله وجايين تقولو عايزين سياحه",0
"مقتل جنودنا في رفح بيد ارهاب منظم لا دين له ولا خلق ولا انتماء للوطن في سيناء والوادي الارهاب واحد ومصرالواحده ستهزم الارهاب",0
"العالم بيتجه للتقليل المنتظم والمستمر من اعتماده علي الفحم ومصر عايزه تزيد منه اوقفوا الفحم",0
"و احب افكركو ان الدستور العره اللي بيحاولوا يفرضوه علينا نتاج عمل نخبه من متعلمي البلد اتوكسوا",0
"معااااااااااااااااااك يا ريسنا معاااااااااااااااااااااااك تحيا مصر السيسي حبيب الملايين سانتخب السيسي",1
"تقرير ناري الجزيره تفضح علاقه وزير الداخليه بالبلطجي صبري نخنوع",0
"انسان ايا انسان ما اجهلك ما اتفهك في الكون وما اضالك شمس وقمر وسدوم وملايين نجوم وفاكرها يا موهوم مخلوقه لك عجبي صلاح جاهين",0
"28 اجدع الجدعان جيكا جيكا ياولد الحريه بتتولد محمد محمود 2",1
"اغلاق كل الساحات والميادين الكبري لمنع صلاه العيد وصمه عار علي الانقلاب وحسابهم في الاخره عسير",0
"د ابو الفتوح في العاشره مساء انزعج الان من الاداء الامني و هناك تباطوء متعمد من الجهات الامنيه في عوده الامن لمصر",0
"عاجل هؤلاء هم اشراف مصر وكلام خطير في صميم الاخوان انصحكم بسماعه",1
"لا للمحاكمات العسكريه",0
"جمهوريه مصر الطبيعيه جمهوريه ديمقراطيه حقيقيه جمهوريه مدنيه تحمي حقوق المواطنه و المساواه و العدل",1
"المشكله ان خطاب الاخوان لو عدوا من تلاتين سته هو هو الخطاب الفاشي اللي شغال دلوقتي من الليبراليين",0
"3 شكرا للتعديل",0
"النضارات بقت موضه تقويم ا سنان بقي موضه برضو مش بعيد بكره تلااقي صحبتك جايالك بكرسي متحرك تفوليلها سلامتك اتشليتي مرار طافح",0
"شكرا لك ايتها المراه لجعلك العالم اكثر جمالا و روعه لا تتخلي عن احلامك وحقوقك اليوم العالمي للمراه ريتويت",1
"انزلوا في مجطات المترو والشوارع في المانيا و امريكا و فرنسا ناس ملتحين بيوزعوا مصاحف وناس بتدعوا للاسلام في الشارع ماحدش بيكلمهم",1
"من ذكريات الاقصر متحف التحنيط",1
"الاخواني اللي داخل يتجشا ويقولك الخبر نزل في اليوم السابعايوه نزل متفبرك بفضل حد من رجالتكم اكيدلكن ذلك لن ينفي انه مفبرك لتخدعوا به الناس",0
"فاكر يا مظهر شاهين يا امنجي يا ابني لما كنت عايزني احط اسمك في مجلس رئاسي مدني في احداث محمد محمود و مر",0
"صوره وشهاده الزميله داليا رضوان عن واقعه الاعتداء عليها من قبل الداخليه بسبب دبوس عليه 6 ابريل الداخليه بلطجيه",0
"اسالوا البرادعي عما فعله في العراق البرادعي طلع جاسوس باسم طلع حرامي تخابر",0
"قدام بيتي الربيع الجمال نيويورك بيتي مبتعث",1
"شاهد اخر كلام تاشيره براني نصابون برخصه حكوميه",0
"لم تقم الثوره وتستمر لمده ثلاث سنوات وتضحي بالكثير من اجل نفوس متعصبه ومريضه تنشر الفتنه بين اطياف الشعب الثوره البحرين",0
"لقي الممثلون المصريون من منافقي سيسي والانقلاب ما يستحقونه من لعنات في افتتاح مهرجان مالمو بالسويد انها البدايه يا عبيد البياده",0
"من قام ليله القدر ايمانا واحتسابا غفر له ما تقدم من ذنبه قف بين يدي الرحمن واطل الوقوف وقل يا رب اتيتك بذنوب كثيره و انت العفو الكريم",1
"ياسر ابو عمار في سياسه في دين غيرت موقفي من حزب النور بسبب مواقفه المخزيه مع الرئيس محمد مرسي ووقوفه مع",0
"بعد دقائق يتحدث حبيبنا دعبد المنعم ابو الفتوح علي قناه الحياه عن رؤيته للاوضاع الاخيره في مصر ومسقبل البلد",1
"نقطه اخيره قانون التظاهر الذي يحتاج الي اعاده النظر في عقوباته كما يقول الببلاوي اصدره هو في عهده وبنفسه ارائيتم كيف وصل العبث بعقولنا",0
"سابقي احبك ولن اندم ويبقي حبك في قلبي والله اعلم",1
"مصطفي حسني",1
"اي دين او مله اي رجوله او شهامه اي مهنه او مهمه تسمح لرجال بالمدافع يهاجمون نساء في منازلهن للقبض عليهن ثم اتهامهن بحمل سلاح مصر اتهانت",0
"مره واحد مراته عقدها اللي بتحبه اتقطع فسهر طول الليل يلم في حباته عشان متزعلش سيدنا النبي السيده عائشه الحب",1
"4 هلا فبراير اليسا علي روتانا مصريه الواحد كان مخنوق و فرفش",1
"ابرز نشاط للانقلاب تطهير مصر من العلماء والاحرار والشرفاء والموهوبين والمتفوقين في الجامعات والمدارس",0
"اعترافات ليبروفاشي خليجي الفاشيه تظهر واضحه وضوح الشمس في التنظيم الهرمي الاخواني الذي اسسه حسن البنا الاسر المناطق",0
"الرجوع للحق فضيله حمد الله علي سلامه احمد السيد النجار",1
"الواتساب معلق",0
"المسلماني اغلي متحدث اعلامي للرئيس واشهر كذاب ومنافق ومضلل ومحرض تحول الي قليل الادب ووضع معارضي الجيش في سله القمامه كلام زباله",0
"عن رجولتك وانت بتهزء واحد بيعاكس بنت حتي لو متعرفهاش",1
"انتخبوا العرص الببلاوي القاتل اعترف رسميا بانقلاب العسكر علي الرئيس مرسي",0
"انتخبوا العرص سؤال فقيق انتخابات الرئاسه القادمه بين السيسي وصباحي عباره عن تمثيليه لا دي مسرحيه بطوله اتنين واحد هاشتاج والتاني مشتاج",0
"اصعب احساس لما يوحشك حد مات سو",0
"السيسي يلوم الخطاب الديني غير المرتبط بالعصر علي ما لحق من ضرر بقطاع السياحه في مصر مرسي الاخوان السعوديه الامارا",0
"ندوه دعلاء الاسواني الليله السابعه مساء بالمقطم التفاصيل",0
"ابو الفتوح في الدويقه كانت تحكمنا عصابه لم نر مثيلا لها في التاريخ بوابه الشروق",0
"134 شهيد و3400معتقل قتل وتعذيب واعلان دستوري يجعل اراده مرسي فوق القانون لكن اردوغان لم يعترض الا عندما خلع الشعب مرسي الاخوان مله واحده",0
"خلق جميل احترام الكبير والعطف علي الصغير",1
"رباعي الانقلاب فوده وربيع والعزباوي وعطيه ضيوف قناه الجزيره مباشر اتمسح بهم الارض بكل دولار حطوه في جيوبهم",0
"4 ده شفيق اللي متقدم فيه بلاغات الدنيا اخذ نصف الاصوات يعني نصف الناس قبلت العمي ولا قبلتوش اغلبيه",0
"في اول جوله الاعاده دعا الاسواني لجبهه تدعم مرسي بشروط الثوره فلما رفض الاخوان شروط الثوره دعا الي المقاطعه ومواقفه كلها منشوره وهو فخور بها",1
"ننعي الي الانسانيه رمزا متالقا للنضال في سبيل الحريه والنهضه والكرامه الانسانيه القائدوالمجاهدوالمفكر العربي احمد بن بيللا زعيم ثوره الجزائر",1
"اثق في رؤيهاحمد سعيد واعلم التزامه بمبادئه وانا معجب بتصريحه ان الحزب يستطيع ان يكون حزب الاغلبيهواتمني فوزه في الانتخابات لتحقيق تلك الرؤيه",1
"ابتسامتك خلق جميل",1
"الاخوان جماعه ارهابيه وهم من قتلوا ابني",0
"اعتقال الناشط اليساري هيثم محمدين يكشف بوضوح ان العسكر يستهدف المد الثوري اي كان لونه او شكله او انتماءه وان",0
"اتصلو بساويرس عشان القناه بتاعته تتولي مهمه خلع شفيق اعلاميا",0
"الاخوان والسلفيون يستغلون الجهل والفقر يدفعون الاميون للتصويت لاي شيء باسم الاسلام ويشترون اصواتهم بالزيت والسكر هذه ديمقراطيتهم للاسف",0
"ما هي افضل وظيفه في الحياه مدير شركه رئيس مؤسسه لا والله افضل وظيفه في الحياه ان ربنا يشغلك عنده تدل الناس علي الخير",1
"مسخره كوميديه من يوسف الحسيني علي القبض علي احمد عارف وحسن البرنس حتي وانت بتستخبو بردو اغبيه",0
"حد يسال سيسي لما قال بكره تشوفوا مصر يمكن قصده ان احنا هنبقي شحاتين وهنبقي فرجه والدنيا تضحك علينا",0
"قصدي كان موجه لكذبك اني ما كنتش هناك",0
"بالفيديو عاكشه والله هيفاء وهبي ست مش طريه واللي يتجوزها يبقي خد خازوق مصر توفيق عكاشه",0
"العيال الاخوانجيه السفله عاملين مولد لسياده المشير السيسي في حلوان بالطبله والصاجات",0
"من الاخر اي حد فيه الرمق من المعارضه يمكن ينزل انتخابات شعب او شوري بيتقبض عليه لغايه ما تخلص خارطه الطريق وبعدها ربنا يسهل",0
"الف مبرررروك للعالمي ولجماهيره النصر الهلال",1
"الف مبروك",1
"انتي اصلا مافيك فايده كلمه بتتقال في البيت كل يوم",0
"مسيرات ومظاهرات في كل انحاء مصر الانقلاب لا يعبا بالرفض الشعبي واعلام العار يحرضه علي قتل وقمع شعبه لا احد يهزم الشعب",0
"الاخوان يمارسون الشحاته بمنطق انتو كفار وهتروحوا النار بس ابوس ايديكو ساعدونا يا كفار عشان ربنا ينصر الاسلام",0
"د عبد المنعم ابو الفتوح جمال عبد الناصر كان مثلنا الاعلي في شبابنا وحتي نكسه 67 في برنامج انت وضميرك علي قناه دريم",1
"حتي في فرنسا متاخر عشان الريس معدي",1
"د عبدالمنعم سعيد اسرائيل تطالب العالم بالاعتراف بفاشيتها وعنصريتها قانون قسم الولاء ليهوديه اسرائيل فاشيه",0
"علي نفس الاساس دوله البطش وحقاره المواطن دوله اللعنه علي الحقوق",0
"الغيت المسيرات للميادين الخطره كالتحرير و رمسيس فاذا بهم يقتلون الاطفال بالرصاص الحي في عباس العقاد و يدهسونهم بالمدرعات",0
"شموسه شنو احلي اغنيه عجبتج من البوم شيرين",0
"كلمتين كدا يا و د ا حبه تمرد الشغل فيها كان نصيف و بامانهلكن بعد 30 6 بقت معرصهف ما حدش م ا خوان يشكك ف التوقيعات نقطه",0
"كونك كحاكم فرحان باراء المبرراتيه اللي لابسين بدل وباصين لمصالحهم براحتك في الاخر عملت مشكله في الشارع مش هيحلها غير الشارعخليهم ينفعوك",0
"الحقيقه مباشر مصر انقلاب 3يوليو اهالي عزبه النخل يفضحون السيسي حملته قالت لنا اعملوا توكيلات للسيسي وهنديكم",0
"محمود سعد اعلامي قذر بعد اذاعه فيديو خيانه حمدين قال لم اسمعه جيدا ولم يعلق عليه لانه ليس اعلامي بل افاق ومن",0
"نرفض تقييد حق الاعتصام واعطاء سلطات مطلقه للامن في منع التظاهر والمبالغه في العقوبات وتوسيع حرم منع التظاهر لا للقانون بصيغته الراهنه",0
"الاخوان ينزلون علم مصر من علي وزاره الزراعه لا وطنيه وطنيه يعني",0
"مذبحه جديده بحق السعوديين الابرياء نفذت في الغوطه الشرقيه علي يد الحرس الجمهوري الاسدي الظالم فاين انتم يا مسلمين وا معتصماه",0
"2002 فيلم جامد جدي فعلا",1
"ايماننا يمحق تهديدهم وسنواصل نضالنا السلمي مع الشعب المصري وشبابه الثائر لاستكمال ثورتنا والقصاص لدماء شهدائنا ووفاءا لروح الشهيد محمدالجندي",1
"و انت مالك",0
"اهداء الي امي الغاليه",1
"السيسي قال للامريكان ان المصريين كانوا يساقون عنوه للمساجد",0
"الجزيره مباشر مصر حمدي زوبه ينافس باسم يوسف لكن بثقل دممع السنيد سليم عزوز و شاهد ما شافش حاجه حسين عبد الفتاح اللي اختشوا ماتوا",0
"مرسي لم يعد رئيسا لخروجه علي الشرعيه وقراراته غير ثوريه",0
"في كل اعلاناتهم المدفوعه بملايين الدولارات في صحف اميركا واوروبا يركز الكذابون علي ان الاخوان حرقوا كنيسه في",0
"يعني ناس قعدت تنكر تعريه ست البنات وبعدين قعدت تبرره مستني منهم فجاه ينتفضوا لكرامه الانسانللاسف كلنا هندفع تمن غياب العدل في هذا البلد",0
"رئيس يطبق الشريعه دون ان يكون مسلما ولايسير في مواكب مصفحه ولا يكذب علي الناس بحركات استعراضيه ويفتح قصره للفقراء",1
"عادي الدكتوره تجي متاخره ثلث ساعه بس مو عادي الطالبه تتاخر دقايق عشنا وشفنا",0
"1 العنف مدان ضد منشات عامه او خاصه ضد مجمع محاكم او اقسام للشرطه او مقر اعلامي حزبي كاخوان اون لاين من الاجهزه الامنيه او من المتظاهرين",0
"و الله بتوع شبكه المخلص دول دمهم خفيف الوجه البذئ الذي يضع قناع الدين",0
"انت فاكر ان متابعتك لافلامي اهم من بلدي في ستين الف داهيه واوعي ترجع في كلامك قبل ما تعتذر علي جهلك",0
"لما عدلي منصور يصدر قانون لحمايه وتشجيع الاستثمار ويجي واحد جاهل من الثوار يقول ان عدلي منصور بيهدر المال العام يبقي احنا في زمن المسخ",0
"و السيسي حارب الارهاب عشان كده بتحصل تفجيرات حسبنا الله ونعم الوكيل",0
"الله يخربيتك يا سيسي الكهربا قطعت هوبا فلول ستايل انتخبوا العرص مرسي رئيسي",0
"زاهر ده كنز من كنوز مصر علاء وجمال مبارك وراء نجاح دوره حوض النيل",1
"الميزه الوحيده لحزب النور هو توافر ماده جيده للبرنامج لكن انا بقول ان البلد اهم من البرنامج",1
"خليك بتاع كله عشان كله يبقي بتاعك اسلوب حياه",0
"التحريض و خطاب الكراهيه و المتاجره بالدين ليست حريه راي بل جريمه يدفع الوطن ثمنها في الشارع الان هذه قنوات فتنه و ليست دينيه",0
"مبرووووك ل سواريز فاز بجائزه اوسكار بعد ادائه الرائع في عدت افلام",1
"قال الرئيس الفلسطيني محمود عباس ان ما حدث ل اليهود في الهولوكوست هو ابشع جريمه عرفتها البشريه من يومك زمباوي ونتن ياعباس",0
"اي شيء يحدث سيقول العربي لماذا بهذا التوقيت تحديدا لما لا تضعوا لنا بالتقويم الاوقات المناسبه بنظركم متي نقاوم ومتي نتكلم غز",0
"تسلم الايادي يا جيش بلادي و يا شعب بلادي تحرير سيناء من الصهاينه الاخوان",1
"ندي قررت حكومه هشام قنديل زياده اسعار الغاز و الكهرباء و اليكم ردود الافعال عمرو اديب كل دي زياده",0
"برلمان مشكوك في شرعيته سينتخب لجنه نصفها منه اي غير محايده لوضع دستور لمصر وليس للاغلبيه الدستور مصدر السلطات وليس العكس المتاهه مستمره",0
"با حضان يا غاليه الجونه",1
"محاكمه مرسي الظابط لاقيت مع المتهم موبايل بشريحتين وعليه صور بسلاح القاضي والصور علي انهي شريحه الظابط مش فاكر",0
"الامن والامان في حكم العسكر اصبحنا فعلا اضحوكمه العالم انتخبوا البرص",0
"يا تري ايه اللي بيشدنا كده في مصررغم كل المشاكل الي حواليها دي خفه دم شعبنا طيبته شهامته النيل و الشمس مش عارفرغم المنغصات",1
"رفع الشعارات السياسيه في الحج حرام شرعا وخيانه وطنيه",0
"اغلاق حسابين علي تويتر ينشران فضائح الفساد بسبب اردوغان الاخوان جماعه ارهابيه تركيا قمع",0
"كلما رايت اطفالا مشردين جائعين محاصرين لاجئين نازحين اشعر بالخيانه الخيانه فقط سوريا اطفال سوريا",0
"ايران اول اختبار ل روحاني بعد رفع سعر البنزين",0
"المطريه انتخبوا العرص",0
"شوال الفلوس سويرس مشغول اوي اليومين دول بقناه الجزيره ونازل شتيمه وتريقه فيها وفي ضيوفها خدك بيوجعك اوي ياشوال",0
"في الدول المتخلفه يقتل الالاف و تحرق جثثهم و تلقي في الزباله ثم تقام الاحتفالات السنويه لاسباب سياسيه",0
"خلق اسلامي جميل نحتاجه بشده في هذه الايام لبلادنا هو خلق الرفق اي اللطف واللين في القول والفعل الذي نحتاجه في",1
"بيروت القديمه والحلوه",1
"من صوتوا لمرسي وشفيق لهم نفس حقوقنا كمواطنين ولا ينبغي مع الاختلاف في الرؤيه للدوله والمجتمع وللحريات والمدنيه الانتقاص من اهليتهم",0
"اطلقوا اسم رابعه العدويه علي مدرسه بالمغرب وحديقه بتركيا والانقلاب يطمسها مع اشارتها ليخفوا اكبر مذبحه في تاريخ مصر",0
"الشبكه زفت فودافون اتصالات موبينيل",0
"تحيه وتقدير لچورچ اسحاق ستبقي دائما رمزا للشجاعه والوطنيه وانكار الذات الثوره مدينه لك بالكثير",1
"حازم امام جماهير الاهلي بتفهم كوره",1
"الشعوب لا تنهض بالكلام والظواهر الصوتيه لم ولن تحدث فارقا يذكر عبر التاريخ",0
"حط نفسك مكان البنت اللي بقيت بتسمع شتايم قذره من ناس اقذر في الشارع عادي علي اساس ان الولاد كده بتهزر",0
"انتخبوا البرص مشكله",0
"لن ياتي عام 2014 الا وديون مصر تسجل رقما عالميا لم تصل اليه اي دوله ولن ينفعنا مليارات الخليج الملوثه بدماء اولادنا",0
"في قلبي ما اموووووت",1
"الجيش بيكتب الاخبار للبرامج الجيش بيكتب خطبه الجمعه للمساجد الجيش بيكتب كلمه الصباح للمدارس فاضل الجيش يكتب وصف الماتشات",0
"مع اشراقه كل شمس نبدا عملنا بروح نشيطه وهمه عاليه ويد واحده ونيه متجدده احلي صباح لاجمل متطوعين في اعظم حمله",1
"قوانين اي مرحله انتخابيه اهم مليون مره من المرحله نفسها بمرشحينها وكل المراحل اللي بعد الثوره اتلعب في اساس قوانينها لتدبير النتيجه باطل",0
"هل من الممنوع ان يوجه احد انتقادا لقرارت المجلس العسكري الا يكفي العسكري كل هذا النفاق الرخيص في الاعلام الحكومي الثوره تحتاج جوله اخري",0
"الشروق اصابه 10 جنود نتيجه اطلاق مجهولين النار علي سيارتي امن مركزي بالشرقيه",0
"الاسواني لقد اثبت مرسي ان الاسلام الحقيقي العظيم الذي نعتنقه ونعتز به يختلف الي حد التناقض مع المقال كاملا",0
"لا اعرف لم يعرضون المبالغ علي الطفل فيصل الغامدي لاغراءه ببيع هديه الملك الا يدركوا انها لا تباع ولا ترد خاصه انها جاءت من والد الجميع",0
"محاولات الترقيع المستمره لدستور سلطوي تسير في الاتجاه المعاكس للديمقراطيه دستور مؤقت ثم البدا في صياغه دستور ديمقراطي هو مدخلنا للديمقراطيه",0
"ثانيه واحده مش في ناس بتقول ع باسم متامر وخاين وكده طب اتخيل كده لو الحاجات اللي بيهاجمها انتهت زي تطبيل الاعلام وكده مش مصر هتبقي احسن",0
"الانقلابيون قرروا العمل والاقامه في محيط المطار عشان الي يلحق يهرب يعملها فور سقوط الانقلاب غوروا في داهيه",0
"لصوص مصر يسجنون شرفاء مصر عواجيز مصر يريدون اباده شباب مصر هذا هو العنوان الاكبر للانقلاب العسكري",0
"ونحن في الجبهه القوميه للعداله والدمقراطيه نؤكد رفضنا التام للمشاركه في اي فعاليات تستهدف اعاده مرسي ايا كانت مسميتها او",0
"كان صلي الله عليه وسلم يحب الطيب والرائحه الحسنه وكان لا يسلك طريقا فيتبعه احد الا عرف انه قد سلكه من طيب عرفه نشر سيرته",1
"4 الا ان تركيز السلطات التشريعيه والتنفيذيه بين يدي الرئيس مرفوض ويثير المزيد من المخاوف بشان احتكار السلطه من جانب فصيل واحد",0
"كتب احد السوريين الجيش امتص دمنا اربعين عاما ثم قتلنا نحن في مصر عانينا نفس الماساه ولكن لستين عاما",0
"محاولات مستمره مقيته منذ اول يوم للالتفاف حول ثوره الشعب المصداقيه اليوم علي المحك",0
"نادي الاسير في جنين يدعوا الي مسانده الاسري الاداريين المضربين عن الطعام رفضا لسياسه الاعتقال الاداري الغير مبني",0
"يوم ما السيسي هيكسب الانتخابات هعملها بروفايل واقوله ارحل",0
"الاهلي اسلوب حياه",1
"نهنئ الدكتور عبد المنعم ابو الفتوح بتاسيس حزب مصر القويه وندعو له بالتوفيق وبان يكون هذا الحزب خطوه نحو بناء",1
"ازهي عصور اللخفنه",0
"النظر الي وجه الام عباده",1
"لا يترك مناسبه الا و يرفع شعار رابعه انه الاسد اردوغان مصر تركيا",1
"لا يجوز للسلطه التنفيذيه ان تتدخل لمصادره اي منتج ابداعي فيلما او كتابا او ايا كان نحن في حاجه للمبدعين",0
"مشربتش من نيلها طب جربت تغنيلها جربت فعز ما تحزن تحاول تولد فامريكا عشان الواد ياخد الجنسيه شيرين نفاق",0
"لايمكن لانسان ان يقبل وضعه مع الانقلاب لان الانقلاب يتعامل مع معارضيه كحشرات يضربهم بالرصاص والغاز والمياه تماما مثل الحشرات",0
"اعتراف من نقابه الصحفيين الفاسده هناك مناخ معادي لحريه الصحافه بعد الانقلاب اكثر من اي وقت سابق الصحافه اتهانت",0
"سوري الرابط اهه",0
"في مثل هذا اليوم 29 اغسطس استشهد البطل عملاق الفكر الاسلامي سيد قطب بعد ان اعتقله عبد الناصر وقتله ظلما",1
"لا شك ان فهمي هويدي اخطا ومن الاخطاء ما يصل الي مرتبه الكوارث لكنه يمتلك ارثا طيبا يسمح لنا بعتابه دون عقابه",0
"نحن امام انهيار لشرعيه المجلس الاعلي للقوات المسلحه",0
"ندين اعمال العنف التي لجات لها عناصر تخريبيه في محيط مبني جامعه الدول العربيه الساده المحترم",0
"يارب اجعلها لليلهه فرح لعشاق العالمي بالتوفيق ي نصرنا النصر الشباب",1
"انتهاك حرمه المسجد الاقصي علي يد الصهاينه جريمه لن يغفرها التاريخ لكل الصامتين و السؤال عن الدور المصري اصبح مطروحا بقوه",0
"د علاء الاسواني هل نذكر معا المطالب التي خرج من اجلها الملايين اقرا المقال كاملا علي هذا الرابظ",0
"ده تسيب انتخبوا البرص",0
"الحريه للاخوان انصاف الاخوان",1
"الشعب المصري اجمل حاجه فيه ان في وسط الهموم بيقدر يخلق الضحكه",1
"قلت للرئيس شباب الثوره لفقت ضدهم التهم من اجهزه الامن وانت تسال اجهزه الامن عن الابرياء فيهم هل تتوقع ان تعترف اجهزه الامن بالتلفيق وتعتذر",0
"بورك لك في المولود ادعو الله ان يجمع شمل الاسره في بيتهم الطيب و يجعل من خالد نعم الابن لنعم الابوين",1
"فيفي عبده الام المثاليه اش اقول واش اضيف مالك وصيف اغنيه الروعه",0
"هل هناك حضاره دون وجود المراه يجب ان نثق في قدرات المراه فهي دائما جزء من النجاح من غير المراه لن تكون هناك",1
"الدين الداخلي في مصر يمثل كارثه وليس الدين الخارجي الساده المحترمون",0
"ضد الانقلاب اعتداءات وحشيه علي المتظاهرين المتجهين للتحرير مع الانقلاب الله يرحم العصير والجوايز للمتظاهرين في التحرير",0
"اعتصام عمال بلاتنيوم داخل ميناء السخنه حاميها حرميها الجيزه",0
"هواجس العام الجديد ثانينا عن مسار الاحتجاج الشعبي والحاله الثوريه عمرو حمزاوي بوابه الشروق",0
"حمدين لقي 30 يونيو كلها مع السيسي قالك سيبك منها وخليك مع 25 ينايرالله يكسفك واطي و اهبل",0
"فضيحه تانيه انا لسه ماسك ف مستشفي راس سدر وعرفت ان تم اخذ من الدوله حدود مليون جنيه لم يتم صرف منها",0
"فتاوي الدياثه البرهامي الهلالي الاحداث المفتعله سما مرتضي باسم نمر في سيرك الالهاء لتمرير جرائم كبري انعدام الخيال ابهار",0
"مره جماعه اتبهدلت من عبد الناصر جم عملوا ايه بالظبط تاتاراراتتت",0
"الامارات اليوم محللون التصحيح ضروره لبناء مراكز ماليه جديده الامارات بالعربي",1
"كان هناك شئ يدعي حريه اللهم ارحم ثوره 25 يناير واخلف لنا خيرا منها اللهم انتقم من كل من اوصلنا الي هذه الحاله لكي الله ياحريه",0
"اليوم السابع تقول ابو العلا ماضي صباحي والكتاتني اجتمعا سريا بوساطه عربيه هذا المانشيت كذب كذب كذب",0
"انا عمري ما ساندت ولا هساند الاخوان ده انا قاطعت كل الانتخابات عشان كانت متظبتالهم وما زلت ثابت علي رايي الانتخابات اللي جايه لن اقاطع",0
"محدش عندو ضحكه سلف",0
"علم ابنك القران وسوف يعلمه القران كل شي علموا اولادكم علم",1
"حين يصبح مصطفي بكري شبه متحدث باسم المجلس العسكري اعلم ان هناك الكثير يجب عمله حتي تنجح ثورتنا",0
"يلا نحفل علي احمد ادم الرد هشتاج بردوا باسم طلع حرامي",0
"نزلنا ناييدك ومفيش حاجه اتغيرت وبقينا مسخه للعالم",0
"احرق دم الاخوان و ادبح بدل الخروف اثنين و انصر الغلبان",0
"البيان ذكر بالنص اثق في اخلاق الاخوان برفض هذه التصرفات من بعض افرادهم",1
"عمليه الاعتقالات المستمره لرموز رفض الانقلاب هدفها الرئيسي مساومه هؤلاء علي حريتهم مقابل التنازل عن حريه شعب لكن الله ثب",0
"راجعت الردود فوجدت المتزمتين دينيا هم الاكثر استعدادا للتطاول بالبذاءات انهم يخافون من النقاش حتي لا تهتز محفوظاتهم التي لم يفكروا فيها",0
"نحيي شباب حزب الوسط علي مجهودهم الرائع في الانتخابات والذي كان سببا في حصول الحزب علي ما يقرب من مليون صوت ممن صوتوا لنا عن اقتناع",1
"يارب يا احمد يا ابن سمير يجيلك زهايمر انت و صلاح سليمان و هاني سعيد علشان تنسو نادي الزمالك ده يين و منشوفش وش اللي جبوكو تاني زملكاوي",0
"الله اكبر الله اكبرالله اكبر لا اله الا الله تكبيرات العيد تبعث في الوجدان طاقه ايمانيه عظيمه كل عام وانتم بخير",1
"دعبد المنعم ابو الفتوح يتحدث عن ذكرياته لواقعه المشاده الكلاميه بينه وبين الرئيس السادات",0
"اشاعهمن اشاعات الفيس بوك",0
"اخشي ان الضرر و الدمار الناتج من طريقه و اسلوب اداره البلاد منذ الثوره حتي الان لن يمكن اصلاحه",0
"دستور لا يمر بموافقه ثلثين الشعب علي الاقل وفقط بالاغلبيه المطلقه يبشر بانقسام الوطن والاطاحه بالاستقرار ولن يعمر",1
"استغفر الله الذي لا اله الا هو الحي القيوم واتوب اليه غرد بذكر الله",1
"من تدليس الاخوان قولهم ان مرسي المعزول ليس مسئولا عن جرائم الشرطه التي تتبعه بنفس المنطق فان مبارك ليس مسئولا عن جرائم العادلي الا تخجلون",0
"ذهبت لاداء الصلاه وعدت فوجدت بعض المعلقين قد استعملوا افحش البذاءات ضدي في رمضان لمجرد انني اختلف معهم في الراي ما ابعدكم عن الاسلام",0
"كيزاد افضل منصه لتاسيس الاعمال في المنطقه الامارات بالعربي",1
"بعد رفض ضياء رشوان قطه النظام تعديلات الدستور التي تجاهلت مقترحات نقابه الصحفيين انتظروا فتح قضيه قديمه لرشوان او اولاده هتسكت ولا نذيع",1
"الطرق السلميه والمتحضره هي في ظننا احد سبل النضال السلمي والمشروع للضغط علي الحكومات في المنطقه لتنهج منهج استقلالي",0
"ازاي واحد من المفترض انه محترف سياسه يتحدث عن المصالحه تقدر لو رجعت الناس الي اتقتلت لاهاليها غير كده متعن",0
"حفظك الله يا خادم البيتين وادامك ذخرا للاسلام والمسلمين ذكري البيعه التاسعه",1
"تعرف علي تواضع النبي صلي الله عليه وسلم كلام جميييل تدوين",1
"في يوم المراه العالمي نتذكر ليلي خالد فلسطينيه مناضله ضد الاحتلال الاسرائيلي واول امراه تقوم بخطف اكثر من طائره",1
"غزه انتهي صوتها وهي تصرخ والجميع في سبات مميت غزه تحت القصف",0
"ما يحدث في اركان هو جريمه ضد الانسانيه و ليس فقط ضد المسلمين ما يحدث عار علي الانسانيه كلها",0
"عايز تكون عضو في حمله المشير السيسي سهل جدا ساعدنا اننا نعمل مليون شييييييييييييييييييييييييييير سانتخب السيسي",1
"2 اعترف بالمطالب المشروعه المتعلقه بحكومه انقاذ وطني وتعديل الدستور وتقنين وضع جماعه الاخوان كاطار للحوار 3 اقر بالزاميه نتائج الحوار",1
"حظ العوالم الاهلي الافريقي",0
"عام و انتم بخير تعرفوا علي مظاهر فرحه عيد الفطر المبارك من خلال البوم صور العيد من جميع انحاء العالم",1
"فوشيا موف بني دهبي كيلو دقيق ابيض تحت العينين ياااااظلمه س",0
"اغرب ما يحدث ان تنتقد اشخاصا ينتمون الي الاسلام السياسي فيعاجلونك باتهام رهيب انك ضد الاسلام كيف ولماذا يحس انسان بانه هو الاسلام",0
"اتحدي اي شيخ من المتاجرين يطلع يقول الكلام اللي بيتقال قدام السفاره علي الهواليه لانهم يعشقوا التحريض بس وتسخين الشباب لان ده بيزود السبوبه",0
"ثلاثين يونيو موجه ثوريه ضد الفاشل مرسي والجماعه الكذابه ما ارفضه هو القمع والعقاب الجماعي كفايه كذب وخداع للنفس",0
"الابتذال ملا الشوال شبرا القاهره مصر افريقيا كوكب الارض مجره درب التبانه شبرا",0
"كلمتين وبس احبك جدا الي احدهم",1
"لبيك اللهم لبيك لبيك لا شريك لك لبيك ان الحمد و النعمه لك و الملك لا شريك لك",1
"اعتراف انهرده كان يوم عالمي وكله بان علي حقيقته",0
"الرمز الانتخابي لل السيسي السيسي رئيسي 2014",1
"فيفي عبده الراقصه محترمه جدا و انا قدوه ليش ما اكون قدوه الحكم لا تعليييق",1
"صوره تجمع الساخر العظيم محمود السعدني و الاخ الاصغر الفنان صلاح السعدني",1
"25 الميدان مفتي الدم الانقلابي صدق علي اعدام 37 من 528 تم احاله اوراقهم اليه",0
"ملحد هنستني منه ايه",0
"حمدين فرصته ضعيفه ابو الفتوح اقوي و بعدين فسسسسس",0
"الناصبي مرسي ف اخر ليله له استخدم مفرده الشرعيه عشرات المرات لان عقده الشرعيه عنده وصلت حدها وهذا عقده نقصه شرعيه قياده البحارنه من زمان",0
"اوعي تنسي عاشوا رجاله وماتوا اسود",1
"كورسيرا اكبر موقع عالمي يحتوي علي مناهج جامعات عالميه هي الافضل في تصنيف 2013 نتعاون معهم لتعريب المناهج شاركونا",1
"سحر النوم والراحه مع مصطفي حسني جميله",1
"انا مسلم وبفتخر",1
"المصري الحقيقي كالهرم الشامخ رفقته شرف و التواصل معه حق و نسيانه محال و الدعاء له واجبكل عام و انتم بخير و مصر طيبه و حره امنه",1
"الاشارات البذيئه من يد واصابع علاء الاسواني لمعارضيه في فرنسا تكشف المعدن الحقيقي لليبراليه عند الانقلابيين",0
"الضعف الانتخابي والجماهيري لا يقتصر علي الاحزاب الجديده ويطال بكل تاكيد قوي راسخه في المشهد السياسي الا ان عقود سلطويه مبارك الطويله انهكتها",0
"الرضا خلق جميل",1
"اسف يا ريس رغم انتمائي للاخوان الا انني ابن ثوره الحريه لذلك ارفض السلطات المطلقه للرئيس مهما كانت السبب واي كانت المده",0
"شرييييفه فيفي عبده",0
"مع اعلام خالتي فرنسا يؤكدون ان فيديو سيسي المسرب مفبرك ثم يؤكدون هم بشحمهم ولحمهم ملاحقه من سرب الفيديو",0
"الزقازيق الان حرب شوارع وعلمت ذلك من خلال اتصال باحد اقاربي هناك ورائحه الغاز تملا الشوارع",0
"اصداء الثوره التونسيه قبل ان يحرق العرب انفسهم في اخر كلام الليله في العاشره مساء بتوقيت القاهره الثامنه مساء",0
"في عالم موازي كان زمان زعتر هو اللي بيشيلني و يدلعني و ياكلني و ينيمني جمبه بليل زعتر القط",1
"الثوره مكمله ثوره 25 يناير باسم رئيسا لمصر انتخبوا العرص",0
"ارشح صاحب هذا الحساب كافضل مغرد لافادتي في مجال لعبه 14 تدوين",1
"مرسي هو السياسي الوحيد الذي حاول ان يصبح طاغيه دون انجاز ويبدو انه لم يسمع عن القاعده العلميه التي تقول طاغيه دون انجاز مثل شباك بلا ازاز",0
"سعدت بلقاء اهالي المنصوره و فخور باعضاء حملتي بالدقهليه الذين اتاحوا لي هذا اللقاء ورتبوا زياره الكنيسه ولقاء القوي السياسيه",1
"هل الاستفتاء في ظل اشراف قضائي منقوص وانفلات امني واضح وما نراه من عنف وانتهاكات هو طريق الاستقرار ام عبث باقدار البلاد الحكم مسؤوليه",0
"من اجمل ذكريات الطفوله انك تنام في اي مكان في المنزل وتستيقظ وانت في سريرك رب ارحمهما كما ربياني صغيرا",1
"هل ستستمر مكافحه الارهاب بالشعارات والاغاني الوطنيه كفي عبثا واستهانه بارواح الابرياء",0
"الي شريك شفيق في مشروعهما الرئاسي الفاشل عيب عليكما تعاونكما مفضوحتزويركما فج",0
"صوره الشهيده رضا رمضان 42 سنه التي استشهدت برصاص قوات امن الانقلاب الفيوم انتخبوا العرص",0
"مش كده برضه حيث كده خد دي لحد ما اشوفك علي خيرصباح الفل",1
"لا اهاجم مرسي لاني استكثر عليه الرئاسه بل لانه كذاب ومخلف لوعوده وفي رقبته دماء شبابلا اسميكم خرفانا فحتي الخروف يستحي ان يدافع عن كذاب",0
"ثقافه القطيع وحشه جدا زي موضوع تشومسكي اللي جريوا كلهم وراه وطلع متفبرك في الاخر بنص كلام تشومسكي",0
"مفيش حاجه اسمها دوله وطنيه في حاجه اسمها الجماعه التنظيم طز في مصر الساده المحترمون",0
"الحكومه الحاليه غير قادره علي اتخاذ قرارات وهي حكومه مرتعشه",0
"جريده الاهرام محاكمه 6 من رجال الشرطه في حلوان لتعذيب مواطن حتي الموت اسلوب متكرر رساله لوزير الداخليه انت المسئول",0
"علاء الاسواني من يقبل بانتخابات مجلس الشعب يساعد الاخوان علي تغطيه جرائمهم",0
"انت مش مضطر تتجوز بالطريقه البضان دي انت بني ادم سواء كنت اجتماعي او انطوائي صدقني دي اسوا طريقه ممكن تتجوز بيها جواز",0
"اعرف بلادك المغرب عين اسردون توجد في بني ملال وهي مدينه مغربيه تقع في الوسط الغربي للمملكه المغربيه وسهل",1
"رجولتك وهبتني انوثه مختلفه م اجملني بك صباحي",1
"المفترض ان حضرتك تبلغي انت وزميلك الشرطه واعطائهم كافه المعلومات ولاتنسوا باسم يوسف طلع حرامي اخوان ابليس الاخوان جماعه ارهابيه",0
"رجل اكرمه الله بمصاهره اكرم خلقه مرتين زهد في امواله وتجارته طمعا في مرضاه الله كانت الملائكه تستحي منه عثمان بن عفان",1
"فكرك هوايا دا صغير ياللي انت ناوي تدوبني دينا الوديدي",0
"ماذا اعطاك الوهاب الحمد لله انه الوهاب و ليست الهبات في يد البشر",1
"قال رسول الله صلي الله عليه وسلم سياتي علي الناس زمان القابض فيه علي دينه كالقابض علي الجمر بكفي حصار اضبطوا شركاء المخلوع اليمن مصر",0
"هناك مكان في قاع الجحيم لمن اخترع تويتر",0
"خالد بن الوليد قتل رجل مسلم وتزوج امراته في نفس اليوم بلا عده بلا بطيخ",0
"اهالي عزبه النخل يفضحون السيسي حملته قالت لنا اعملوا توكيلات للسيسي وهن",0
"2008 المنصوره مدرسه احمد زويل لجنه 9 القاضي بيسود بطاقات بايده ولما اتصور عمل مشكله وجاري عمل محضر له",0
"رحمه الله علي المناضل العظيم مصطفي عبد الجليل احد اعمده الثوره الليبيه",1
"1 تم الاستماع الي اقوالي اليوم في البلاغ المقدم من احد المحامين وليس من قضاه ضدي في يونيو بزعم ان احدي التغريدات بها اهانه للقضاء",0
"اذا جعلك والديك اميرا مدللا في صغرك فاجعلهما ملوكا متوجه في كبرك",0
"خطاب مرسي اليوم نسخه مكرره من خطابات مبارك الانفصال عن الواقع والشعارات الفارغه ومحاوله تجميل التزوير والديكتاتوريه هل يصدق مرسي ما يقوله",0
"صفعه لناشطه هي صفعه علي وجوهنا جميعا اعتداءات وحشيه امام مقر جماعه غير شرعيه تخرج علي القانون وتحكم لتفكيك الدوله الاخوان في مواجهه مصر",0
"اولاد ميت عقبه الزمالك حب الابيض غير",1
"شفيق مين ده مش هيجيب اصوات عيلته وبعدين فسسسسسسس",0
"الاقصر مدينه خضراء",1
"ديموقراطيه بلا معارضه قويه مثل القاطره بلا كوابح وعي سياسه نهضه",0
"من عيوب وسائل التواصل الاجتماعي انها اصبحت اداه لرد الفعل وليس الفعل ننشغل بردود الافعال اليوميه اكثر ما ننشغل بالتخطيط والتفكير للمستقبل",0
"تحيه تقدير واعزاز لذلك العبقري الذي اخترع الجبنه الرومي الفكره جت في دماغه ازاي",1
"ايها الاصدقاء برجاء قراءه التعليقات ستلاحظون ان الذين يدافعون عن الفكر الوهابي هم الذين يشتمونك بمجرد ان تختلف معهم ما ابعدكم عن الاسلام",0
"لا قتل الناس في بورسعيد برصاص الشرطه ولا تعذيب المعتقلين ولا الغاء القانون لصالح مرسي في الاعلان الدستوري لا شيء اقلق امريكا مثل محاكمه مرسي",0
"اسالوا البرادعي عما فعله في العراق البرادعي طلع جاسوس باسم طلع حرامي",0
"القائمه الاولي للخونه الذين خدعوني بتعريف كلمه مبقوق",0
"اولا الموضوع مش فيه تفاصيل ثانيا اللينك لا يعمل ثالثا التعليق ع الصوره خاص بمقال مختلف تماما الخلاصه مفيش فايده 22",0
"مصر الانقلاب تطالب بمقعد دائم للدول العربيه في مجلس الامن بينما مصر والعرب في اضعف حال مثل مريض يطالب اتحاد",0
"يوم عظيم علي شعب عظيم باذن الله حشود المصريين وهتافاتهم وسلميتهم تحرك الصخر النصر قادم وما النصر الا من عند الله",1
"الخبر المتداول علي بعض المواقع الصحفيه والاخباريه والذي يزعم حصولي علي تمويل اجنبي عار من الصحه تماما ينبغي ايقاف حمله الافك والتشويه فورا",0
"زمكان مصر اخبار مراسلينا ابراهيم حماد يمنع استخدام عربيات ربع النقل في نقل الركاب في اسيوط اسيوط",1
"والمصحف مرتضي منصور بيتلكك لميدو زمالك",0
"يبدو انهم يريدون ارهاقنا بدنيا و نفسيا و ماليا",0
"رحم الله السيد منصور حسن غفر الله له والهم اسرته الصبر والسلوان",1
"ايها الغيورون علي القانون هل سمعتم عن تهريب المتهمين الامريكان و الف مدني في السجن الحربي واعلان دستوري باطل يمنح الحك",0
"انتخبوا البرص",0
"يابوب ارجع محتاجينك بجد ارجع يا بوب",1
"عندما يستمر القضاء في التحقيق في بلاغات عبثيه تهدف الي تشويه المعارضه وتنتهي بدون معاقبه مقدميها فنحن ننضم بامتياز الي قائمه النظم البوليسيه",0
"ثلاث سنوات و روحه معنا معيارا للمبادئ اللهم ارحم محمود عوض و ادخله فسيح جناتك",1
"قطع اذن مواطن واحراق الكنائس والاعتداء علي اهالي الشهداء كل هذا مسموح به وعندما يكتب شاب ثوري علي الحائط يقدم لمحاكمه عسكريه اين العدل",0
"في تضليل اعلامي ممنهج المتحدث العسكري يسمي ما يقوم به الجيش من تفجير وحرق ومصادره لاملاك اهالي سيناء اعمال قتاليه",0
"في عيد العمال نستذكر ان هناك من ساهم وساعد ووشي وتشمت واظهر حقده وكرهه وتسبب بفصل قرابه موظف هنيئا لكم مزبله التاري",0
"قرار رئيس الجمهوريه بعوده البرلمان للانعقاد صحيح و التنفيذ الصحيح لحكم المحكمه الدستوريه يكون في الانتخابات القادمه",1
"يااااااه يا مالك بترد علي حاله مر عليها 31 يوم حاله الانقسام التي شهدتها القوي الديموقراطيه هي التي ادت لذلك",0
"وكل عيد قيامه وانتم ومصر بخير",1
"3 تم الاتصال اكثر من مره وستكون عندنا بالغد في لجنه حقوق الانسان",1
"مصر مصر سلطات الانقلاب توقف وفد حقوقي بمطار القاهره انتخبوا العرص",0
"الي محمد عمر وامثاله قبل ايام قليله انتقدت الاخوان بشده لجلوسهم مع هيكل وقلت انها خيانه للثوره والثوار والشهداء",0
"السيسي رئيسي 2014 سانتخب السيسي",1
"ودا قمه السفه في الصحافه الفن بعد ثوره 23 يوليو وبعد ثوره 25 يناير مصر الثوره",0
"الدماء التي اريقت في مجزره ارتكبتها الدوله بماسبيرو لايمكن ان تضيع دون حساب واجب الرئيس ان ينفذ وعده بمحاكمه كل من تورط في قتل ابنائنا",0
"حكيك يخلق من العدم فرحه م",1
"والله من شين النفس فيني اليوم اعتراف",0
"في مصر 8500 قتيل علي الطرق في 2010 ولا حد بيعمل حاجه",0
"احاول ان اتعاطف مع من رماني بالخيانه والكفر واستخدم الدين لتحريض الناس علي وعرض اسرتي للخطر و شكك الناس في ديني طب ازاي",0
"روحي تحبك عبدالمجيد",1
"100 يوم من فشل الانقلاب 200 دوله ترفضه 400 فندق اغلق 800 مصنع افلس 8000 شهيد 20000 معتقل 30000 مصاب 50000 مسجد",0
"بحسب الجزيره ميدان التحرير يتسع ل 500 الف مصري او 2 مليون اسلامي",0
"حبيبان نحن الي ان ينام القمر جوهره محمود درويش",1
"بابا الازهر وشيخ الكنيسه دعامتان لعصابه الانقلاب ترزي الفتاوي علي جمعه حاضر دائما لعبوا علي الغرب لكذبه حرق الكنائس واضطهاد الاقباط",0
"يوسف الحسيني اعلامنا نكدي والمسئول الاول عن حاله الكابه الموجودهعلي وشوش المصريين الساده المحترمون",0
"بصرف النظر عن شغلها ولا اي حاجه تانيه بحب في فيفي عبده ان اللي في قلبها علي لسانها ملهاش في النفاق زي معظم الوسط الفني",1
"الاقباط المعينين في مجلس الشوري خانوا انفسهم ووطنهم وكنيستهم لقد رفضت عرض ان يكون اسمي ضمن المعينين وكنت اتمني ان ي",0
"رحم الله سامر سليمان كان مصريا مخلصا لقيم المواطنه والديمقراطيه واستاذا متميزا للاقتصاد السياسي رحمه الله",1
"مداخله نجيب ساويرس مع الابراشيي وتعليقه علي استقاله دالبرادعي واحداث مصر",1
"اللي حصل في الداخليه ايام 25 يناير هيطلع و اوسخ من الاول هتعود هتعترض او تقف قدام الظابط هيتمسح بكرامتك",0
"سؤال برئ لبتوع تويتر ايه الفرق بينك وبين الفيسبوك دلوقتي يابن المره بروفايل عره",0
"لو كل زملكاوي ه قعدو يشتمو ف ميدو واللعيبه انا مقدر ظرفكو ماشي واحب اقولكو عندك 21 فريق تاني ممكن تشجعهم يا كمك بس متشتمش الزمالك",0
"جمال خيال حقيقه جميل درر حكم اعجبني حكمه بقلمي شوق بوح شعر قصيد رتويت خمس الاف متابع ب 200 ريال 132",1
"اسالوا البرادعي عما فعله في العراق باسم طلع حرامي",0
"لماذا يااخي تتهمنا باثاره الفتن عندما نطالب بتحمل مرسي المسئوليه السياسيه كما كنا نفعل سويا ايام مبارك مش عارف بس هما قالوا لي اقول كده",0
"السيسي يحارب رابعه السيسي يحارب سيناء السيسي يحارب دلجا هو الراجل ده تخصص حرب مع مصريين بس ولا ايه",0
"شبيسي ليز اللي كان عليه طماطميه كبيره مقدرش انسي",1
"افضل لاعبي الدوري الانجليزي في سنه رونالدو في الصيف الذي يليه انتقل الي الريال بيل في الصيف الذي",0
"مصر التي تسجن ابو اسماعيل وتعلي شان الهام شاهين طارئه",0
"متحمسين جدا للشخصيه الجديده علي حمد العماني بعد نجاحه في شخصيه يوسف في توالي الليل الجمهور ما راح",1
"اعطي رسول الله المراه مكانه عاليه وجعل لها دور كبير في المجتمع شاهد لتعرف يوم المراه العا",1
"اتمني يكون صباحك كله تفكير وعمل من اجل نادينا العظيم الزمالك الافريقي",1
"منع برنامج الاراجوز باسم يوسف والقضاء اغلق كل القنوات المحترمه قتلوا حريه الراي والاعلام وحرقوها",0
"ابتسم في وجه الناس فانها صدقه",1
"امي ليس لها يوما محدد امي كل الايام لها عيد الام",1
"ابو الفتوح اعمل مع مجموعه رائعه من شباب الثوره واقول لهم احب ان تقودوني للعمل وان نعمل كفريق ومن يجرح فين",1
"الكاتب الامريكي ناعوم تشومسكي المخرج الامريكي مايكل مور رئيس الوزراءالنمساوي برونو كرايسكي يهود غربيون مناصرون للعرب معادون لاسرائيل",0
"قمه المسخره الببلاوي بيقول انا ليا ملاحظات علي قانون التظاهر ياعم هو انا اللي مطلعه",0
"جامعه هلسنكي فينلندا تختار الساده المحترمون بفريق عمله كاملا البرنامج الاكثرمصداقيه وحرفيه في مصر وتم ادراج بحث عنه في دوريتها فلسطين",1
"لقد قدم قضاه مصر وقواتها المسلحه ارفع المثل في البذل والتفاني من اجل انجاح العمليه الانتخابيه وتامين اراده الشعب ولن تنسي مصر لهم ذلك",1
"صحيفه المصري اليوم بالفيديو توفيق عكاشه هيفاء وليه ناشفه محشيه طوب وهت عبر تطبيق نبض",0
"مضمون كلمه الرئيس الاستعلاء علي المطالب الشعبيه والدفاع عن الاخطاء عوضا عن التراجع عنها وتبرير عنف جماعته ودعوه حوار شكليه لك الله يا مصر",0
"صوتك العالي دليل علي ضعف موقفك",0
"البنات اللي بيقولو الفاظ خارجه دول خصاره فيهم يتسموا بنات اصلا",0
"احمد مطر رابعه رابعه العدويه مجزره رابعه مجزره السيسي مصر",0
"محمود عباس الهولوكوست ابشع جريمه في التاريخ الحديث",0
"اللي بيقول التحرش نقص دين في اوروبا معظم النتس مش متدينين ده نقص اخلاق و اللي يقولك حرمان كتير من المتحرشين متجوزين",0
"انا مبحبش الناس الاوفر انا مبحبش الناس عموما اعترافات ليليه",0
"جمعه مباركه",1
"اللي رافضين السيسي رئيس بيعملوا فولوا لبعض و سيظل حكمهم مؤبد تقريبا",0
"الخبر المتداول الان عن موضوع الطعن و الهجوم غير صحيح",0
"مقدرش احترم رايك لو انت من الاخوان او من النكسجيه بتوع ثوره يناير ناقص تقولي احترم راي اعداءنا الاسرائيليين مصر الاخوان المعرصين",0
"خطاب عاجل الي وزير التعليم مدرسه الشهيد احمد كمال في طنطا ماساه التعامل مع اسر شهداء الثوره",0
"عرض لماذا تتواجد بتويتر كذب البنات سولف لنا عن طفولتك لو بس مااجملها من كلمه في العمق تعليق الدراسه 123070",0
"اتهام الاخوان لكل من يخالفهم انهم فلول سيدفع الناس لان يكونوا فلول بالعندالثوار ارتكبوا هذه الغلطه من قبل",0
"اذاعت قناه الجزيره الرئيسيه ان شهداء الاتحاديه ينتمون الي الاخوان شهداؤنا كلهم واحد ولكن هل الحسيني ابوضيف او كرم جرجيوس من الاخوان عيب",0
"للاسف في مصر عندنا جميع انواع السياحه ومش عارفين نستغلها كلام و كلام الساده المحترمون",0
"عندما يصبح المرشحون لانتخابات مصر يخافون من برنامج البرنامج و باسم يوسف فاعلم انك في ثوره مزعومه و حريه كاذبه",0
"تشيلسي هو الزعيم",1
"القبض علي قيادي من حزب النور في بني سويف اكيد اخوان ايه المانع اهلاوي بيشجع الزمالك",0
"ابو تريكه عن صلاح وجدو احسن اتنين احتياطي في العالم",1
"انت الوحيد اللي قلبي يبتسم لحكيك من جماله",1
"من تكريم الله للمراه ان خصها بالذكر في كتابه وجعلها اول من سعي واول من اسلم واول شهيده وكلها اولويات رفعت من قدرها و شانها",1
"فيفي عبده الام المثاليه تقول حككككم",0
"ع منطق حقير ولا يتبعه سوي الجبناء هذه نفس تقتل عارف يعني ايه يمكن لو اخوك او امك كنت تفهم",0
"مؤتمر ناجح لحزب الوسط بالسويس وكلمه عصام سلطان التي قاطعها الحضور بالتصفيق عده مرات",1
"الذين انتخبوا شفيق ليسوا بالضروره فلول الفلول ببساطه هم كل من اشترك واستفاد من فساد مبارك لا يمكن للثوره ان تتحالف معهم لانها قامت ضدهم",0
"تبااااااااااااااااااااا لك ياااااااااااااااااااا مارك واخير استطعت تغيير اسمي دعواتكم اصدقائي كي اتمكن من استرجاع اسمي الاول",0
"اكبر خساره خسرناها في ظل نظام مبارك هي الثروه البشريه",0
"غرد بذكر الله اذكر الله حصن المسلم",0
"انهم يكتبونني بطل اكتوبر الفريق سعد الشاذلي يكتب عن الكذب علي الشعب ورضوي عاشور تكتب عن الثوره بين الياس والامل",1
"حكمه الاسبوع لكي يصدقك الناس عندما تشكو من ارث الاخفاقات الهائله التي تركها لك النظام السابق لا ترث عن نفس النظام سياساته الفاشله",0
"الببلاوي انتخبوا العرص الهاشتاج",0
"هل تعرف معني اسم الله الصمد الصمد الذي يقصد اليه في قضاء الحوائج الصمد لا يحتاج الي احد و يحتاجه كل احد",1
"لك منا كل احترام وتقدير يا اخلص وانظف وانقي رئيس وزراء في مصردهشام قنديل اعتذروا لهشام قنديل مرسي رئيسي انتخبوا العرص انصاف الاخوان",0
"كل قاده الانقلاب والحكومه والداخليه والاعلام الذين اتهموا الاخوان باستخدام الدين هم اكثر الناس استخداما له",0
"الانقلاب يدمر ثوره 25 يناير بداوا بالاخوان وتحولوا للكتل الثوريه من الشباب واليوم يذبحون الالتراس",0
"الجيش والشرطه والحكومه والبلطجيه والاعلام يلاحقون الشعب لايقافه لو انتم رجاله بصحيح اوقفوا ارتفاع الاسعار الاسعار تقفز بجنون",0
"لا يستطيع الرئيس مرسي ان يتنصل من مسئوليته عن الغاء عرض مسرحي علي مسرح الدوله هل قرار الامن اقوي من الرئيساين وعود الرئيس عن حريه الابداع",0
"لا زالت مستنداتي الرسميه التي تدل علي انك حرامي وسارق تطاردك في منامك ولا ولن تستطيع ان تواجهها",0
"لو جيش او شرطه او انصار سيسي يبقي في داهيه مصر الليله",0
"ادين بكل قوه العنف بكافه اشكاله وصوره ضد كل انسان ايا كانت عقيدته او انتماؤه قوتنا هي الحق وسلميتنا هي السبيل",0
"استنكر دعبدالمنعم ابو الفتوح بشده التصرفات الوحشيه واللا انسانيه التي ظهرت في تسجيل فيديو علي الانترنت والذي",0
"الحل السياسي يهدف للبدء في بناء الاقتصاد ولا يعني التصالح مع من تورطوا في عنف الساده المحترمون",1
"صديقي العزيزكخه كده غزه نهضهالانجغه",0
"علاء عبد الفتاح زعلان اني الميسيحين بيصقفو للسيسي وبيفكر الميسيحين بي ماسبيرو علاء وشلتو الدم هو تجارتهم الرابحه لي",0
"الطريقه الوحيده لتعبرك امك فيا انو تحكيا عالواتس اب عشنا وشفنا",0
"استمرار الحراك الطلابي ب جامعه المنصوره مفيش عساكر يحكمونا",0
"ادعو المجتمع السكندري لاعاده اكشاك النبي دانيال وحمايه بائعيه وعدم التفريط في تراث اسكندريه من اجل محافظ مصاب بالحول الفكري وخلل الاولويات",0
"ما يجري في سيناء ارهاب يروح ضحيته عشرات الشهداء وخيانه لامننا القومي وما يجري في رابعه والنهضه ظهير سياسي له",0
"كانت فين الروح الحلوه دي ايام زمان نص مليون فرق في الفولورز فعلا بيغيروا الانسان متشكرين يا مبهج الجماهير",1
"اهلا وسهلا",1
"الشيخ حازم ابو اسماعيل يرد علي فتوي برهامي الاخيره فك الله اسرك يا بطل منك نتعلم منهج الدين الحق",1
"انتا فرحه جات ل عندي بعد دنيا من التعب السعاده اللي بعشها ي حبيبي انتا السبب ضحگتك عقلك جنونك والحنان اللي في عيونك شير",1
"لم يحدث هذا كذب و افتراء",0
"انا سعيد جدا بما انجزه شباب اكاديميه الداعيه المعاصر في سيناء في يومهم الاول فقد التف حولهم اهل سيناء الذين",1
"وردا علي تساؤل فيما خص ترشحه عن دائره مصر الجديده اجاب دعمرو ان الجامعات هي مساحه للعلم و ليست مساحه للدعايه الانتخابيه",0
"صوره من كواليس احدي حلقات برنامج قصه الاندلس المنتظر عرضه في رمضان القادم يمكنك مشاهده برومو البرنامج علي",0
"لو انت من الناس اللي لم تؤيد او تسكت عن ظلم او فشل سواء في فترات مبارك او المجلس العسكري و مرسي و السيسي قول",0
"كل من ينزل مظاهره بسلاح ايا كان انتماءه السياسي هو مشروع قاتل يجب محاكمته",0
"مصر تستجدي روسيا لاعاده السياح بكره تشوفو مصر",0
"وحدوا الله يا جماعه وبلاش اشاعات عن مفاجات عشان مش عايزين احباطات كل الحكايه ملف معقد هنحاول نفهمه مع بعض",1
"مصطفي بكري النموذج الكامل للبياده",0
"فالانتقاص من صلاحيات البرلمان المنتخب واعطاء صلاحيات تشريعيه لمجلس استشاري معين هما امران ينبغي علي كل مؤمن بالديمقراطيه ان يرفضهما",0
"هاشتاج صاحب يتصاحب تابعونا وكمان تقدروا ع صفحتنا ع فيس بوك وتويتر تشاركونا ومن رابط الاستماع في اول",0
"قبل كده وبعدما قفلوا النت في البترول كنا نرسل اللنك لسيرفرات بره وهم الله يجزاهم خير يرسلوا الصفحه ونستمر علي كده تخيل",0
"عمر جابر مننا هيه هيه زملكاوي زيينا هيه هيه لاعب بعقليه اولتراس",1
"3 يتناقض مع واجب الشرطه التورط في العنف او التصعيد مع المتظاهرين",0
"ام حامد ابو حامد الاخت الي بتبوس ايد البابا بتهاجم وزير الداخليه وبتهدده باماره ايه يا بطوطه",0
"الاسواني يروي عن مؤجر شقه انا ساطرد صاحبكم لانه قتل وكذب وغش ونكث وعوده وليس لانه ملتح و المقال كاملا",0
"وحيات عينيك اخذ صوت اخذ وجه حسن وطرب اصييل مصر الجيزه القاهره شاديه الاهرامات اسيوط",1
"وحراميه بلدنا طلقاء يحكموا بلدنا النزيه باسم عوده فك الله اسرك انت وكل احرار بلدنا",0
"خلق جميل الشعور بالغير",0
"الماظه لابد من معايره العدادات وتوحيد التعريفه لكل القاطنين التقديرات الجزافيه ظلم ولابد ان تتوقف",0
"البابا شنوده الثالث كان وطنيا مخلصا ومصريا عظيما رحمه الله",1
"الي من يعتبر الاخوان سلميين شاهد الان ضحايا اعتداءات الاخوان الوحشيه علي الابرياء في بين السرايات مع الاستاذ وائل الابراشي اخوان مجرمون",0
"قصه كفاح حقيقيه لشاب مصري من محافظه الفيوم رغم اعاقته تحدي كل الظروف محمد الكيلاني محمود حميده اثناء طفولته",1
"مصر القويه 10 لقد حذرنا في حزب مصر القويه ولا زلنا نحذر من خطوره تحول سلطات الدوله الي مجرد سند لسلطه عسكريه لا تفهم الس",0
"الجيش يطلق التنوير بجزيره الرمادي بعد مواجهات عنيفه مع الثوار",1
"الانقلاب ضاق حتي بمن كان يعتبرهم علماء معتدلين من امثال الشيخ الحويني والدور ماشي ومش حيخلوا انقلاب 3يوليو مصر الليله",0
"جزاك الله عنا خيرا يا رسول الله الحبيب",1
"اردوغان معادي للاسلام يقود دوله فاجره وفاسقه",0
"امل محمود في ذمه اللهرحله عطاء ومقاومه باسله ستبقي فخرا لجيلنااالهم اجزها خيرا عنا وبواسع رحمتك ادخلها واسع جنتك",1
"انا راجع من الساحل وساسعي للحضورباذن الله الف مبروك",0
"في هجاء الغتاته",0
"عنان كان دفاع جوي مع ان دايما رئيس الاركان مشاه او مدفعيه الله يرحمك يا ابو غزاله عبقري المدفعيه في القرن العشرين",1
"الي من الغوا عقولهم و قالوا ان فيديو القصاص مفبرك الفيديو الاصلي اهوايام ترشيح خيرت الشاطرلم ادعي في الحلقه ان مرسي كان رئيسا وقتها 1",0
"اللقطات التي تنشر من لجنه كتابه الدستور توحي لنا ان مصر دوله بلا دين ولا اخلاق ولا قيم ولا تاريخ ولا رجال",0
"عشان خاطر ماسر متحوطيش اخوكي الصغير في الطرحه",0
"اعلم انه كلما نزع منك في الارض شيئا جميلا سيخبئ لك شئ في السماء اجمل",1
"من النهارده هتبتدي كل الوساخات اللي كان نظام مبارك بيرددها عن هيكل تتردد علي السنه الاخوان وانصارهم للانتقام من كلامه عن فشل مرسي وجماعته",0
"التحرش الجنسي ظاهره لا توجد الا في مجتمع همجي مختل القيم الدين عقيده ومعامله وليس فقط طقوس وشعارات يجب ان ترقي العقوبه الي مستوي الجريمه",0
"يعتبر الاسواني موقفه من شفيق لحظه فخر في تاريخه يمتد الفخر لاولاده واحفاده عندما وقف امام صبي مبارك وكشفه امام الشعب فاضطر المشير الي طرده",1
"يا رب ان عبدك جلال عامر جعلنا جميعا نبتسم في الدنيا وادخل السرور الي قلوبنا اللهم اجعله مبتسما عندك مسرورا في جنتك",1
"الارهاب خطر عالمي اعتاد ان يستوطن في مناطق تغيب عنها هيبه وسلطه الدوله ويحولها لملاذ له خلايا القاعده وتيارات عنفيه مختلفه ليست بعيده عنا",0
"الداخليه بلطجيه تعذيب المهندسه داليا رضوان تم الاعتداء عليها بالضرب الخميس الماضي في احد الكمائن بالعجمي وتم",0
"يارب انا مش طالب كتير انا عايز واحده في خفه دم رنوش وجنان سوكا وجمال شيري عادل ورقه جنات واي حاجه من صافيناز",1
"المشكله هي في انصار الجدل العقيم المشكله هي في احزاب وتيارات تريد دستورا رجعيا بنتقص من الحقوق والحريات باسم خطر متوهم هو مخالفه الشريعه",0
"الوفاء الشهامه العفو قصه من روائع الحضاره الاسلاميه استمع لحلقه جديده من حلقات بسمه امل",1
"هذا هو نص المقال اتحداكم ان تنشروه كاملا لو كنتم رجالا مش هتبطلوا حقاره وتنضفوا شويه من باب التغيير",0
"واحد بيطبل بقاله 3 سنين وفي الاخر مش عايزينه يبقي في حمله السيسي الراجل اجتهد و صوابعه ورمت عن حازم عبد العظيم اتحدث",0
"اصابع خارجيه وراء خساره مصر في قطر",0
"د ابو الفتوح رقابه الدوله علي الافكار يحول الناس الي مؤمنين منافقين وهذا ما لانريده ولا نقبله",0
"لدي مستندات تثبت تورط السبكي في تدمير مصر لصالح اسرائيل",0
"مترجعوا مبارك و اقتلوا الشباب اللي باقي هو ده اللي ناقص يا جيش كامب ديفيد سيسي كوهن",0
"مجانيه التعليم حق لكل مواطن",1
"اهي صهيونيه وتدعم حماس وتعمر غزه بذات الوقت اتريد تدمير الامه فتقف ضد الانقلاب علي من احتفلت اسرائيل بعزله اكل ت",0
"الديمقراطيه صنعها الغرب للتحكم في الدول المتخلفه بابواق متعدده مثلك انت و توكل كرمان لاحتلالها وزرع قواعده فيها ولا يطبقها الغرب في بلاده",0
"مصر كلها هتصوت لعبد المنعم ابو الفتوح القوي الامين",1
"مصر خسرت ارواح ابنائها التي لا تعوض بمال السعوديه اوالامارات",0
"رصد تظاهرات ووقفات احتجاجيه منذ صباح اليوم بجامعه الفيوم نظم طلاب جامعه الفيوم اليوم عدد من الوقفات",1
"فيفي عبده طلعت بقناه ام بي سي وتتكلم عن الشرف والاحترام وانها الام المثاليه وقاحه",0
"بيدونا اجازه في عيد العمال عشان نقعد في البيت نتفرج علي فيلم الايدي الناعمه حرام والله اوقفوا الفحم",0
"الملعب ايهاب عبدالله رئيس نادي دمنهور فريق الكره بالنادي يعتمد علي مجموعه من اللاعبين صغار السن ونامل تحقيق نتائج طيبه الفتره المفبله",0
"البرادعي شريك الانقلاب يهاجم الجيش والشرطه والحكومه والاعلام ويصفها بالفاشيه ضد قيمه الحياه الانسانيه والتوافق الوطني لن يفلت ايضا من العقاب",0
"لما الناس تهاجمك عشان ظلمك وكذبك تقوم تطلع لهم فيديوهات لناس كانت بتشكر فيك افتكر ان المنحرفه بدل ما تتوب بتقعد تفتكر شرفها اللي ضيعته",0
"سامي الجابر يتحمل كل شيء لانه اعطي الصلاحيه كامله مين يختار اللعيبه والتشكيله ومين يضع التكتيك اذا كان فيه تكتيك",0
"المجد للمبتسمين صباحا",1
"تعرفوا الضابط اللي قبض علي هيثم محمدين نزله ليه وفتشه عشان ذو لحيه و شعر طوال و كتب كده ف المحضر و اتكسفش علي دمه",0
"اعلان الدم الدستوري بمجرد ان انتهت قوات الجيش والشرطه من مذبحه الحرس الجمهوري",0
"واضح ان بالنسبه لهم لحوم العلماء مسمومه الا لو كانت لحوم المفتي و شيخ الازهر",0
"عبفتاح السيسي اوميجا العالمي انتخبوا العرص",0
"ياجماعه انا اقترحت يكون اسم البرنامج اجمل رنوش بعمرنا اللي موافقني يعمل ريتويت مولد الاعلاميه الساحره رناسماحه",1
"البرنامج الحلقه 12 كامله",0
"يجب ووقف فوري للعنف ومحاكمه المتورطين فيه علنا",0
"الشعب مش لاقي ياكل والاسعار نار والشغل واقف والانقلاب يبني نصب تذكاري في رابعه بعشرين مليون مش حاسين بالناس",0
"قصه حدثت لي في مطار القاهره اثناء عودتي من مكه بعد تصويري لبرنامج باسمك نحيا وكان عن اسماء الله الحسني وكانت",0
"لا تجعل الامتحانات تلهيك عن عن عن الامتحانات اللي بعدها ما هما شهرين طين امتحانات ايفري وير عشان خاطر ماسر",0
"النصاب يعلم تماما جريمته ويكملها معتمدا علي غباء من ينصب عليهم هذا هو اعلام العار في مصر يمارس جريمته معتمدا علي غباء جمهوره",0
"كيف لمرشد تفوه للغنم بماء تعلو علي المرسي هل القائد يدلدل القدم دون ان يمتطي الكرسي تبا للصمت هلال الفشل ودمت ابي يا مصري",0
"لجنه فاروق ابوزيد مثال صارخ لنظام يقوم علي واد الحريات سنكسر حاجز الخوف",0
"هل عرفتم كيف كان يتجول الكلب حازم عبد العظيم باريحيه في يده المولوتوف والحجاره عند قصر مرسي عصابه السيسي كبيره انتخبوا العرص اليهودي",0
"سياده الرئيس انا احترمك بقدر احترامك للمحكمه الدستوريه",1
"المؤامره الحقيقيه علي مصر هي اعاده انتاج الاستبداد باجراءات متسارعه الان ينقل نائب عام عينه الرئيس مستشارا جليلا تعسفيا لرفضه احتجاز ابرياء",0
"الاسواني لماذا تصر الولايات المتحده علي استمرارها في دعم مرسي للنهايه رغم قتله للمصريين وقمعه للتظاهرات",0
"طبعا لسه متفائل بل اكثر تفاؤلا بخروج المكبوت الي النور اي جراحه لا تخلو من الم",1
"الدعم الصهيوني للاخوان اهدافه منع حماس من الهجوم علي اسرائيل صراع سني شيعي يمزق المنطقهضمان تخلف مصر الدائم تحت حكم الاخوان الفاشي الفاشل",0
"فزاعه الفلوليه",0
"2 فقط جلسه وديه موقفي من رفض الحوار مع الرئيس وجماعته وحزبه كما هو وملتزم بموقف الشارع الرافض للحوار بدون ضمانات وهو موقف جبهه الانقاذ",0
"رئيس المجلس الاعلي للقضاء الحالي من رموز استقلال القضاء وقد صنع مشروعا عظيما مع المستشار احمد مكي من اجل استقلال القضاء الواجب مساندته",1
"نفسي اوي اشوف مسلسل يوميات ونيس",1
"هو مرسي ما غيرش النائب العام ليه هي دي النهضه",0
"احلي اغنيه تيتر في رمضان اغنيه شيرين مشاعر من مسلسل حكايه حياه النسخه الاصليه مصر كلام في الحب",1
"قلت للرئيس هناك حمله علي حريه التعبير وبداتم في اغلاق القنوات ومصادره الصحف بدون سند قانوني معني ذلك ان كل من يهاجم الاخوان سيتم اغلاقه",0
"خريجات جامعيات قديمات عاطلات ظلم حرمان طموح الم قهر معلمات",0
"بيقولك دعوه السيسي دي دعوه لحرب اهليه علي اساس ان التلويح بسيناريو سوريا والارهاب في سينا والدعوه للعصيان وتقسيم ال",0
"خلينا العيال الصغيره تشرب سجاير هننضف لو",0
"في يوم من الايام قرر جميع اهل القريه ان يصلوا صلاه الاستسقاء تجمعوا جميعهم للصلاه لكن احدهم كان يحمل معه مظله تلك هي الثقه في الله",1
"مؤتمر للرجل الشجاع الامين الحكيم اردوغان ومن خلفه ايه انما المؤمنون اخوه كتبت علي هيئه اشاره رابعه",1
"لمن يعتقد ان صداقتي بجون ستيوارت اليهودي تهمه شوفوا حلقاته هاجم منع الماذن في سويسرا ومنع مسجد منهاتن وهاجم اسرائيل في اللي بتعمله في غزه",1
"الاعلان الدستوري الصادر من مرسي كان اشبه بخطاب التمكين لهتلر الساده المحترمون",0
"الجحش بس هو الي يبقي فاكر ان تاييد شفيق ثم عمر سليمان و رجوعا لشفيق تاني ثم السيسي من ابناء مبارك و فلول البلد صدفه",0
"واللي ماتوا في بورسعيد عشان رجال لما قاوموا حكم عسكر كالجبال",1
"انشروا التذكير بالتكبير و احيوا سنه هذه العشر الله اكبر الله اكبر لا اله الا الله الله اكبر الله اكبر ولله الحمد",0
"قصه قصيره عرف ربه فاحبه فعاش سعيدا",1
"قانون منع التظاهروالاعتصام المزمع اصداره يحسم ا مرامام كل متردد باننا نواجه سلطه قمعيه ليس لها مشروعيه تستهين بحريات وكرامه وحقوق المصريين",0
"خطوره تصويت الامن لشفيق لو تاكد حدوثه انه سلاح سيتم استعماله في الاعاده لياتي بالنتيجه المرجوه بدون تزوير في الصندوق واجبنا ان نتحقق فورا",0
"اللي يشوفك يتمني يكون مثلك واللي يعرفك يحترمك ويحبك واللي يسمع عنك يتمني يقابلك حاول",1
"اللي يسري فوده معملهمش ريتويت دي فتنه عشان ننقسم ونعادي بعض العب غيرها",0
"كيف يعتدي البلطجيه ابناء مبارك علي الناس امام 5 الاف فرد امن وشاشات التليفزيون ويعترفون بجريمتهم في بيان ولا يقبض عليهم ولا حتي يحقق معهم",0
"اللهم زد احبتي عفوا وعافيه وتوفيقا وسدادا وصلاحا واحفظهم من كل سوء صباح الخير",1
"علمو ولادكم ان مفيش حاجه اسمها تحرير سيناء وان بطل الحرب والسلام حمار وان سيناء هترجع ف اللحظه اللي يقرر العرب فيه رجوع فلس",0
"توفيق عكاشه محمد رمضان دا شمام وسمكري بوابير جاز",0
"نعم انه خالد بن الوليد رضي الله عنه يا من يفتخر ب هتلر",1
"الاخوان بغبائهم سيدمرون انفسهم ذاتيا لا تعطيهم قبله الحياه باتخاذهم مثلا اعلي لممارسه الفاشيه و العنصريه لا تفسد انتصارك بتبني اساليبهم",0
"تدني بعض الصحف الرسميه والحزبيه والخاصه الي مرتبه الصحافه الصفراء الباحثه عن الفضائح والمزكيه لمشاعر الانتقام والثار",0
"حمله شباب ضد النقطتين ضد النئطتين ضد النجطتين ضد النغطتين بجميع الالسن كي يفهم الجميع وسلامتكم بكفي حصار اضبطوا شركاء المخلوع",0
"وباذن الله لن يكون للفكر الصفوي الضال اي تواجد في ارض مصر",0
"يا مرسي يا عظيم تسريب سيسي كشف انه كان عملاقا وليس طرطورا ويكفينا انه تصدي للقوات المسلحه حتي انقلبوا عليه",1
"نصيحه لاتباع مرسي كفوا عن النواح والهجوم علي كل مخالف كنتم سببا في تحويله لديكتاتور بتاييدكم الاعمي له فلا تزيدوا من ك",0
"3 0 لا ارجوك خلي دمك خفيف ايه ده فين كتالوج الالشه",0
"ما يدعو للضحك والرثاء معا انا الاخوان بسبب غبائهم الفطري و نقيصتي الخيانه و الجبن المتاصلتين بهما يظنون ان الفرد يدافع عن بقائه لا وطنه مصر",0
"امسك فلول",0
"2011 الله ينور عليك يا دكتور هو ده التفكير اللي عايزينه مش كم مسجد وكم كنيسه",1
"6 اما طائفه مبرري الاستبداد والسائرين في ركب الاخوان الذين دافعوا عن اعلان الاستبداد واشتركوا في جريمه الدستور لن تفيدكم بهلوانيتكم اليوم",0
"انصار الاخوان فرحانين قوي بلبانه احنا لو نزلنا الشوارع هنربيكو وفاهمين انهم لو نزلوا وعملوا موقعه جمل جديده وقتلوا كل الناس انها هتخلص",0
"1 اجدد التاكيد علي ان ترشح المهندس الشاطر خطر علي مصر وعلي فرص الديمقراطيه ولا يقل خطوره ترشح عمر سليمان",0
"كلامي لم يتغير من يستغلون الاسلام سياسيا هم من صاروا اكثر كذبا و فحشا",0
"مدير جامعه الامام يستنكر الثناء علي اردوغان ويعتبر تركيا دوله فاسده فاسقه فاجره تنشر الرذيله مكه السعوديه",0
"ما هي صفه مكتب الارشاد ليجتمع لبحث حكم المحكمه الدستوريه هو مرسي واخد بكره مرضي",0
"بتسمع صوت موتور بتفكرو هلكوبتر بتسمع صوت مولده كهربا بتفكر هلكويتر ياربي دخيلك شو هالحاله سوريا",0
"الانقلابي المليونير حازم عبد العظيم يشكو من ارتفاع فاتوره الكهرباء الله يكون في عون الغلابه في الزمن الاسود لحازم وامثاله",0
"اللهم احرسني بعينك التي لا تنام واكنفني بركنك الذي لا يرام لا اهلك وانت رجائي رب كم من نعمه انعمت بها",1
"اللعبه القديمه مجلس القضاء يرشح للرئيس بضعه اسماء والرئيس يري اكثرهم طاعه ويقوم بتعيينه مرسي يحذو حذو مبارك وسيلقي مصيره دستوركم باطل",0
"قسوه مخيفه في رفض الاخر الفكري او السياسي او الديني وتشويهه وتخوينه تمهيدا لنزع انسانيته وممارسه العنف ضده",0
"المتهم بازدراء الاديان مع التحفظ الشديد علي سبب الاتهام ياخد حبس وكل من قتلوا الشهداء ينعموا بالبراءه عداله عدلات",0
"لجنه الخمسين تجاوزت اللائحه لتجعل التصويت 50 1 بدلا من 75 صوت بحجه الغاء الشوري وطبعا القادم محاكمات عسكريه وتحصين وزي",0
"70007 الحماره امك فطيم النعاشه وانت ولدها و اذا فكرت تصير ولد حلال اطلب من فيفي عبده الام المثاليه تتبناك هههههههه",0
"شاهد اخر كلام لم يعد مجديا اي حديث مع بشار",0
"خلق جميل الحياء الرجوله",1
"مصر تواجه صعوبات شديده لشراء الوقود مع سحب البنوك للغطاء الائتماني وفرض اقساط تامينيه عاليه",0
"اشعر بالالم الشديد و نحن نعيش فوضي لا اخلاقيه و انحطاط في المبادئ و القيم و صدمه ممن كنا نعتقد انهم بصدق علماء و دعاه",0
"والله يانجم انت الوحيد اللي لما بيغني لمصر بصدقه ربنا يحميك ومبروك عيد تحرير سي",1
"ده مش جيل 54 زي ما هيكل كان فاكر ده جيل 25 يناير ورابعه جيل العزه والكرامه والصمود صوره للاسود في الزنزانه",1
"مش ساكته عشان الناس مش ساكته عشان ده حقي مش ساكته عشان مش غلطي مش ساكته عشان انتي اقوي من المتحرش",0
"مصر لشعبها وليست لسويرس والعسكر مصر لن تنام الا عندما تعود الشرعيه لن تحكموها ابدا بالرصاص والحديد والنار",0
"هناك مكان اسفل الجحيم للي بيتفرجوا علي فيفي عبده",0
"دماغ الداخليه البايظه",0
"ابراهيم محلب التاجر لما يفلس يدور في دفاتره القديمه ودفاتر مصر مليئه بالفساد المالي مع رجال اعمال مصرو هم لصوص ولكن مدللين وظرفاء",0
"مساعده المحتاجين خلق جميل",1
"وما النصر ا من عند الله",1
"سيبك انت بس السيسي راعبهم انتخبوا البرص",0
"كليه استغفر الله العظيم المعيدين عايزين يعملوا فيها دكاتره وبيشتغلوا علي مزاجهم فنون تطبيقيه دمياط",0
"ايها الاخوان من عذب الشهيد الجندي حتي الموت من منح طنطاوي وعنان قلاده النيل من قتل 134 مصريا واعتقل وعذب الالاف اعترفوا بجرائمكم",0
"المصريين احرار",1
"السماح لرموز الحزب الوطني المنحل بالظهور للاعلام محاوله لخلق حاله تدلس علي الراي العام بان هناك راي وراي اخر عص",0
"قوات الامن المصريه تقوم بضبط لاب توب يحوي اغاني مسيئه ل السيسي هذه ليست نكتههذه حادثه حقيقيه في مصر بعد",0
"اما بالنسبه للشامخ فده يدلع ونقوله يا ابو شامخه",0
"بمناسبه عيد تحرير سينا السيد الرئيس الساده صناع القرار يحرقكم الله اسقطوا كامب ديفيد",0
"الجيزه حاميها حرميها حاله استاذ بطب طنطا للتحقيق بسبب رايه علي الفيس بوك قرر الدكتور عبد الحكيم عبد الخالق",0
"ادين مثل باقي المصريين جميعا الاعتداء الهمجي علي الاستاذ خالد داوود بواسطه انصار الاخوان الارهابيين الثوره ستنتصر علي الارهاب",0
"انا ضد من يحاول الكذب في السياسه او من يعتبرها فن الكذب و ليس فقط من جانب اخلاقي بل لان هذا اثبت فشله لذلك انا",0
"ايها الاخوان الا تذكرون 52 شهيدا قتلتهم شرطه محمد ابراهيم باوامر من مرسي عندما شكر مرسي القتله واعلن حظر التجول اعترفوا بجرائمكم",0
"ابن مصر مفيش كلام جدو الاهلي مبرووك",1
"للشموخ عنوان السادات",1
"ادعو المصريين الي مشاهده توثيق مذبحه الاتحاديه التي جمعها الاستاذ عمر طاهر سحل وضرب رصاص وتعذيب البنات لن تفلتوا من الحساب ايها الاخوان",0
"طيب اذونات الخزانه اللي الحكومه بتبيعها مش دي ربا طب الدين الداخلي و المشروعات المموله من البنك اللي عليها فايده ولسه",0
"مصر تقع في مجموعه ناريه ناريه مصر تونس السنغال موزمبيق او جنوب السودان حسن شحاته كان بيرتعش وهو بيسحب القرعه",1
"ممكن رئيس لسه جايب 51 من الاصوات في الاعاده ضد فل عليه بلاغات ممكن فجاه يلاقي 90 من نفس الشعب مؤيدين لديكتاتوريته",0
"يسقط اعلان مرسي الديكتاتوري",0
"الاعلام لا مظاهرات صور القنوات مصر خاليه وهادئه الطرطور مصر تدفع ثمنا باهظا بسبب المظاهرات مين الكذاب كلهم",0
"كابوس متي ينتهي",0
"اليوم السابع الببلاوي ووزير الاوقاف ومستشار المشيخه يصلون الكاتدرائيه للتهنئه اخبار مصر اليوم السابع",1
"الحديث عن ان شخصا يحدد من له مكان في الوطن ومن ليس له مكان هزل",0
"وصل الافلاس بالاخوان الي حد فبركه تصريحات علي لسان المفكر الامريكي ناعوم تشومسكي تبرر تخبط قرارات رئيسهم لكنهم اتفضحوا فضيحه المتطاهر",0
"واضح ان الترمادول ملا البلد الببلاوي تولي السيسي رئاسه مصر معناه انتهاء الحكم العسكري",0
"احضن اللي بتحبه بكلامك قوله كلمه حلوه فجاه",1
"الاسواني ماذا فعلوا الاخوان رداعلي سحل فتاه وتعريتها وقتل العشرات من قبل العسكر الذين كانوا متحالفين معهم انذاك",0
"قرار كويس وهايل و مستنيينه من زمانلكن الساده المحترمون",1
"القنوات الدينيه و القاهره اليوم اتقفلوا وقت مبارك بالقانون برضه بنعيد نفس الغلط حول الشخص للتحقيق بس تقفل قناه ده غلط",0
"ارفض البيان وادعو للاستجابه لمطلب العزل السياسي للوطني المنحل وانهاء الطوارئ وجدول زمني لنقل السلطه لرئيس منتخب بعد انتخاب البرلمان",0
"لا يوجد تيار بقوه هذا الشعب العظيم الذي قام بالثوره",1
"فيفي عبده الام المثاليه اصلا صارت كلمه مثاليه الحين سبه عجبكم كذا طيب امشي يابن المثاليه",0
"يعني مش عارف بياكلوا الظباط خرا عشان يجي لهم قلب يكهربوا طفل في سنه سادسه ابتدائي ولا ايه باسم",0
"برنامج مش صعبه د حمزاوي شرح مصطلح الامن القومي",0
"ما حجم اعمال الشاطر وكم تبلغ ثروته وما مصادرها وهل دفع الضرائب طبقا لنفس القانون الذي يطبق علي ساويرس التطبيق الانتقائي للقانون فساد فاحش",0
"الاسواني اذا لم تتوحد القوي الوطنيه فورا من اجل استخلاص الدوله المصريه من ايدي الاخوان فلسوف ندفع ثمن غاليا نحن واولادنا",0
"48 نظره برجماتيه يمكن الليما عندوش قلب يفهم من بطنه",0
"مبدا تهجير الاقباط من منازلهم عند حدوث توتر طائفي جريمه اضافيه في حق مواطنين مصريين صدقوا ان هناك دوله لا اصدق ان الشرطه عاجزه عن حمايتهم",0
"انا بحب اخويا",1
"متصدر لاتكلمني النصر الشباب الهلال اكشن يا دوري شجع ناديك بدون تعصب مع برنامج الايفون الرائع 56",0
"عدد المدنيين الذين احيلوا للقضاء العسكري يقترب من 12 الف مصري في سته اشهر الرساله هنا ان التظاهر السلمي قد يكلفك سنوات في السجن الحربي",0
"بصراحه عن ناس بيبقي نفسك تقولهم يلا المركب اللي تودي و يا ريت تتقلب و هي بتودي رخامه",0
"حقيقه فجرها شباب بمساعده الاخوان ومات فيها الشباب والاخوان واستفاد منها عبيد البياده انصاف الاخوان",0
"لاجديد فجمهور شبكه المجد يملكون من الوفاء والولاء ما تعجز عنه حروف الشكر والثناء مبادره بادره مجداويه لا نملك نحوها",1
"اللهم اني اعوذ بك من المزايدين والمزايدات الرجاله منهم والستات",0
"كل ما كان يرفضه الاخوان من خطايا الحزب الوطني البرلمانيه و اجرامه التشريعي اصبحوا يتبنونه الانمسخره",0
"2 الف شكر",1
"انتخبوا العرص ابن اليهوديه الام المثاليه الانقلاب حلاوه روح انتخبوا العرص",0
"جيش السيسي يهدم بيوتنا لاقامه منطقه عازله بين سيناء وغزه اين اقنيه التصهين لا ورواري العربيه يلطم ولا منتهاه",0
"الكتله الصاميه لن تستمر صامته بعد اليوم انه مستقبلنا ومستقبل اولادنا الذي يختطف والصمت خيانه لمستقبل",0
"لو خايف علي الثوره فعلا ارمي مرسي والجماعه الفاشله ورا ضهرك وضم علي صف الثوره كمواطنغير كده خلي الارهاب ينفعك ومنك للناس الغضبانه بقي",0
"نبض الاخوان ا عصام سلطان و ثبات علي المبدا احنا مش حانقدم اي تنازل ومش حانعترف وحانتحبس مش مهم كل",1
"يا شعب مصر العظيم ايها القائد والمعلم كم انا فخور بشرف الانتماء لك",1
"الارهاب لادين له ولا ارض الارهاب سوس ينخر في عظام الوطن وجب علينا جميعا محاربته",0
"وبعدين هو في حد افشل الرئيس غير كذبه واخلافه للوعودكثير من اللي بتسميهم ثوره مضاده كانوا بيحترموه وبيتمنوا له النجاح قبل ان يستبد",0
"السيسي عروسه في ايدين المجلس العسكري",0
"جمال فهمي تسريبات صباحي نفاق صحفي مفضوح مصر ميدان التحرير",0
"3 عجز الحكومه المصريه المتواصل عن التعامل بفاعليه مع الازمه واخفاقها في اداره ملف المفاوضات مع الصندوق بشفافيه",0
"الجيش خائن الجيش يشوه الرموز الاسلاميه يسقط حكم العسر",0
"العرس ما ريدتوه ولا المكان حبيتوه بس الحليب هطا بنهودي و ان يسالوكم مين ابوه قولو ده خدها غضب دينا الوديدي مريم صالح",0
"مصر لا يوجد خبر اسخف من حل الاخوان ما جري منذ الانقلاب اسوا كثيرا من الحل البلاد بلا دستور ولا قانون واختطف",0
"بلال فضل ومصطفي النجار عن فاشيه التعذيب في سجون واقسام الشرطه بعد الانقلاب يكشف ان مصر ترتد لعصور العبوديه فظائع لا توصف",0
"سيسي لم يتلقي اي محاضرات او تدريب علي الكلام او الحوار مع الاعلام هل يريد ان يكون رئيسا لمصر بهذا القدر من الفقر الفكري والحواري",0
"بسمه امل خلي خيرك لكل الناس يروي لي اسامه و هو شاب سوري",1
"الانقلاب يريد قمع 50 مليون مصري لو حاولت امريكا بجبروتها قمعهم ما نجحت شعب مصر العظيم سينتصر ويدفع العالم لاحترامه",1
"مدينه السادات كانت كل المباني فيها تقريبا مباني المدينه او الجهاز عليها سخانات شمسيه",0
"الشوكولاته والقهوه فيروز وحليم الشتا والليل وانت حاجات بتفرح",1
"بعد الانفاق في معسكر اعداد وملابس وكتيب المشاركه في العاب الفرانكفون وقبل 24 ساعه من السفر الغي طاهر ابو زيد",0
"مقدر ان الشغل بيخليك تتفرج علي الداعيه الشرشوحه شتايمه بتوصلني من صحابيانا احب اضيع عمري في حاجات لذيذه مش قميئه",0
"مدفن القاهره للعداله ماذا يحدث الان في مطار القاهره الشرطه تمنع اوائل الحقوق وترحب وتفسح للمتاخرين الفاشلين",0
"عداء الانقلاب لكل ما يتعلق بالاسلام فظيع هل هم الصليبيون الجدد باسماء ووجوه جديده",0
"اهو دا اللي صار رائعه سيد درويش بصوت الجميله دينا الوديدي",1
"كدبه ابريل ايه هو احنا هنكدب ع بعض ف ديه كمان ده انتو طول السنه ما شاء الله",0
"حريه التعبير لا تتضمن التحريض علي العنف و الفتنه الطائفيه بل هو خطاب كراهيه",0
"ان اللون الرمادي ليس له محل من الاعراب يا ابيض يا اسود علمتني الثوره",0
"يسعدني ان المره الوحيده التي ساظهره فيها في رمضان ستكون مع الاستاذ",1
"شعرت بالحزن اثناء زيارتي للكنيسه بعد ان تحدث معي العديد من الاقباط عن احساسهم بالظلم الواقع عليهم كاقليه في مصر",0
"كفايه عندك التايملاين ولو لسه مش فاهم يبقي مش مشكلتي حتي الان كل الردود اللي بتحاول اما سخافه او قله ادب او محاوله من واحد مش فاهم لغه",0
"عادل امام معاهم معاهم عليهم عليهم",0
"منذ تم التصويت علي تعديل قانون انتخابات الرئاسه العزل قد انهالت علينا التعليقات المليئه بالسباب الممنهج من اللجان الالكترونيه الماجوره 1 3",0
"يوسف الحسيني كل ما ندعمه هو عدم سقوط ارض الياسمين ذات التاريخ العظيم",1
"بعض خريجي الازهر يخرفون في خطبه الجمعه اخبار مصر",0
"تجاوز الحل السياسي واللجوء للحل الامني هو فشل للسلطه واستهتار بالدماء علي السلطه منع اراقه دم اي مصري سواء كان معتصما او رجل امن",0
"شبح اضطرابات عشيه التصديق علي عشرات الاعدامات الاخبار مصر القاهره محمد",1
"7 ماله سمك اسكندريه يافندم طب والله من غير مبالغه لفيت العالم مالقيت مثيله واتوسل اليكي ماتحطميش اسطورتي الخاصه",1
"اما ان توافق الاخوان علي قتل الناس وتعذيبهم واحراق الكنائس وتخريب البلد واما ان يعتبروك شامتاالدم المصري كله يحزننا جدا لكن الاخوان مجرمون",0
"عندما يكون طموح انسان ان يبوس البياده او يجلس تحتها حتي لو باع كرامته وشرفه واهله ثوره دي ولا انحطاط",0
"ماهر زين ناااس تشبهلنا",1
"علي فكره عبد الله السعيد صانع الاهداف الثلاثه الماتش الاخير",1
"اون تي في تعيش سكرات الموت وهي تتحرك خلف الشرطه والجيش لتصور علي الهواء تمثيليات القبض علي الارهاب",0
"عبد الرحيم علي 30 ديسمبر القادم سيشهد اختفاء باسم يوسف من الساحه الاعلاميه باسم طلع حرامي",0
"شفت كل شي بالحياه بس اول مره اشوف شب حامل طبله بالرابيه بطبل عشان ال عشنا وشفنا",0
"اعرفوهم انقلاب مصر يسقط حكم العسكر الداخليه بلطجيه الحريه لمحمد شعبان عبدالقوي 18سنه طالب بكليه العلوم المنوفيه",0
"العمليه نسر لم تفشل النسر هرب مع طائر النهضه عشان يتجوزوا عرفي و راجعين",0
"هننضف لو بطلنا تحرش",0
"الاسواني لهذا لا يوجد فرق بين ارهاب الكنيسه الكاثوليكيه في الاندلس علي يد الراهب بليدا وارهاب اسامه بن لادن",0
"اما المتاسلمين الجهال ادعياء السلفيه الجاميه لا اخلاق ولا مبادئ يتشمتون ويضحكون علي جثث مجزره رابعه العدويه",0
"ايها الاخوان لستم ضحايا اننم خنتم الثوره وتواطئتم مع النظام القديم وعذبتم الثوار وقتلتموهم حتي ثار الشعب ضدكم الي متي تخدعون انفسكم",0
"زي النهار الطفل لما ينفلت من بين ايادي الضلمه ويشقشق انا شفت روح الحق لما اتسللت صرخت وفي وش الخرس انطق عمار وفؤاد حجاج",0
"بعد قراءه ماده 219 الصوفيين يعملوا ايه كده ليه نقفلها ع السنه والجماعه ولا دي تمهيد للحرب مع الشيعه دستور مريب ليس للمصريين",0
"من مشاكل تويتر هو الشعور بضروره التعليق علي اي حدث بشكل سريع حتي لو كان غير مكتمل التفاصيل وكل واحد بيبني رايه حسب انحيازاته واتجاهه الفكري",0
"يوم يفر ٱلمرء من اخيه وامه وابيه وصحبته وبنيه لكل ٱمريء منهم",0
"مصر رائده التحولات الكبري حسمت التحديات التي واجهت كل المنطقه كالغزو المغولي والبريطاني وستضع حدا للتيارالعلما",1
"نحن ندفع الامل في عقول و قلوب المصريين",1
"انه دائما من الرائع ان تكسب الجوائز لان هذا يعني انك قدمت موسما جيدا تشلسي تشيلسي",1
"سوريا في القلب الله ينصركم يارب ويشفي صدوركم",1
"الانذال كان المخطط ليومنا المنقضي هذا من خصوم الوطن والانسانيه هو تحقيق اعلي نسبه عنف وحرق واقتحام وقتل",0
"3 الدم المصري كله حرام ادين الاعتداءات علي مقار الاخوان والحريه والعداله وكافه اشكال العنف جميع الضحايا مصريون لا فرق بين اخواني واخر",0
"عندما صعد نيل ارمسترونج علي سطح القمر قررنا ان يكون اسهامنا الحضاري اصدار اشاعه انه سمع الاذان هناك واسلمالاشاعه اوفر بكتير وهدفها الخير",0
"تدهور الحاله الصحيه لعائلات شهداء وجرحي الثوره المضربين عن الطعام",0
"مرسي فتح علي نفسه فتوحه ضنك بذاته الرئاسيه دي ده فيه ناس هيبقي كيفها الشتيمه بعد كده",0
"الاخوان او مصر صراع وجود ومعركه بقاء يحاول الاخوان انتاج المشهدالسوري عن طريق توسيع بؤرالارهاب بين رابعه النهضه الالف مسكن ومدينه الانتاج",0
"اتقدم بالشكر الجزيل للفنانه القديره هاله فاخر علي رايها الذي اعتز به كثيرا",1
"د عبد المنعم ابو الفتوح يشرفني ويسعدني في اول عيد بعد الثوره ان ابعث بتحياتي وتهنئتي لاسر الشهداء فهؤلاء",1
"افضل عشره اطباء في العالم هم 1 القران الكريم 2 كثره شرب الماء 3 النوم الكافي ليلا 4 الهواء الطلق النقي 5",1
"عبدالله السلمان مال الخطر معاهم يخرج احسن منك ارحل انت الاخر",0
"شكرا ان حضرتك دورت علي المعلومه واقتنعتانا ليس لي مصلحه واكتب مايرضي ضميري والعلم عند الله",1
"البديل البديل ابو الفتوح توريط الجيش في السياسه اكثر من اللازم خطر علي الامن القومي",0
"الابتسامه لم تفارقها حتي بعد موتها اللهم تقبلها من الشهداء اسماء صقر",1
"محمد رمضان و السبكي تهاوشوا مع بعض احسن عشان لا نشوفك في افلام زباله",0
"الاخوان لا يحرقوا كنائس يا مروج الكذب",0
"من بوابه الاهرام الاسلوب الحقير للصهاينه استخدم من قبل مع اخرين",0
"ازاي ملكش دعوه بلبس البنت البنت اللي بتلبس لبس ديق هي اللي بتتحرش بالراجل",0
"ملاحظه غريبه عندما نطالب بشفافيه التمويل فان انصار مرشحين محددين يثورون ويكيلون الشتائم يكاد المريب ان يقول خذوني",0
"حركه كايدينهم مصر قول كلمه للسيسي وخد فولو هديه ياسيسي يا اصيييييل احنا شباب هنصوت للسيسي سانتخب السيسي",1
"ثوره الانترنت احنا بنطالب حركه 6 ميجا بالانضمام معانا ونبقي ايد واحده بقي",0
"كابوريا اللبان يوسف رجاله بمعني الكلمه بجد شباب جدعه جداا درونا نكمل لن تركع امه قائدها محمد",1
"معلم و واعي يا يوسف",1
"بسام الحمرا بتاع حزب النور بيراهن ان يوم 30 مش هيحصل حاجه وانه عداوه علي الاسلام افضحوهم حزب النور",0
"مشايخ البياده عكس اسمائهم احمد الطيب اقسي قلب مسلم علي جمعه الغي صلاه الجمعه احمد كريمه ابخل في الحق",0
"بلاش الخيال المريض ده وكفايه عداء وكره للاخوان",0
"تحيه للراحل العظيم السيد محمد حسين فضل الله العلامه المقاوم المحاور المتسامح المجتهدالمجدالمجدداللبناني الفلسطيني العربي الاسلامي الانسان",1
"في يوم عيد العمال كل الوزراء والمدراء والموظفين وغيرهم مجاز الا العمال قبله حب علي جبينكم",1
"عاجل القبض علي محمد بديع مرشد الاخوان المسلمين في شقه سكنيه ب رابعه العدويه",0
"واخيرا قلتها انا وغيري مائه مره التغيير علي وساخه يجيب تسلخات وفي كل مره يثبت صحه هذه النظريه ويصمم البعض علي الوساخه فهنيئا لهم بالتسلخات",0
"ايها الاخوان صفقتم والثوار يقتلون وسخرتم من بنات مصر عندما هتكت اعراضهن وضمنتهم خروجا امنا لطنطاوي وعنان وعندما خلعكم الشعب هتفتم ضد العسكر",0
"هيئه مستشاري قضايا الدوله ترفض تعديلات الدستور مؤكده انه يفتح الباب للفساد وشهد شاهد من اهلها",0
"الله يبركلك يا دكتور ابو الفتوح",1
"كل ما يفعله ابو زيد وزير الرياضه يضر الرياضه اخر شائعه عن تعيين كمال الجنزوري رئيسا للاهلي شباب ثوره 1919 سيعود ليقود الرياضه في مصر",0
"فودافون العباطه بين ايديك",0
"عمر سليمان قتل و تعذيب المصريين في مبني المخابرات بالوكاله عن امريكا و قتل اخواننا الفلسطينيين في غزه",0
"ثوار المرج عزبه النخل المطريه عين شمس ما نبقاش رجاله لو ماطلعناش ال 5 سيدات من قسم المرج الليله مرسي الاخوان انتخبوا العرص",1
"عندما يتحدث عزمي مجاهد عن المبادئ والاخلاق في الرياضه ويهاجم نجوما ساندوا الحق والشرعيه في رابعه والنهضه نحن في زمن لميس وكل خسيس",0
"ملاحقه باسم يوسف وزملائه من الاعلاميين بتهم لا تعرفها الا الانظمه الفاشيه هو استمرار لممارسات قبيحه و بائسه لاجهاض الثوره التغيير حتمي",0
"مش هنسي اي لاعب لبس تيشيرت الزمالك و لعب علشان الزمالك مش علشان الفلوس و حب الزمالك و جمهور الزمالك من قلبه",1
"شاهد فيفي عبده راقصه سيذكرها التاريخ الحكم 1",1
"العسكر خاين كالعاده دخلوا الجامع بالبياده مجزره العباسيه عسكر كاذبون لن ننسي لن نسامح",0
"حزن ام كره",0
"لقب برنس الاسبوع يذهب الي محمد يسري سلامه",1
"عماد متعب الضابط وجه لي شتائم وتهزئ اخر قله ادب وانا معروف لو واحد غلبان ايه اللي هيحصل معاه يعني",0
"يعني 4 احزاب اسلاميه فقط هي من تصوت علي مسوده الدستور الان وان 65 عضو رفضوا اللعبه من الاصل والاحتياطي",0
"برطمان حنيه مليان زياده وماشي بيدلدق الاسد",1
"بلغ التدني بالبعض حد وضع صورتي واسمي علي حسابات تويتر مزيفه واستخدامها للتطاول علي حبيبتي وزوجتي وللخوض في عرضي وتداولها عبر مواقع غير جاده",0
"ماعندي شي اسمه احترمني انا اكبر منك عندي شي اسمه تحترمني احترمك غير كذا جب الحكومه",1
"السذج صدقوا هجوم الاعلام علي باسم يوسف اذكرهم بهجوم عماد اديب ولميس وخيري وتهديدهم بمقاضاته بعد اول حلقه المره",0
"انت بضان ياض",0
"لا اعترف بدستور مسلوق علي عجل خوفا من حكم المحكمه ببطلان اللجنه التي كتبته0لا اعترف برئيس يعطل القانون رئيسكم ديكتاتور ودستوركم باطل",0
"باسم يوسف لذيذ",1
"السياسه الشرعيه التي يعمل بها السلفيون في بلاد الحرمين مزوره ومكذوبه علي الاسلام وان صفق لها كبار العلماء واتحدي في ذلك",0
"احبك ربي الحمد لله",1
"بسمه امل احلي متعه في الدنيا",1
"المجلس العسكري نمتلك ادله تدين 6 ابريل و تدريبهم في الخارج و في الاخر فسسسسسسسسسس",0
"انت الغالي اللي بقالي سنين بهواه الزمالك الزمالك الافريقي",1
"7 يعني الاول يجي العرص يخطف الرئيس وبعدين يدي راقصه الام المثاليه وبعدين نكاح الكاراتيه ودلوقت بطوله شباب يمص شيشه وبعدين",0
"اعترافات الطفوله احب كونان واحلم يرجع سينشي ونتزوج",0
"اون تي في تجبر ضيوفها علي قول ما تريد والمذيعه ترفع ورقه امام الضيف ليقرا منها اعلام العار",0
"الا يستطيع خيرت الشاطر ان يتصل بحازم ابو اسماعيل ليطلب منه ان يكف ارهابه عن المصريين ام ان الشاطر موافق علي ارهاب ابواسماعيل الاجابه واضحه",0
"لا تجعل الطريق ياخذك حيثما يتجه بل اذهب حيث لا يوجد طريق و اترك اثارك",0
"يا ايها المغيبون",0
"الحكومه لا تلتزم ب القانون للاسف حقيقه",0
"تحيه لصحفيي الدستور وشبابه في اعتصامهم من اجل حق الشعب في صحافه حره ولتمسكهم بقائدهم الوطني ابراهيم عيسي و بالدستور كصحيفه مستقله",1
"ولما تبص حواليك هتعرف انك احسن من ناس كتير عشان كده لازم تقول الحمد لله",1
"جمهوريه شبرا الخيمه",1
"اليوم السافل الاخوان يحرضون علي اضراب الاطباء خالد صلاح رمز السقاله",0
"رفض الدستور الباطل سيستمر بالاحتشاد في الميادين والتصويت بلا في الاستفتاء والمقاطعه الدستور باطل واستفتاء المرحلتين تغيب عنه شروط النزاهه",0
"جمعه الامس كشفت للانقلاب وهمهم في قدرتهم علي قمع الشعب بالحلول الامنيه من قتل واعتقال وتعذيب وضرب وايذاء الشعب فاق يا افاق",0
"حقيقه و نصيحه الافكار اللي بتجيلك قبل النوم دي لازمالها ورقه و قلم عشان بجد بتبقي جامده علي المدي البعيد اه والله",1
"كل البلاوي اللي الداخليه هتعملها بعد كده فينا هتبقي باسم مكافحه الارهاب وهنرجع تاني نغني لفق لفق في القضيه بتاعت الالتراس النظام هو هو",0
"اجور العمال في شركات الاسمنت اقل من تكلفه ورق شكائر الاسمنت اوقفوا الفحم",0
"المراه هي سر توازن الحياه وسر جمال الكون ومصدر المحبه والرحمه في هذا العالم كل عام وانتن اقوي واجمل وافضل يوم المراه",1
"محاربه الظلم بالظلمستنتهي بظلم الطرفين اخوان عسكر",0
"دعوه للتفاؤل الحياه بتفاؤل و امل",1
"الاداء المخزي لبعض الشخصيات التي كنا نسميها مستقله يثبت ان كل ما في الامر انها لم تاخذ فرصتها في النفاق لمبارك لان كل الكراسي كانت محجوزه",0
"كنت اعتقد ان طاهر ابو زيد لا يفهم في السياسه والان تاكدت انه لا يفهم لا في السياسه ولا في غيرها عسكري شطرنج",0
"مصر مدرسه القمع الحديثه ولهذا ينتشر الضباط حاليا في المدارس",0
"كلمه بتتقال في البيت كل يوم وين رايح",1
"اللهم ارزقنا نعيم الجنه امين",1
"تذكرنا النبيل مصطفي نبيل كاتبنا الكبير وهو حي يرزق ونتمني ان يتذكره باحثو الاعلام بعد موتهرحمه الله",1
"الف صوره لالف شهيد من شهداء مجازر الانقلاب الدموي في رابعه و النهضه و رمسيس و الدقي",0
"ياقوه الله ياقوه الشعب",1
"التويته السابقه ايوه العريان قال كل ده مابين جرايد و احاديث صحفيه بطلوا تقرفونا بالبرادعي بقي",0
"هو ما ينفعش حد ييجي ويمشي عدل ابدا ده ايه القرف ده",0
"اوعي تنسي انو احسن هدفين لعام 2014 وبكل صدق تم تسجيلهم بالدوري الاردني",1
"احبك حبا لو يفيض يسيره جوهره محمد بن ابي اميه",1
"لدينا اكبر رصيد في العالم لاكاذيب الاعلام علي الشاشات والصفحات انتظروا بعد سقوط الانقلاب موسوعه اعلام العار ستكون حديث العالم",0
"سعدت بمحادثه صاحب السموالملكي الامير نواف بن فيصل هناته ليس بالمدينهالرياضيهاوبنجاح حفل افتتاحها هناته علي تشريف الم",1
"البنك المركزي التابع للانقلاب يعلن ان ديون مصر ارتفع لمستوي بشع غير مسبوق وتجاوزت 1 8 تريليون جنيه كارثه لا يشير لها اعلام العار",0
"دعبد المنعم ابو الفتوح ل فضلت خوض الانتخابات كمرشح مستقل لامثل كافه طوائف الشعب المصري",0
"حضرتك مفيش فكه تاخد بالباقي ريتويتس",0
"هل تقرا القران بعد رمضان هل تفهم معانيه وتفكر فيها هل نويت ان تختم القران بعد رمضان هل تعرف ثواب قراءه وتدبر",1
"ابو الفتوح علي التحرير الان حوار قوي جدا",1
"الوفد تاسيس السيسي لحزب سيصيب الحياه السياسيه بالخلل",0
"مصطفي حسني اعجاز يبهر العقول لا يصدق عن البعوض اقرا ثم قل سبحان الله العظيم ان",1
"يوسف الحسيني يفضح كذب قناه الجزيره ويكشف تمثيل الاخوان دور الموتي تحت اشراف قناه الجزيره",0
"الوصف الحقيقي للميدان هو جماعه الاخوان المسلمين تحشد انصارها للضغط علي اللجنه المشرفه عل الانتخابات الرئاسيه لدع",0
"لو حد قال بعد كدا الاخوان مصريين اوفصيل وطني لازم يتحاكم بتهمه الخيانه او الغباء",0
"وكامل الاحترام ل عباس اللي مسك لسانه وما شتمش",1
"استغرب من المحللين الذين يضخمون من الاعتداء علي سفاره اسرائيل بدعوي انه مخالف للقانون الدولي فهي جنحه مقابل جرائم اسرائي",0
"تجاهل مبارك للفقراء لم يكن نابعا عن اهمال فقط وانما فلسفه تقوم علي احتقار الفقراء لانهم فشلوا في الثراء",0
"لما تقول لانسان بسيط كلمه حلوه تسعده خلق جميل",1
"المناخ معاناه تتواصل رغم المحاولات",0
"لا تقحمونا في سياستكم القذره الكوره للجماهير",0
"الله اكبر وتحيا مصر الحمد لله وحده صاحب الفضل كله انعم علينا بثوره عظيمه واختار من بيننا شهداء ابرار",1
"حاجات بتفرح في مصر اللمه الحلوه مع اصحابي",1
"حاجه تستاهل الحمد كل حاجه ف حياتنا اكيد",1
"تقريبا دي اكتر حاجه قريتها جسدت المذبحه اللي حصلت لاقرب ما يمكن مذبحه بورسعيد",0
"مرسي رئيسي",1
"اعتقال الفتيات دون 20 عاما لرفضهن الانقلاب ثم اجراء اختبارات حمل لبعضهن تصرفان تعكس وضاعه الانقلاب وخسه من ينفذونها",0
"يهنئ حزب الوسط الدكتور عبد الفتاح ماضي بتعيينه رئيسا للمجلس القومي للشباب ويتمني له التوفيق",1
"3لا شاي بالياسمين بل مطالبه باسقاط الدستور ورفض لاخونه الدوله ولاداء الحكومه الكارثي ودعوه لانتخابات رئاسيه مبكره ان استمر تجاهل غضب الشعب",0
"اطالب بالتحقيق مع الدكتور محمد مرسي بتهمه اهانه فكره رئاسه الجمهوريه",0
"النفاق اصبح احد اركان المجتمع اه والله",0
"تنميه محور قناه السويس يعد مشروعا قوميا الساده المحترمون",1
"قوات من الشرطه و العسكر لقتل الطلبه مش ناسيين عمرو خلاف محمد عادل شريف عاطف وغيرهم كتييييير",0
"لاول مره في تاريخ الاسلام يهتف المصلون ضد خطيب الجمعه قاتل الداعيه سالم عبد الجليل عبد البياده نال ما يستحقه",0
"باي ذنب قتلت مجزره رابعه العدويه السيسي",0
"حريه الحركه الطلابيه وحقها في العمل السياسي جزءاصيل من الحريات العامه التي ناضلنا من اجلها منذ السبعينياتالثوره تفرض لائحه طلابيه ديمقراطيه",1
"7 مش انا اللي لسه بيهري هم بيعملوا كده وطالعين نازلين كذب اسطوري والمفروض يعني اصدقهم لما يبقي فيه دليل بالشكل ده ولا اطنش",0
"ريتويت يافنان",0
"شكرا يا دكتوره هبه",1
"شاهد اخر كلام تعديل مشروع قانون عزل الفلول",0
"الصفحه الرسميه لصناع الحياه مصر تهنئكم بقدوم عيد الفطر المبارك كل عام وانتم بخير",1
"25 تدعون للدين وتنشرون الاكاذيب لم اكن ابدا عضوا بالوطني انتم تتاجرون بالدين",0
"جمعيه تاسيسيه كافره",0
"انا رفضت وقف فيلم السبكي ورافضه لالغاء مشهد رفع مبارك العلم في سينا انتوا فاكرنها خطوبه وبتقطعوا الصور ده ايه القرف ده مرار طافح",0
"انا مصري و ضد الفحم اوقفوا الفحم فحم ليه لمصلحه مين يتم استخدام الفحم طبعا لمصلحه اصحاب مصانع الاسمنت",0
"وهذا هو الجزء الثاني من مناقشه كتاب خروج المصريين علي الخلفاء والسلاطين لمن لايعرفون شيئا عن كفاح ابائهم واجدادهم",0
"اعرفوهم انقلاب مصر يسقط حكم العسكر الداخليه بلطجيه الحريه لمعاذ ابراهيم محمد حسين 18سنه طالب القاهره عين شمس",0
"ولي ولي العهد معالي وزير الوزارتين عشنا وشفنا",0
"الغشيم فعلا يا هيموتك يا هيزنقك تموته اخطر خصم في الحقيقه",0
"معظم الاخواان مشاركوش ف الهشتااج المسئ للسيسي وبكده يبقي الاخوان باعونا مرتين مره ف محمد محمود ومره ف هشتاج هشتوج",0
"اهمال اداره المرافق العامه بما يؤدي لقتل متوال للمصريين جريمه تستحق العقاب الجنائي افتقاد الرؤيه وبرامج الاصلاح فشل يستحق العقاب السياسي",0
"وزير الداخليه كان عصا في يد الاخوان ولا يصح ان يظل في منصبه الساده المحترمون",0
"عدت من الاسماعليه منذ قليل بعد يوم حافل ختمته بمؤتمر جماهيري دفء مشاعر اهل الاسماعليه هون بروده الجو",1
"هذه هي نهايه الغطرسه و العناد مرسي سقطت شرعيته منذ ديسمبر علي الاخوان الان ان يضحوا بخيرت الشاطر ويقننوا وجودهم ويظلوا في حجمهم الطبيعي",0
"الاختيارات مش عاجباني",0
"ومين قال لك انها كانت نزيهه ده كان كمين وش",0
"عنوان المصري اليوم باسم يوسف يظهر ملتحيا عنوان غريبكان الذقن حكر علي مجموعه من الاشخاص النمطيه مرض",0
"الحمد لله تملا الميزان",1
"من لا يعرف امه الا يوما في السنه فهو عاق لها ومن يصلها ويهديها ويبرها كل يوم فلا معني ل عيد الام عنده فعيد الام من",0
"افلا اكون عبدا شكورا قالها صلي الله عليه وسلم ليخبرنا بان بالشكر تدوم النعم ويجد الانسان سعادته الحقيقيه الشكر",1
"بغض النظر عن نتيجه الاستفتاء سيظل هذا الدستور غير شرعي لانه خرج من لجنه تاسيسيه باطله تم تحصينها باعلان دستوري باطل سوف يسقط دستور المرشد",0
"عيد فطر سعيد اعاده الله علي مصر والبشريه بالخير والحريه والعدل والتسامح",1
"ال ع الشمال ده زييت باسم عوده الارهابي اما ال ع اليمين ده زيت الاستقراااااااااااااااااااارررررررر هز ديلك",0
"شاهد اخر كلام مسحت الكلام طب مسحت الدم جبت حق اللي مات",0
"كل شي كتبته غلط كل شي حسبته غلط في الامتحانات",0
"طبيب يداوي الناس وهو عليل قصه ماخوذه من صميم الحياه المصريه اذا صح اعتبارها حياه",0
"مجتمع هيفضل طول عمره حافظ مش فاهم حاااجه",0
"الفيديو بتاع وجدي غنيم ريحته فسسسس",0
"قذاره الانسان تكمن في سكوته علي وساخه ماحوله من اشخاص عن حمدين صباحي اتحدث",0
"و لعل اسوء ما في هذا اليوم غيابك يا باسم",1
"مبارك كان بيحكم من شرم الشيخ والسيسي حيحكم من شارع خمسه باب انتخبوا العرص",0
"اسلوب النعامه في النقاش غير انه غبي هو اسلوب حيواني في الاساس داروين كان هيهيص معانا اليومين دول",0
"فش الغل سيؤدي للقتل في النهايه لو انت يا ليبرالي يا بتاع الحريات مانبهتش لكده يبقي علي بوصلتنا الاخلاقيه السلام",0
"اول مره اشوف مناظره بدون مقاطعه ولا صراخ وكل طرف واخد وقته في الكلام احيي يوسف الحسيني لاداره الحوار بهذا الرقي",1
"دضياء رشوان ان الدكتور عبد المنعم ابو الفتوح الاكثر اعتدالا سياسيا وديننا كما انه اجتهد في مقاصد الشريعه",1
"عبدالناصر الخائن الاكبر الاخوان المسلمون",0
"اهدم نفسك عشان تبني مستقبلك التعليم في مصر",0
"باسم يوسف البرنامج",1
"ادعوكم لقراءه مقاله رائعه كتبها اصاحبي محمد يسري سلامه من شهورعن مغبه شيطنه الميدان من اباخوان والتي ستنقلب عليهم",1
"كيف ترجو النهضه والتقدم من شخص يعتقد ان المنحله اخلاقيا تضع اللولب في جيبها",0
"يوم 7 7 يوم هام في مشروع العلم قوه وهدفه جذب وتسكين 100 الف امي داخل الفصول في يوم واحد عن طريق 10 الاف",1
"بنات عماره انت الامل في العيون بنات هندسه",1
"فضلت اتريق علي اللي شغلهم الساعه 8 واتريق واتريق لغايه ما مطلوب مني في 10 دقائق اكون لابس ونازل وخمس دقائق وابقي في الشغل فجاه",0
"هل هذه هي الديمقراطيه هل وزعت ايضا اموال علي طلاب جامعه النيل والقيادات النقابيه لزعزعه الاستقرار هل بالامن والقمع سنتعامل مع الاحتجاجات",0
"ياجعل دربك تساهيل والفوز فالك النصر الشباب نصراوي لاتكلمني",1
"انا ابكي وادري ان دموع العين خذلان وملح محمود درويش",0
"بعيدا عن الهزار بقي وكده من كل قلبي باقولها لك ربنا يسعدك زي ما بتسعد الناسقلبي وربي راضيين عليك يا امردسلام عليكم",1
"الحب هو اهتمام تنازل كلام احترام فعل دعاء تغاضي عتاب تسامح",1
"انها قنبله موقوته استمر في تطبيق قانون الطواريء و خاطر بالانفجار",0
"عباس يصف المحرقه ب ابشع جريمه في العصر الحديث ويدعو اسرائيل لتحقيق السلام افب عباس اسرائيل المحرقه",0
"صحفي الماني يروي تفاصيل ليله مرعبه من التعذيب والاهانه بين المعتقلين المصريين في الاقسام والسجون",1
"قالك الاخوان بيزايدوا علي بتوع الاتحاديه طب و جمله مش هننزل نتظاهر مع الاخوان دي ايه رز بلبن",0
"اللهم امطر علي قبر محمد حسين جمعه وعلي قبور جميع موتانا وموتي المسلمين من سحائب رحمتك يارب اللهم اغسلهم بالماء والثلج والبرد",1
"خرجت النهارده لقيت كل الشوارع وكل الحيطان عليها هاشتاج انتخبوا البرص لا وحاجات تانيه العن من البرص والانقح",0
"حتي اللي حكتله عن اللي سابوك و قالك ان معاك مش هسيبك سابك هو كمان مبقتش تفرق",0
"اعتراف انا بكره الناس اللي بتخسر اعز صحاب عليها علشان خاطر حاجه مالهاش لازمه انا فعلا بكره الكوره و",0
"علامات من علامات موت القلب عدم الحزن علي مافات وعدم الفرح علي ماهو ات",0
"الهجوم المتوقع علي كرداسه متي يتوقفون عن قتل الاحرار الانقلاب يمارس ويزرع الارهاب",0
"عندما يتهم الجهاز المركزي للمحاسبات رسميا وزيرا بالفساد يبقي عليه العوض في العدل سيبك احلي من الشرف مفيش",0
"بطل نميمه و غيبه انكما قد اغتبتما و من اغتاب مسلما فقد اكل لحمه حاول",0
"جمعيه الاقل من1000 فولورز ادركوا اللحظه لن تنعموا بالفولورز مره اخري المجد للكادحين لقد ولي زمن النخب",0
"تقول صلي ع النبي و اجدعها خناقه تنفض",1
"ناقوس خطر ينبغي ان يدق لدوله متراخيه باتت مؤسساتها محدوده الفاعليه",0
"اللغه تراث",1
"الذين يتسابقون لتلبيس مرشد الاخوان الحذاء عليهم ان يدركوا انهم يهدرون كرامتهم قبل ان يتحدثوا عن الثوره ما يفعله الشاطر بكم لن يفعله بنا",0
"اذا عرفنا ان الذين اتخذوا قرار فض الاعتصام بالقوه لا يؤمنون باليوم الاخر ولا بالجنه ولا بالنار استراح عقلنا المندهش",0
"اياك نعبد واياك نستعين",1
"عن احساس انك تكون في الشارع والنهار يشقشق والنور يملا الدنيا كلها",1
"وجعتكو التويته اللي فاتت يا اخوان معلهش تيجي فين دي جنب وجع امهات الجندي وجيكا وكل اللي اتقتلوا في عهدكم وتحت ظل كذب رئيسكم مخلف الوعود",0
"دعوه الصائم لاترد اللهم اغفر لي ذنبي واجلي همي وبدد وحشتي وانر قلبي بذكرك وطاعتك واجعل الخير مفاتح دربي والصدق نور طريقي",1
"صباح الخير و الفرح و الامل و الجمال والحريهو السلام و نهايه كل الاحزان صباح مصر ام الدنيا",1
"مستمتع باداره حوار الشباب المصري مع مجموعه الحكماء في دار الاوبرا",1
"الاعلان الدستوري ناقص من هو القائد الاعلي ما هي سلطات الرئيس في وجود خطر حال حقه في حل البرلمان وحق البرلمان في سحب الثقه من الحكومه الخ",0
"من يوقف قانون العزل ومن يجمد بلاغات الفساد ضد شفيق ومن يهدر طعون التزوير هل سيجري انتخابات اعاده نزيهه اما تطبيق القانون او مقاطعه شامله",0
"لو دمعتك نزلت علي خدك من كتر ضيقتك اعرف ان ربنا بيقولك اسند راسك علي بابي",1
"ابراهيم صلاح ضحي ب 3 مليون من الهلال السعودي او اتحاد جده واختار الزمالك زملكاوي",1
"قصه العجوز الحكيم و محرك السفينه رااائعه",1
"اخفاء الحقيقه بحجه ان الرئيس يعلم ما لانعلمه وهو بيده الامر ويعرف مصلحتنا فكره خانعه تكرس لتهميش المواطن واحتقاره الرئيس موظف عند الشعب",0
"1 يعني انت مش متابع بس بتشتمني احتياطي",0
"الانقلابي جورج اسحق يشكو من تعسف الانقلاب انت لسه شفت حاجه بكره تبكي بدل الدموع دم وتقول ولا يوم من ايامك يا مرسي",0
"خلق جميل احترام اي انسان فقط لانه انسان مهما كانت ديانته",1
"البيض يتمثل في الي يعمل فولو و لما اعمل الباك يعمل انفولو",0
"محمد علي خير قرار الرئيس عدلي منصور بتحصين قرارات الحكومه من الطعن عليها امام القضاء غير موفق مساء الخير",0
"الانتخابات البرلمانيه القادمه محطه كبري فاما تقارب بيننا وبين الدوله المدنيه بمعانيها غير العسكريه وغير الدينيه او تباعد بيننا وبينها",1
"اعلام العار خيري وباسم ولميس ركزوا سخريتهم ان مرسي نحس انهارده الاتقلاب ما بيفوتش وكل يوم مصيبه اكبر من الي قبله",0
"4 شائعات الفاشيين وطيور الظلام واصحاب المعايير المزدوجه من نشطاء وسياسيين واعلاميين ورجال اعمال وموتورين في الخارج ستظل كاذبه",0
"نادت بك الرسل الكرام فبشرت وملائك الرحمن خلفك سجدا لا يحصي فضلك ناثر او كاتب عددا ولا الشعراء ياغوث الندي سيدنا النبي",1
"افرق في حديثي بشكل واضح بين مؤسسه الجيش التي نعتز بها فهو جيش مهني ووطني وبين دور المجلس العسكري باعتباره متولي",1
"4 2012 انتم اسياد النصاري باخلاقكم كنتم خير امه اخرجت للناس",1
"المجلس الانتقالي الليبي يكرم قناه اون تي في الفضائيه المصريه باعتبارها افضل قناه في تغطيه احداث ليبيا 25",1
"يتقدم الشعب المصري بخالص الشكر والامتنان للمشير السيسي لمجهوده الجبار في حل النزاع الوطني بين مرتضي منصور واحمد شوبير هاشتاج",1
"شكرا تويتر",1
"في الطريق الي اسوان لاول مره منذ اكثر من 15 عاما بدعوه كريمه من الدكتور مجدي يعقوب لحضور افتتاح المبني الجديد بمستشفي القلب هناك",1
"عصام كاريكا المطرب المحجب",0
"كرستيانو رونالدو يفصله 75 هدف ليصبح الهداف التاريخي الاول في ريال مدريد اسطوره",1
"اليوم العالمي للغه العربيه يفترض لها كل يوم وكل ساعه لغه القران الذي نتلوه يوميا لغه التعليم المدرسي لغه العبادات لغه امه الخير",1
"الي بقايا الخرفان باي باي",0
"رغم ان الصحافه رساله الا ان فيه صفحات كامله بتتكلم عن صافيناز سما المصري حلاوه روح ودي كارثه 2014",0
"هو بس سؤال رفيع للاخوان بالنسبه لرجال الاعمال اللي كان رئيسكم بيكلمهم بكل حنيه ودلال مش دول برضه الفلول اللي صدعتونا انهم بيتامروا عليه",0
"فالنسيا خيب ظننا للان كان الدوري لنا لكن ضيعناه قدام اشبيليه والكلاسيكو قبله قهر",0
"123 هنا خطا مننا نحن الاحزاب المدنيه فلقد وافقنا علي هذا لعدم خبرتنا",0
"دعوه الصائم لاترد اللهم طمئن قلب امي واشفها مما تعاني وارفع عنها ماالم بها اللهم فرج هم امي ويسر امرها واكتبها في علي",1
"الله يبارك فيكي يا هند",1
"الفحم وصل يا استاذنا واحنا واقفين نتفرج اوقفوا الفحم حكومه تقتل المرضي",0
"ادين بشده استمرار الانتهاكات والاعتداء علي المعتصمين السلميين عند مجلس الوزراء",0
"موعد قفز سيسي علي الرئاسه يقترب الحق احجز ديل عشان تحضر حفل التنصيب لكنه لن ينال غرضه لان الشعب سيحرمه ويحاكمه",0
"حمزه نمره انساان",1
"الدين ليس حرفه ولا يصلح لان يكون حرفه ولا توجد في الاسلام وظيفه اسمها رجل دين مصطفي محمود",0
"تسلم لي عيونك يا احلي شيرين روحي شيرين محمد العراقي الجريح",1
"حمدين صباحي سافوز ب الرئاسه وشعبيه السيسي تتراجع بانتظام بسبب الاخطاء حد يخبطه علي دماغه الحزين ده خليه يفوق",0
"شوف حجم التهليل والتكبير التهليل والتكبير لقتل رجل لم يصوب لك سلاحا",0
"وظني بك يارب ظنا جميلا جمعه مباركه",1
"دا خنقني من ساعه مدخلت علي طنيطر والصدمه اللي جبتلي الشلل لما عرفت انه مسيحي ا",0
"اخبار صباحيه هبوط البورصه اليومي وتراجع مؤشرها الرئيسي وخسائرالمستثمرين الباهظه بكره تشوفو مصر",0
"الكرامه لا تعوض بالاموال وهي ليست سلعه تباع وتشتري والامارات لديها اموال ولكن ليست لديها كرامه كالعاهرات تماما",0
"اي امراه تصنع الحب والايثار والاهتمام والعطف والحنان مؤهله ان تصبح ام مثاليه",1
"انفولو بلال مرشح الكنيسه و نصير دوله الفقيه ايوه الاتنين مع بعض",0
"افضل عب في العالم رونالدو لم يستطع التسجيل بوجود الصخره حمد المنتشري اسطوره كانيدا يحتاج لحمد المنتشري",1
"2د بل واغراهم بالفعله الاجراميه المتمثله في تهديد المجتمع بالعنف وبالتحريض علي ممارسته باسم شرعيه سقطت وبالشحن الطائفي والمذهبي",0
"عادي اشوف بنت حاطه بس مو عادي اشوف صبي حاط استرجل بطيت جبدي جربت العقال",0
"السعاده ان تجد روحا تشبهك بكل شي",1
"في طريقي الي التوحيد و النور سمعت من واحد مجرب ان بطاطين النمر كفاءه",0
"وائل جمعه عمل المعلق بيقول مش هنعتبر وائل هو اللي عمله خلاص نعتبره كمال جمعه او جمال جمعه جيمي",0
"احداث العمرانيه وصمه علي جبين كل مصريالدين لله و الوطن للجميع",0
"ساويرس يطالب بمنع المظاهرات منتهي الوقاحه من احد اكبر اللصوص في تاريخ مصر",0
"يا مرسي يا خاين يا عميل عيالك الامريكان قتلوه",0
"الحمد لله بسمه قامت بالسلامه وربنا رزقنا بناديه",0
"بلال فضل مفتقد مقالاتك جدا",1
"اللهم اغفر لامواتنا وارحمهم وعافهم واعف عنهم واكرم نزلهم ووسع مدخلهم واجمعنا بهم في جنانك دعاء دعائي غرد بذكر الله ادعيه يارب",1
"تجاهل الاعلام الحقير لضحايا معديه قنا الذين غرقوا في النيل يكشف انهيار الحق لو ايام مرسي كانت الولوله والدموع للركب مش كده يا مني",0
"مش قادر افهم ازاي عبيد باسم طلع حرامي كانوا بيقولوا علي الاخوان خرفان والله مفرقتوا عنهم",0
"فلتذهبوا الي الجحيم الحرس الجامعي",0
"فيلم الجزيره الصندوق الاسود لاحداث الاتحاديه فضح الكثير انتظروا فيلم المندس اللي هيفضح حاجات كمان وكمان انتخبوا العرص",0
"اي والله اسلوب حياه",1
"الحقيقه مباشر مصر انقلاب 3يوليو السيسي المتخابر لخطف اول رئيس منتخب يستعين بحلفائه لدعمه بالسلاح للتصدي للاسلاميين",1
"الشيخ حسان يؤكد ان مرسي يمتلك شرعيه قرانيه وشرعيه نبويه الي متي هذه التجاره بالدين بالمناسبه اين اموال التبرعات التي جمعها الشيخ حسان",0
"اتفرجوا علي الاخوان عايزين ايه من الدستور مهزله",0
"2 عندي حق لكن هل اخلاقنا مثل اخلاقهم",0
"يقبض انصار الاسلام السياسي اموالا مجهوله المصدر ثم يشترون بها الاصوات وعندما ينتقدهم احد يفتحون عليه صفيحه قمامه شتائم يعني دجل وقله ادب",0
"زول في الشارع للبنت و كميه شده الاعصاب اللي بتقابلها يجيب الف مشكله نفسيه في حد ذاته مصر تحرش",0
"ملايين في الشوارع قبل العاشره صباحا مشهد لم يره بلد في العالم كم انت عظيم يا شعب مصر",1
"انا مستعد للقيام باي دور لخدمه الوطن حفاظا علي التضحيه التي قدمها الشهداء وحمايه لمطالب الثوره",1
"الفرسان كوره اخبار محمد صلاح يقود تشيلسي لاسقاط ليفربول",0
"2050 بقوللك ايه محمد محمود مجلس الوزراء العباسيه الاتحاديه وغيرهم وغيرهم انتم لستم ابرياء وخاصمتم الانسانيه والحق من اجل السلطه",0
"في ناس من انصار ابو اسماعيل زعلانين ونازلين شتيمه واضح انهم محبطين عشان مش هيبقي في اعتصام ودبح عجول وكدهمعلهش اطلعوا مدينه الانتاج تاني",0
"مرسي الذي في خاطري و في دمي احبه من كل روحي و دمي",1
"الحياه جميله عندما تستخدم ادوات السعاده بها الامل و الفال الحسن و الايجابيه و الايمان بقضاء الله وقدره خيره وشره",1
"جامعه المستقبل شريكه في سي بي سي الانقلاب اعادت امتحانا لطالب ساقط بتوصيه من الانقلاب ونجحوه",0
"اثار تخريب كنيسه مارجرجس وحرق بيوت الاقباط بقريه دلجا بعد اعتداء الاخوان الساده المحترمون",0
"تدوينه هامه",1
"ساويرس مشغول بالبيزنس وانا والحمدلله لم اقترض من البنوك ولم انحن امام الهانم ولم اشتر اراضي مصر بسعر بخس لابيعها بملايين لا املك الا قلمي",0
"اللي ضد تطهير الداخليه هو مرسي وجماعته وماحدش منعهم عن دهوياريت تورينا شطاره نقدك علي كذب الرئيس وجماعته وفشلهم الذريع",0
"الاسواني لماذا تصر الولايات المتحده علي استمرارها في دعم مرسي للنهايه رغم قتله للمصريين وقمعه للتظاهرات",0
"عار عار عار عار عار عار مانحن فيه عار الدماء انهار والشهداء بالعشرات الرصاص في الراس والرقبه والصدر",0
"تصرفات القاده نعم لاردوغان مصر",1
"ابراهيم عيسي ساخرا هل يوجد علاقه واضحه بين تاريخنا السياسي و الراقصات العوالم",0
"سنفعل كل ما نستطيع لاسقاط هذا الدستور الباطل",0
"برومو حلقه بائع الليمون ثاني حلقات الانيميشن من برنامج بسمه امل انتظروا الحلقه الساعه 7 مساء الخميس",0
"639 الراتب مايكفي الحاجه الاتحاد الهلال النصر الاهلي مرسي",0
"ناجح ابراهيم ثوره يناير فككت الدولهوالفيوم وبني سويف معاقل للفكر التكفيري اخبار مصر",0
"شبرا العظيمه دوماكل يناير واحنا هنا",1
"انك تدافع عن اي بنت لو لاقيت حد بيدايقها ف الشارع الرجوله دي خلق جميل",1
"في عظمتك ملقتش كتييييير بتكسب و تفرح الملايين الاهلي",1
"اعداد كبيره من الامن بزي مدني خلف الصف الاول للامن المركزي عند ناصيه مجلس الشعب الداخليه بلطجيه",0
"واحد من مجاهدين بيت المقدس وهو بيجاهد قصدي بيراقب اكادميه الشرطه حركه كايدينهم",0
"في جنه الخلد يا بطل العبور في جنه الخلد يا شاذلي في قلوبنا ستبقي 25",1
"بلدنا مش عايزانا وبتدينا علي قفانا السكه شمال",0
"اللي بيقول ان البلد دي بلدنا لما حد بيقوله يا خواجه بيكون سعيد جدا شوفتو احلي من كده وطنيه لو جنان اتجنن",0
"الاعدام ل صغار الخنازير بديع المرشد الاخوان المنيا مصر السيسي",0
"قاربت السنه علي ابشع مجزره في التاريخ الانساني فض اعتصام رابعه و العين مليئه بالحسره و يمزجها الامل و الصبر علي",0
"انا ضد انا يكون نائبي امراه او مسيحي من اجل دعايه انتخابيه ولكن سيتم اختيار الاكفا في كل مجال سواء",0
"يانبي سلام عليك ماهر زين",0
"شكرا علي مشاعرك الطيبه",1
"للاسف ما يسمي صفحه التراس باسم يوسف بداوا يستعملوا لغه سيئه جدا وانا بعد ما ساندتها لا استطيع مسانده هذا الاسلوب السيئ",0
"لن تصل مصر مطلقا الي كاس العالم الا عندما تصل الديمقراطيه الي مصر بلد تقتل ناسها وتلاحق جمهورها العاشق للكره",0
"ضابط جيش يضرب زياد العليمي اصغر عضو منتخب في مجلس الشعب و يقول له خلي مجلس الشعب ينفعك بدايه طيبه لعرس الديمقراطيه",0
"مرسي موحد الفتن",0
"كاتب في جريده القدس يفترض انه ناصري و مش اخواني سليم عزوز",0
"حالا لاول مره في حياتي متشرف اني اكون في مدينه المحله الكبري لاحياء احد الافراح بعد قليل",1
"70007 الحماره امك فطيم النعاشه وانت ولدها و اذا فكرت تصير ولد حلال اطلب من فيفي عبده الام المثاليه تتبناك هههههههه",0
"قل لا للدستور تنقذ مصر من العنصريه والدسكتاتوريه والتقسيم",0
"بسمه امل جديده مع لذه العطاء",1
"الفرق بين الداعيه الديوث والشرشوحه خالتي فرنسا ان خالتي فرنسا تابت ولم يكن لها الحظ بالعمل في تقديم البرامج الدينيه",0
"هو كل كلب ولا كلبه يمسك منصب فاكر انه ممكن يتحكم في تاريخ البلد دي علي اشكالكم الضاله مبارك اكتوبر سيناء نصر",0
"هذا ما يحدث عندما لا تقول الحق وتمسك بالعصايه من النص وترفض ادانه عنف السلطههذا هو الامن علي الطريقه الاخوانيه",0
"استشهاد جنود مصريين علي الحدود بنيران صهيونيه جريمه غير مقبوله دماء هؤلاء الشهداء تستدعي موقفا جادا حفاظا علي كرامتنا وصيانه لحدودنا",0
"اخبار تل ابيض اتحاد تنسيقيات شباب الكورد في سوريا تنسيقيه الرقه تحذير و نداء هام جدا داعش",0
"المحامي عن المتهمين في تفجيرات دهب لا متهم باسم عادل حباره الذي اتهمته الداخليه بتنفيذ مذبحه الجنود في سيناء دول بيكدبوا في الكدب",0
"حاجات بتفرح في مصر الناس الكبيره في السن اللي بتدعيلك لمجرد انك رديت سؤالهم بادب او عديتهم الطريق",1
"مدير جامعه الامام يستنكر الثناء علي اردوغان ويعتبر تركيا دوله فاسده فاسقه فاجره تنشر الرذيله عسير السعوديه",0
"بس ممكن العرص يموت وساعتها حمدين صباحي ينجح بالتزكيه ساعتها حيكون له تلات معارضين الاخوان و الفلول و مؤيدين السيسي بيعملوا فولو لبعض",0
"ناشرون الاخباريه حمدي قنديل قانون الطعن في العقود دا خلانا طراطير والشعب طرطور والحكومه ومجلس الدوله والشعب طرطو",0
"نعلم ما تمثله مصر لافريقيا وندعم خارطه الطريق الساده المحترمون",0
"الحمله الشعبيه لمكافحه الافوره",0
"كيف يحشد الرئيس مرسي الجماهير لاسقاط الاعلان الدستوري فيهتفون يسقط حكم العسكر ثم يشيد الرئيس اليوم بالدور الرائع للمجلس العسكريتناقض مؤسف",0
"الاخوان سيضاعفون اعتصاماتهم الاجراميه وغاراتهم المسلحه لانهم تحت حمايه امريكا وحكومتنا تتفرج وتحدثناعن اهميه التسامح طبقوا القانون اوارحلوا",0
"المطرب الوقح بيشتمنا ويغني لما امريكا تؤمر يردوا يقولوا امين واحنا بنقولو لما وقح يغني لامثاله يقولو امين",0
"اعتراف ما زلت احب سيريلاك بالقمح",1
"نجيب ساويرس يتحكم ف النادي الاهلي احمد سعيد رئيس حزب ساويرس اصبح نائب رئيس الاهلي بدل من محمد عبد الوهاب صاحب التاريخ الكبير",0
"4 اناشد الجميع الابتعاد عن الاقتتال الاهلي والالتزام بالتعبير السلمي عن الراي لا تفرضوا لون الدماء علي الميادين والشوارع المصريه انتبهوا",0
"وحدتنا التي افسدتها باخلافك المستمر لوعودك والاعلان غير الدستوري الذي قسم المصريين قوتنا في وحدتنا الرئيس",0
"ايام حلوه الايام عمرو دياب",1
"النهارده في تحقيق استقصائي عبقري عن الفساد في البورصه في المصري للاسف هيتوه في زحمه الاحداث",1
"عبر الناس داخل الكاتدرائيه عن مشاعرهم بحرقه بعد قتل ابناءهم و بسبب التغطيه الاعلاميه الرسميه المخزيه",0
"من فضل الاسلام انه كرم المراه واكد انسانيتها واهليتها للتكليف والمسئوليه والجزاء ودخول الجنه",0
"مرسي مثل مبارك سيعين رؤساء الاجهزه الرقابيه هل يستطيع رئيس جهاز رقابي عينه مرسي ان يعترض علي ميزانيه الرئاسه او تمويل الاخواندستوركم باطل",0
"نصائح مهمه ورائعه لقروبات الواتس اب انشروها رتويت واتساب السعوديه الكويت قطر درر",1
"5 سقوط الكنيسه مع البابا المتطرف تواضروس مفهوم ومرتبط بالمصلحه في تقويض مكانه وهيبه الاسلام في مصر واستفاد بخبث من مبدا استعماري فرق تسد",0
"اسامه غريب تشرفت بالدفاع عن الكاتب الساخر المعروف الاستاذ اسامه غريب في قضايا الراي التي كان يحاكم فيها ايام",1
"اعراضنا عن الرد علي كلب السيسي المحامي الفاشل الكذاب المرتشي والبذيءالشتام ليس ضعفا منالا والله ولكنه ترفع واعراض عن الج",0
"بتفرح اووي لما تبقي انت السبب في ضحكه حد انت بتعشقه",1
"انا هقوله شرعيتك حمرااااااا",0
"ساتجه الان الي الملتزم بين الحجر الاسود و باب الكعبه هناك يستجاب الدعاء و هناك لصق النبي جسده بالكعبه و دعا الله كثيرا سادعو لكم كثيرا",1
"شكرا ياشباب علي محبتكم ربنا يجعل كلامنا خالصا لله والوطن ده رابط تحميل المعصره مقاله احمد زكي مهمه تصبحوا علي خير",1
"3 الجزيره ولا حاجه جنب قناته الشملوله اون تي في الي بتتوقع الكوارث قبل حدوثها وتسبق لموقع الحدث",0
"من قال ان دستور الجماعه لا يقسم مصر يجب ان يكشف علي نظره فهذا شيء واضح وضوح الشمس",0
"شوف العقول المفكره لما تتحاور مع بعضهاده ايه الحلاوه دي كلها",1
"تفه واحده مش كفايه لمجتمع متحرش",0
"اؤكد علي حق جماعه الاخوان في الاحتفاظ بترخيصها كجمعيه اهليه ومزاوله نشاطها الاهلي في نطاق القانون الذي سنه برلمانها لا ل",1
"كوز دره مشوي مكموره في الغيط وعبد الحليم بيغني جانا الهوي",0
"جيد ان تتنوع الاراء حول السياسه وقضاياها وضروري ان يتم التعبير عن هذا التنوع في الاعلام التقليدي وشب",1
"اخوان باعو عسكر خانو",0
"تخبط غير عادي في هذه الحكومه ومن الرئاسه زياده والغاء ضرائب في نفس اليوم يثبت انه ليس لديهما ادني خطه او رؤيه او نضج",0
"عمري ما كنت اتخيل اني هتحاور مع قتله او متورطين في قتليتبع",0
"موقف نفسي اعيشه مع مراتي اني اكون الامام و نصلي مع بعض",1
"نسال الله ان يحفظ شيخنا من كل مكروه ويمن عليه الصحه والعافيه سلامتك يا خليفه",1
"بلاغ للنائب العام مطلوب صاحب هذه الصوره الذي هدد نجيب ساويرس بالقتل والاعدام",0
"الحركه السياسيه في مصر تاليف طارق البشري يكشف تواطوء قيادات الاخوان مع اسماعيل صدقي والملك فاروق ضد الحركه الوطنيه اقرءوا قبل ان تشتمونا",0
"مصر الليله فياض الانقلابيون فعلوا ما لم يفعله كفار قريش عبر",0
"امير عيد هو اللي فعلا يتقال عليه ستريكر صريح كاريوكي السكه شمال",1
"برميل السيسي يحكي ان سهره رمضانيه جمعت بين السيسي وعدد من الانقلابيين القذافي وصدام وعبد الناصر",0
"طغمه الانقلاب لا تتورع عن اعتقال النساء الذي اصبح ظاهره تتجاهلها جماعات حقوقيه تقرير للجزيره",0
"الجبناء يكذبون علنا احدهم يقول ان العسكر لم يحكموا مصر اخر 60 عاما ويطالب بخضوع مصر للجيش واستشارته في اي حاجه تخصه",0
"كريستيانو رونالدو صاروخ ماديرا او قاذفه اللهب او الدون او التورنادو او السيداو الامراطور و المهم انه افضل لاعب عالمي",1
"واضح ان شباب الاخوان رغم ذكائهم مغسوله دماغهم تماما ادعوكم الي قراءه كتاب البشري الاسلامي لتعرفوا انتهازيه قادتكماقرءوا الكتاب لتفهموا",0
"خطاب مرسي بدايه جيده نتمني ان يكون ذلك بدايه لتوحيد الصفوف ضد العسكر",1
"فضيحه من العيار الثقيل لواء شرطه يفضح استعانه الشرطه بنخنوخ والبلطجيه مصر",0
"الجيش لم يخون مرسي فقط بل خان الشعب المصري باكمله",0
"الي تواضروس اكثر من 1000شهيد 10 الاف مصاب 20الف معتقل كلهم مسلمون والاقباط في مامن تام في الانقلاب ثم تشكو حقاره",0
"صعب ابعتي حاجه تانيه وهريتويت انما مثال الراسماليه الفاشي ده مش معاه",0
"كلمه هيبه محتاجه تتشال من القاموس عشان ماحدش يتمسح فيها في الرايحه والجايه ده طبعا غير انها علي نفس وزن خيبه",0
"اكره جمله ذكري الثوره لانها دائما تذكرني بمصير المطربه الراحله ذكري",0
"الداخليه بلطجيه واقعه الاعتداء علي الزميله م داليا رضوان",0
"صور مفتي الاخوان المسلمين القرضاوي مع حاخام يهود ومع طغاه العرب انصاف الاخوان",0
"احساس رخم اوي لما تكون عايز تفرح حد معين و مش عارف ازاي اه والله",0
"يوسف الحسيني بالفيديو يفضح كذب قناه الجزيره ويكشف تمثيل الاخوان دور الموتي تحت اشراف قناه الجزيره",0
"اعلام العار ادعي الوطنيه عند خساره مصر من غانا 6 1 واليوم يهاجم محمد يوسف بطل العالم للكونج فو لارتداء تيشيرت",0
"علاء الاسواني لقد حافظ الرئيس مرسي علي اعلام مبارك الفاسد وراح يستغله لمصلحته المقال كامل",0
"في ناس غاويا كدب وكمان بتخاف فيديو متفبرك تماما مندوبتنا في ليسيه الحريه مادخلتش اللجنه اصلا بس حركات مفضوحه",0
"اليوم السابع كلاب بوليسيه لتامين امتحانات عين شمس و الجامعه منع دخول المفصولين",0
"بطاقه دعوه زواج حلوه ل الواتس اب من تصميمنا رتويت ي حبايبي",1
"الي المتخاذلون و المتحولون يقول مارتن لوثر عندما ينتهي كل شيء لن تذكر شيئا من كلمات اعدائك لكن صمت اصدقائك سيترك اثرا لن يزول",0
"نيجي بقي لاستخدام دور العبادهغلط اكبر غلط بس لما يبقي في اصرار لطرف علي استخدامها بل و الفتوي بوجوبها حتلاقي رد الفعل المعاكس",0
"بيع متابعين السعوديه الكويت برشلونه النصر الهلال الاتحاد الامارات الرياض الدمام بوح عمان دبي جده 051",0
"لان مجلس الشعب منتخب علي عوار وتشكيل التاسيسيه ايضا بسيطه وواضحه",0
"لكن في ارض النفاق كالعاده يكسب الكداب كايروكي",0
"اتذكر البرلمان الاسلامي الذي طالب بقتل الذين يتهجمون علي وزاره الداخليه كما تدين تدان",0
"حمدا لله علي سلامه ابنائنا المجندين المحررين و نهنئ اهلهم و احبائهم بعودتهم و نهنئ الشعب المصري باطلاق سراحهم",1
"مصر السيسي تنتكس وتعود للعصر الحجري وحكم الغاب يحزنني حال الذين يدعمون هذه الهمجيه والنازيه الجديده مرسي السعوديه",0
"سيبك انت انت شخصيه جميله",1
"و اعتز بمصريتي و صعيدتي",1
"الثوره قامت اساسا من اجل انهاء الحكم العسكري الذي جثم علي صدر مصر ستين عاما واوصلنا الي الحضيض اذا لم يسترد الشعب السلطه بالكامل فقد فشلنا",0
"اشعر بالشفقه علي من يصف فبركات السيسي يوم30 يونيو بثوره حشد مرتب لمده ست ساعات لتبرير عمليه الخيانه والغدر والانقلاب علي او",0
"الداخليه بلطجيه جهله والقمع حياتهم",0
"واحشني قوي و انا مقصر معاك عندك حق كلم شادي و الشباب و خلينا نتقابل يوم الجمعه و العشاء عليا",1
"طلاب الجامعات قالوها اليوم عاليا لا دراسه ولا تدريس الا بعوده الرئيس صدامات واعتقالات وغدا ايقاف الدراسه او فوضي بالجامعات",1
"بجد كده اوفر اوفر انت قررت تنتخب السيسي مع ان حمدين صحبك وكنت معاه وكان افكار السيسي غير افكار حمدين محمود سعد متا",0
"انقلاب لصوصي دموي هل يمكن ان يحالف التوفيق بلدا يديره انقلاب وبكره تشوفو مصر",0
"يا مرعبهم يا مدمرهم محمد صلاح العب يا صلاح",1
"هتحبك لو احترمتها في وجودها او غيابها",1
"كلمه شكر ل عادل عبدالله ع البلنتي و الطرد اللي حصله اصلا الطرد احلي",1
"تطبيق الشريعه",0
"اشكر اهالي صان الحجر بالشرقيه علي استقابلهم الكريم لي وعلي عزومه البوري المشوي وفي طريقي الان لالتقي باهالي فاقوس في مؤتمر جماهري",1
"عايز تنافق اي سلطه وتلحس جزمها ده اختيارك لكن ليه زعلان اوي ان غيرك بيقول راي مختلفمش كل الناس عندها ميول للتاييد او النفاق زيكخلقه ربنا",0
"زي ماكتبت لما شعر السلفيين بغدر الاخوان وانهم بيستخدموهم وسيله ضغط ليس الا وطلع نادر بكار ينتقدهم بداوا يشتموه ويقولوا عليه طامع في السلطه",0
"اقرا خطر مشاهده الافلام الاباحيه تفتك الدماغ",0
"كدبه ابريل",0
"مرسي محبوس وخاين ومش هيرجع والتصالح مرفوض الساده المحترمون",0
"بيونغ يانغ تشبه رئيسه كوريا الجنوبيه ب عاهره و اوباما ب قوادها كوريا الشماليه امريكا العالم",0
"احيي اخواني في حزب البناء والتنميه الجماعه الاسلاميه علي موقفهم الوطني الرائع حيث قدموا مصلحه الوطن علي انفسهم وكانوا سببا في جمع الكلمه1",1
"الشعب هو البطل الوحيد",1
"مايمرروهمهما عملوا الدستور ده مش هيعيشلانه ولد ميتا وبني علي باطل وسيقود الي باطلدي قناعتي ومؤمن بيها",0
"اللهجه التونسيه فعلا من احلي اللهجات في العالم العربي ومش صعبه",1
"خلق جميل الاحسان الي الجار",1
"تطهير الداخليه الان وفورا",0
"عظيم نجاح اجهزه الدوله وبالتعاون مع اهل سيناء في اطلاق سراح الجنود المختطفين دون اراقه للدماء هذه اداره ازمه ناجحه ينبغي الاشاده بها",1
"ضيف الجزيره القادم من الاهرام مثل كل مؤيدي الانقلاب قطعيه واحده هي هي نفس الغباوه والبجاحه والوقاحه",0
"ومجتمع نريد استقراره وبناءه ديمقراطيا يعاني ومجلس عسكري تاكلت شرعيته ويصر علي اخطائه التي باتت تهدد تماسك الدوله وتعيدنا للوراء",0
"سوريا في القلب سبحان من وضع في قلب العربي سوريا و اليمن والصومال ومصر وليبيا وتونس والبحرين والكويت بلاد العرب في ال",1
"مسيره مدينه مصر غير مسبوقه يا ويلكم يا انقلابيين من ثوره الشعب العظيم",0
"حاطين جاموسه ع الجوازات بتنادي ع الخواجات كده بس بسبس بس حاجه تعر",0
"اعطونا سيناء و اخذوا السياده تسقط اتفاقيه كامب ديفيد",0
"اطالب بعزل شفيق ومحاكمته ثم عمل انتخابات نظيفه او التحقيق في التزوير واستبعاد الاصوات الباطله والاعاده بين الثاني والثالث او مقاطعه المهزله",0
"اري ان النظام المختلط بين النظام البرلماني والنظام الرئاسي هو الانسب لنا هذه الفتره التي تتوزع فيه السلطه",1
"ليه بنخاف من الموت و هو الحاجه الحقيقيه في الدنيا",1
"ازمه الفكر في مصر ان الاعلي صوتا لا يقول شيئا والاكثر حكمه لا يسمعه احد",0
"لابد من التوجيه التحيه الي حزب البناء و التنميه الجماعه الاسلاميه الذي تنازل عن نصيبه في التاسيسيه من اجل احداث ال",1
"كذبه حقيره الاهرام العربي مرسي طبع 65 مليار جنيه والبنك المركزي ياسف ويستنكر ويرفض التعقيب",0
"ظابط جيش يهين اهالي مدينه الشيخ زويد ويقول والله لنضربكم بالكيماوي زي بشار الفيديو كارثه والي بيعملوه اجرام سيناء",0
"الحمد لله ان لي ربايغفر الذنبويقبل التوب حليمستيرغفوررحيمجبارعليمحكيم تعرف الي الله باسمائه وصفاته اح",1
"اصحاب المحلات في شرم احتفلوا بالانقلاب واذاعوا تسلم الايادي اليوم تظاهروا ضد الانقلاب بكره تشوفو مصر",0
"في امريكا دلوقتي المحطات النوويه شغاله وبرامج الفضاء شغاله والابحاث العلميه والاستديوهات والمصانع والاحزاب وحركات الرفضانت بقي شغال في ايه",0
"الناس لازم تحس ان 30 يونيو جت عليهم بفايده علي المستوي الاقتصادي والاجتماعي يوسف الحسيني نقطه لقاء مص",1
"اجدع حاجه ان التيتي قصدي السيسي كل ما يحاول يعمل شو اعلامي في صوره تتقلب عليه هاشتاج سخريه وده يبين انه حمار اخر حاجه السيسي هايصالح",0
"ائمه ودعاه وشيوخ البياده يتحملون وزر قتل الابرياء في المظاهرات كالقتله تماما",0
"فخور اني مصري اولا و اخيرا",1
"الانفلات الامني الموجود ليس نتيجه لضعف الامن وحده ضعف مؤسسات الدوله وتراخيها ادي الي تمرد علي سلطتهاالدوله في خطر ولابد من اعاده السياسه",0
"معني هام جدا نحتاجه بشده في هذه الايام في بلادنا",0
"اوعي تهدم بلدك قصه صاحبه القصر",0
"مفيش جمهور في الدوري المصري يبقي مفيش كوره اصلا مفيش كوره من غير جمهور رجعوا الجماهير",0
"تحيا مصر مصر جميله مصر المحروسه السيسي هايصالح السيسي رئيسي 2014",1
"يسعدني ان تشاركنا برايك في الخطوط العريضه للبرنامج",1
"1 هي انسانه رائعه",1
"تبقي بجد في كوكب القرود اذا افتكرت ان شعبيتك تزيد بممارسه التسويف والقمع والتدليس والنفاق لتبجيل وتبرير ديكتاتوريه فجه",0
"الابراشي ينتخب الشيطان لو نافس الاخوان وينتخبه لو دخل ضد الرسول الشيطان لازم ينتخب الي زيه",0
"ياللا نحضر عيش و حلاوه",0
"خلقت مبرءا من كل عيب كانك قد خلقت كما تشاء سيدنا النبي",1
"حاجات بتفرح في مصر لمه رمضان",1
"متعودتش اشوف ف الناس غير الجمال حمزه نمره",1
"عن فرحتك وانت بتجدد الباقه",1
"جمال خيال حقيقه جميل درر حكم اعجبني حكمه بقلمي شوق بوح شعر قصيد رتويت خمس الاف متابع ب 200 ريال 458",0
"وطبعا لما الداخليه تحتل المدارس لتهاجم الشعب بالموليتوف والرخام ويكسروا عفش المدرسه عشان يحدفوه علي الناس كده الدوله هيبه ونحس بامان",0
"كل التضامن مع ثوره شعبنا العربي في اليمن من اجل الحريه والديمقراطيه والعداله والوحده ثوره الشعب العربي ممتده من المحيط الي الخليج حتي النصر",1
"العالم سيشهد تجربه انتخابيه بمصر لا مثيل لها وتربطنا مصالح مشتركه باثيوبيا",1
"تطاولك علي شيخ الازهر تجاوز كل الحدود الساده المحترمون",0
"لدستور يعاملني انا واولادي كمواطنين من الدرجه الثانيه بالتاكيد ساصوت عليه ب لا والف لا",0
"اصرار الشعب التونسي علي الوصول الي الكيلومتر الاخير ثوره اخري في حد ذاته واهم درس من بين دروس كثيره",1
"ميرسي يا يو",1
"خلق جميل انك تحسن معاملت من اساء اليك",1
"عمال مصر هم عماد الوطن تكرار الاعتداء علي العمال يؤكد ان دوله مبارك لم تسقط وان تغيرت الوجوه",0
"خالد علي رفع اسعار الغاز اجرام سياسي",0
"ثار سيد بلال وغيره سيلاحققك ايها الافاق برهامي شيوخ السلاطين تجار دين",0
"انا مش حارق دمي غير ان المدعو عدلي منصور مصدق نفسه انه رئيس",0
"لدي رغبه عارمه في الانتقام لو جاءتني الفرصه ساكون اكثر شراسه منهم اعترافات ليليه",0
"اتممت مهمتي كعضو لجنه تحكيم في مهرجان فينيسيا اليوم شاهدت 20 عرض وراضي بشكل عام عن نتيجه الاوريزونتي التي ستعلن في الختام كمان ساعتين",1
"لما انت عارف مجموعه الشيوعيين بالاسم ابقي قدم فيهم بلاغ ولاتنشر الكلام علي عواهنهكلامك واضح يارجل الحوار",0
"الشبراويه مع الشرعيه حاميها حراميها الان من مسيره شبرا الخيمه بالجزيره مباشر مصر العز بن عبدالسلام",0
"كثير منهم يقولون يعني مش غضبان لسب السيده عائشه يعني انتو برضه هتزايدوا علي سيدنا النبي الذي لم يفعل مافعلتموه من دناءه بمن اذاه في اهل بيته",0
"تخيل انك تتشاجر في الشارع انت تضرب خصمك وهو يضربك ثم يظهر شخص لكي يفرق بينكما لكنك تكتشف انه يمسكك ليمكن خصمك منك هذا ما يحدث في مصر الان",0
"الدكتور مصطفي محمود بيشرح بطريقه بسيطه",1
"القران يرفع الناس ويجعلهم في الدنيا والاخره في اعلي مقام",1
"امين من هنا للعشر الاواخر انا في ديك الساعه يا جميل انت عارف محبتي واعجابي",1
"88 من قضايا الابتزاز في السعوديه سببها مقاطع وصور البنات الجوف دومه القريات سكاكا سكاكا ال",0
"سيذكر تاريخ مستشفي الامراض العقليه ان محكمه مصريه اصدرت حكم ببراه الفلول فاحتج الثوار ونزلوا ضربوا بعض في ميدان التحرير",0
"ولا اشعر بادني تعاطف مع مبارك ونظامه الذي اوصل هذا الشعب الي ما صار عليه يستوي في ذلك الاسلاميون وغير الاسلاميين تد",0
"المصري اليوم علاء عبدالفتاح مصر لم تشهد حكما مدنيا حتي في عهد الاخوان",0
"99 55 123 4 توكل كرمان هذه عاقه لوالدها ويصفها بقليله الادب",0
"سبحان الله والحمد لله ولا اله الا الله ولا حول ولا قوه الا بالله والله اكبر واستغفر الله اذكر الله غرد بذكر الله 41",1
"انا ضد الرقابه الاداريه علي الابداع الفني و الثقافي",1
"الي حمدين صباحي لو انت عاوز تحاكم السيسي يبقي انت ما فرقتش كتير عن اللي حاكم سليمان خاطر نقطه مصر الانتخابات الرئاسيه اليوم السابع",1
"يحيطك دائما بما يشغلك فضيحه المحله مرتضي سما ابله فاهيتا الخ يتغير الزمن ولا يتغيرون يلهونك بقنابل الدخانليطبخ برواقه الله غالب",0
"اشاهد الان اوتار القلوب علي شاهدنت عبر",0
"سبحانك يالله وفي ساعه المطر تستجيب لدعواتنا عادل",1
"صوتك للاخوان معناه الفقر يزيد لانهم لازم يحافظوا عليه ويرعوه وكده قزازه الزيت وكيس السكر يلم اصوات الغلابه وينجحهم",0
"ذكري واحلي ذكري اول واقفه في التالته شمال 07 الاهلي",1
"منطق فاشل وكاذب دول متصورين بالاسلحه وفيه ضحايا سقطوا من الشرطه في الاعتصامين مش هتعرفوا تغيروا التاريخ",0
"بعد مصادره فيلم حلاوه روح منع سما المصري من الغناء متي يرفع مسئولوا هذه الدوله الوصايه علي هذا الشعب لا للسلطويه",0
"ما تفعله قناه الجزيره هو اعلان حرب علي مصر و لا يمكن السكوت عليه",0
"المبادره جميله كلفته من العمل المجتمعي لكن ماذا بعد هل سننزل للقبض علي المجرمين لان الشرطه متخاذله",0
"نهنئ الشعب المصري والامه العربيه بشهر رمضان وليكن هذا الشهر فرصه للمصالحه ولتوحيد الصف وحقن الدماء",1
"مقال عمرو حمزاوي مرحله جديده من تزييف الوعي مسموعا من موقع اقرا لي",0
"استمعت للعمال لا حق في انشاء نقابات مستقله 8 مليون بعقود مؤقته استبعاد 30 الف مرشح من الاتخابات النقابيه عدم وجود حد انساني لللاجور",0
"انت من استلذ باحلامي بك واستطعم الحب بحضورك مقتبس من تصميمي ميسي 97",1
"وحكايه انه يكتب البذاءات دي بقت قديمه خالصده اكثر الافلام اسفافا ارقي من خطب بعض مشايخكم اللي طلعتوهم علي منصه دعم كذب الرئيسالعبوا غيرها",0
"الصلح خير قوم نتصالح المشير",1
"دعبد المنعم ابو الفتوح في ندوته في مكتبه ا انا ضد الخلط بين العمل الدعوي والعمل الحزبيفالمؤسسه التي تقوم",0
"مكتسبات ثوره 25 يناير راحت في الزباله عوده لعصور الظلام وامن الدوله نظام زائل",0
"جيل الوسط هو الذي شغلته اسئله ومشكلات عصره باحثين عن الحقيقه",1
"اللهم بلغنا رمضاااااااااان نفسي يرجع بقا",1
"لا امل في دوله تدخل في حرب مع اعدائها لتحرير ارضها منهم تويت كانك ناشط ايام حرب اكتوبر",0
"الاهرام رجع زي ايام هيكل البلد زي الفل بس تعبانه شويه وقواتنا تقترب من تل ابيب بس اسرائيل ضربت كل مطارتنا",1
"في ناس بتموت هنا المشرحه",0
"الامارات دفعت للانقلاب 8 مليار دولار لاسقاط مرسي وايقاف مشروع قناه السويس وكسبت 100 مليار من الانتفاع بالمشروع لنفسها",0
"لو استمر مرسي في سياسه العناد الفاشله سيكون الفرق الوحيد بينه وبين المخلوع مبارك انه لا يحب ان يقضي اجازته في شرم الشيخ علي الاقل حتي الان",0
"الانقلاب يقتل السوريين في البحر قبل ان يدخل علي الفلسطينيين من الجو المصريون ذاقوا كل الاصناف",0
"عندنا القضاء الواقف وهو المحاماه والقضاء الجالس وهو القضاه والعدل النائم ا جلال عامر",0
"احبك الذي احببتني فيه",1
"صباح حنون وهادي بصوت ماهر زين علي كل فولوري الحلوين سمكه بتصبح",1
"سيدي الفاضل اعلم جيدا ان دحلان عميل و ضاحي خلفان انما هم كلاب ضاله اطلقها اسيادهم",0
"ماتخفش محدش بيتحاسب ارجع المصريين نسيوا الشهداء اللي ماتوا",0
"قوه هدفها استكمال نقل السلطه للمدنيين المنتخبين وبناء دوله المواطنه والقانون المدنيه ورفض ممارسات الاستبداد والمنافسه الانتخابيه الجاده",1
"اقاله لبيب السباعي من الطب الشرعي وتعيين د احسان كميل جورجي بدلا منه الي مزبله التاريخ وشكرا",0
"ماعنديش مشكله نقبل او نرفض القرض علي اسس اقتصاديه لكن انك تلوي الدين عشان تحلل و تحرم هو ده اللي ينرفز",0
"تخيل احساس ظابط الشرطه الي عارف انه مستهدف في كل ثانيه من اليوم وفي كل حركه بيعملها حتي لو بعيده عن طبيعه عمله الاخوان جماعه ارهابيه",0
"استخدام المساجد في العمل السياسي ونشر العنف",0
"انتهيت من اداء العمره فانه منظر عظيم ان تجد الملايين يستغيث ون بالله تعالي يا رب انصرنا و احفظ بلادنا و افتح",1
"صاحب قناه الفراعين للمصري اليوم انا ملك التوك شو خبر صحيح و وصف دقيق طيب الله اوقاتكم",1
"رحم الله جمال البنا اتاح مكتبته الضخمه في العباسيه للشباب وحرص علي مساعدتهمالمكتبه عنوانها 195 شارع الجيش بالقاهره اتمني ان تظل تعمل بعده",1
"والله ما عارف اضحك الله يحرق ثانويه عامه علي مدرسينها واحد واحد",0
"صناعه الكذب الجزيره",0
"لا شيء يبرر احاله المدنيين للقضاء العسكري حتي البلطجيه القضاء المدني كفيل بهم",0
"الرضا بماا كتبه الله لك يجعل لك الحياه كما تريد",1
"استمرار تطور وتجديد كوادر التنظيم المسلح لجماعه الاخوان الارهابيه الساده المحترمون",0
"شكرا جزيلا علي الترجمه وتحياتي للاستاذه نادين هو بس في اخر فقره اللي قايل المقوله شاعر العاميه ابن عروس وليس عمرو ابن العاص",0
"لو الانتخابات لم تزور لكان شفيق خسر حتما واتوقع منك الا تشارك في هذه المسرحيه التي لديها من المخالفات ما يبطل عشر انتخابات",0
"بلد بنت وسخه المنصوره",0
"رونالدو جاهز للقاء البايرن ريال مدريد كريستيانو رونالدو",0
"لا تنتصر لنفسك و لكن انتصر للحق و تعلم من الامام الشافعي حين قال ما ناظرت احدا قط الا تمنيت ان يجري الله الحق علي لسانه",1
"الانقلاب ينهب اموال الناس من البنوك وغدا يرحل ويترك المجتمع خرابه من يرد للناس يومئذ فلوسهم",0
"من بارز الله بالمعاصي خاب وخسر دنيا واخره وكفاه هذا الهاشتاج وفضائح معاونيه انتخبوا العرص",0
"ذات مومنت لما موبايلك يغطس في البطنيه وتقعد ادور فيه ما تلقشي واخر حاجه تنفض البطنيه يقعد الموبايل ايتخبط فيالوطي اصلا عادي",0
"الرابط اللي بيقول اني صورت حلقه مع رامز جلال غير صحيح ده فيروس علي الفيس بوك رجاء الحذر",0
"اعتذار سي بي سي عن حلقه الشيطان الاراجوز جزء من التمثيليه لاظهار انها شملت مساسا بسيسي او الانقلاب لا تصدقوا",0
"لم يترك الانقلاب نقيصه الا وعملها",0
"هههههخخههههههه انتخبوا البرص يا رب",0
"وجودكم يا شباب وغيرتكم علي بلدكم علي اختلاف افكاركم يملؤني بالتفاؤل",1
"لسان العرب بين الالسنه كزمن الربيع بين الازمنه اليوم العالمي للغه العربيه",1
"مرسي سمع تهديد البلاك بلوك باقتحام القصر من هنا وقام معلي سور القصر بالطوب الاحمر فين فتحه الصدر يا سجين القصر",0
"2050 بص يا سيدي انا ضد فض اي اعتصام بالقوه واعلنت ده بعد الحرس الجمهوري وايضا غلق المحطات ولكن هذا لن يجعلني ادعم طفاسه قيادات فاشله",0
"نفسك في ايه في الجنه نكلم الرسول صلي الله عليه و سلم",1
"خليك متحضر معا نحو التحضر",1
"دعلاء الاسواني هل حدث من قبل في نظام ديمقراطي ان سحب شعب الثقه من رئيسه المنتخب",0
"دراسه عن التاريخ السري لجماعه الاخوان المسلمين تحت عنوان الاغتيال منهج حياه من دراسه الكاتب يوسف الحسيني اكتر من رائع",0
"بكري قبل مايستقيل خد معاه الميكروفون البيتبكري متن خد غرضه من المجلس",0
"جالس يتغدا هو وزوجته يتطنزون علي امه شوفوا اللي حصل بر الوالدين والله ياعيال من افضل ما سمعت",1
"تهميش المثقفين والنساء والشباب والمجتمع المدني بتشكيل التاسيسيه وتغليب الحسابات الضيقه لبعض الاحزاب المدنيه لا يمكن ان يقبله الراي العام",0
"لا افهم سبب الاصرار علي قانون الانتخابات الذي رفضت كل القوي الوطنيه والسياسيه د عبد المنعم ابو الفتوح في ندوه بنادي هليوبوليس",0
"رصد العاملون باسعاف دمنهور يهددون بالاضراب الشامل هدد عدد من العاملين باسعاف دمنهور اليوم",0
"تفووووووووو غزه تحت القصف",0
"من المؤسف ان فيلم بهذه الرداءه يحظي بكل هذا الاهتمام",0
"حاول ماتبقاش الوالد اللي بيصاحب ميه بنت في الاخر هتجوز واحده استرجل بقي",0
"هو كل رئيس عرص يحكم مصر يتشطر علي الجزائر مره بحجه الكوره ودلوقتي بحجه الارهاب انتخبوا العرص العرص يغرد",0
"وزاره التخطيط تضع مشروعا لاصلاح الاقتصاد في مارس 2014 ليبدا في يونيو التالي طبعا لشعبهم",0
"شكرا جزيلا",0
"الحلقه الثامنه عشر الجزء الثالث فرقه صابرين",1
"امام مسجد سيدي جابر طلع علي المنبر و استقال و قال الاوقاف عايزاني بالعافيه اوجه الناس لتاييد قرارات الرئيس في الخطبه",0
"انتم كذابون وقتله يسقط حكم العسكر هتاف رج قاعه جامعه سواس عندما بدا النبوي الذي اوفده الانقلاب لتحسين صورته في لندن وطردوه من القاعه",0
"اكثر شعور يوجع لما تجوع في بيت مو بيتكم",0
"وصول الثوار لميدان التحرير احد اكبر علامات اسقاط الانقلاب والعلامات الكبري والاخري قادمه مع قادم الايام",1
"اذا اهمك امر غيرك فاعلم بانك ذو طبع اصيل",1
"حزب الوسط الان يتقدم مسيره هائله الي محكمه دمياط لتقديم اوراقه للانتخابات البرلمانيهسعيد جدا بثقتكم",1
"كلمه حلوه اصرف ما في الجيب ياتيك ما في الغيب ان للحسنه نورا في الوجه وضياء في القلب واثرا في الخلق مما راق لي",1
"مازلنا نعيش عهد اللافعل",0
"اؤيد قرار د مرسي فيما يخص 1 ابعاد النائب العام 2 محاكمه واعاده محاكمه كل من لوثت يداه بدماء او اموال المصريين",1
"استفدت كتيير اوي من حلقه انهرده معلومات اول مره اسمعها بارك الله فيك مصطفي حسني علي طريق الله روح العباده",1
"فوز الاهلي مرتين متتاليتين بكاس افريقيا من غير دوري يؤكد ان نقص الامكانات لا يمنع الانجازات بشرط توافر النوايا الطيبه ربنا يحفظ تريكه",1
"من لا يعرف قدر المستشار مكي وقضاه الاستقلال الاجلاء عليه ان يعود الي معركتهم العظيمه في عام 2005 ضد نظام مبارك ليعرف دورهم التاريخي للوطن",1
"رابط تحميل المعصره عدد اليوم مايطلبه المواطنون للرئيس الميمون والابواب الثابته ورسوم عمرو سليماتمني تعجبكم",0
"من يقف علي الحياد بين الحق و الباطل فهو مع الباطل و عندما ينتهي كل شيء لن تذكر شيئا من كلمات اعدائك لكن صمت اصدقائك سيترك اثرا لن يزول",0
"بسمه امل قصه سقراط مع النميمه في هذه الايام وللاسف كثرت الشائعات والنميمه واصبح الكثير الا من رحم ربي من",0
"ماذا فعلت مؤسسات الدوله لشرح مسوده الدستور للاميين لمن يذهب الامي الذي سيصوت علي الدستور ليفهم محتواه كيف نقبل هذه المسرحيه الرديئه",0
"اعلام العار يعترف بالحقيقه ويعلنها البلد بقت العن من ايام مرسي في كل حاجه هو انتم لسه شفتوا حاجه التقيل ورا",0
"شاهد اخر كلام لماذا مليونيه الجمعه 8 يوليو والد احد شهداء",1
"عصام سلطان فضل عشر سنوات عامل نفسه منشق وضد الاخوان وبعدييين بعد الثوره اتضح انهم منهم ولا انشق ولا يحزنون",0
"ياباشمهندس دومه ايه الصايع ده الذي تطالب رئيس الجمهوريه بالاعفاء عنه هل في الدول المتقدمه يقدر احد يتحدي القانون",0
"سوريا ترتكب بها جرائم ضد الانسانيه منذ ان بدات انتفاضه شعبها الشقيق ومن لحظتها ومصر والعرب والعالم يتخاذلون عن نصره السوريين",0
"88 اعترض علي الطريقه والمضمون والتوقيت لا يجوز اصدار مبادئ دستوريه ملزمه بدون استفتاء الشعب اصلا",0
"العب بولنج ببلاش فقط بمولد سيدك السيسي جانب من فعاليه المولد لطلاب ضد الانقلاب جامعه حلوان انتخبوا البرص كوهين مصر",0
"عليك نور",1
"صحيفه الفجر بيان رسمي وايت نايتس تهاجم مرتضي جعلت الزمالك عزبه لفساد عبر تطبيق نبض",0
"قالوا السياسه مهلكه بشكل عام وبحورها يابني خشنه مش ريش نعام غوص فيها تلقي الغرقانين كلهم شايلين غنايم والخفيف اللي عام صلاح جاهين",0
"انا كتبت النهارده في المعصره اشهد لك بالفضل انت والشباب اللي معاك في نزولي يوم خمسه وعشرينشكرا ياخالد ياجميل",1
