"text","label"
"من اعظم نعم الله عليك ان يقضي حوائج الناس علي يديك فاكر اخر انسان ساعدته",1
"الثوره والانتخابات قدمتا لنا عربه مجهزه لننطلق بها كلما اردنا الانطلاق يدوسون علي فرامل التمسك باللوائح الشكليه فيعلو الصوت ولا حركه حقيقيه",2
"كل عام وانتم بخير وكل منا في سلام مع نفسه ومع الغير وفي وطن يتسع للجميعمازالت قناعتي ان شباب مصر الثوره هم الحل والامل فكر خلاق وقياده فتيه",1
"و القضاء بقي حلو دلوقتي عشان قفل قناه مش عاجبانا مش ده القضاء الفاسد المسيس بتاع مبارك اللي حل المجلس بقي فله دلوقتي",0
"انا ضد انا يكون نائبي امراه او مسيحي من اجل دعايه انتخابيه ولكن سيتم اختيار الاكفا في كل مجال سواء",0
"اللهم اعوذ برضاك من سخطك وبمعافاتك من عقوبتك واعوذ بك منك لا احصي ثناء عليك انت كما اثنيت علي نفسك اللهم",3
"مترو موسكو او قصر تحت الارض كما يوصف احيانا بسبب فخامه تصميمه الكلاسيكي عماره روسيا تصميم تصميم داخلي مترو",0
"اري ان النظام المختلط بين النظام البرلماني والنظام الرئاسي هو الانسب لنا هذه الفتره التي تتوزع فيه السلطه",1
"الليله11مساء نستمرفي كشف اغراض الجزيره وحملتها الداعمه لتنظيم الاخوان الارهابي مستخدمين تقاريربعدسه الجزيره نفسها مصر الامارات لبنان قطر",0
"سحر النوم والراحه مع مصطفي حسني جميله",1
"الي محمد عمر وامثاله قبل ايام قليله انتقدت الاخوان بشده لجلوسهم مع هيكل وقلت انها خيانه للثوره والثوار والشهداء",0
"الاخوان انتقلوا في ظرف نص ساعه من تكذيب خطاب البنك المركزي لان النهارده السبت اجازه البنوك الي تحليله لاثبات انه بيايد كلام مرسيالا تنبهرون",2
"اقطع الصمت التويتري لاهنئ اخويا و شقيقي و كفاءه و كده بلال فضل بالنص مليون فولور اسبوع و احصلك حقد اسود",2
"قصه كفاح حقيقيه لشاب مصري من محافظه الفيوم رغم اعاقته تحدي كل الظروف محمد الكيلاني محمود حميده اثناء طفولته",1
"مرسي احيي السويس الباسله وبور سعيد الصامده وهاقول لهم هانيمكو من المغرب",0
"في مذيعه بتزغرت علي الهوا الام المثاليه",0
"الانقلاب يقتل السوريين في البحر قبل ان يدخل علي الفلسطينيين من الجو المصريون ذاقوا كل الاصناف",0
"الخط والدائره",3
"بالنسبه للناس الي بتقول انها هتحبك لو ضحكتها وهي بتعيط حضرتك انا مش هسيبها تعيط اصلا",2
"الاقباط المعينين في مجلس الشوري خانوا انفسهم ووطنهم وكنيستهم لقد رفضت عرض ان يكون اسمي ضمن المعينين وكنت اتمني ان ي",0
"مصدر الاخوان استخدموا المولوتوف في حرق نقطه مرور الطالبيه",3
"حلوان وروكسي وعين شمس بورسعيد وبني سويف والمنيا والفيوم والسويس شكرا حشودكم شعب مصر عظيم",1
"هل ستتغير الاشياء في السعوديه",3
"الاسلام شيء غير هذا المعني الذي اراد خصومه ان يحصروه فيه الاسلام عقيده وعباده ووطن وجنسيه وسماحه وقوه وخلق وماده وثقافه",1
"قال رسول الله صلي الله عليه وسلم من غدا الي مسجد او راح اعد الله له نزلا في الجنه كلما غدا او راح نشر سيرته",3
"رضا عبدالسلام كلام دعبدالمنعم ابوالفتوح الاقرب الي الناس وهو علامه من علامات مصر هو شخصيه مصريه مضحيه حتي النخاع",1
"علم في المتبلم يصبح ناسي وناقش في الاخواني يفضل ضاني من فقرات تلك الامثال في المعصره",0
"عشر ذي الحجه فضلها و حسبي بها من عشر",3
"اشكرك",1
"المصري اليوم ضبط 19 تاشيره مزوره علي طائره متجهه الي ليبيا ضبطت اداره الجوازات بمطار القاهره الدولي مصر",3
"و جدير بالذكر ان الدب الروسي بيشجع جماعات مسلحه بوتين طلع داعم للارهاب اوكرانيه مصر",0
"ثوره توحدنا انتخبوا العرص ريتويت",2
"السيسي ضرب في الشرطه وحملها مسئوليه مذبحه الحرس ردت الداخليه بفيلم ان ضابط جيش وراء نفجير سياره وزير الداخليه الهم اهلك الظالمين بالظالمين",2
"با حضان يا غاليه الجونه",1
"الاخوان اختاروا رضا الامريكان خلاص بانت من زمان وده اللي هيعمق خلافهم مع السلفيين ومش بعيد تلاقيهم بيعايروا السلفيين بعلاقه بعضهم بالامن",0
"شاهد اخر كلام البرلمان و تسليم السلطه و مليونيه المطلب الواحد",3
"شيخ المسجد مشغل المكروفون وبيقول بلطجيه برا عابزين يموتونا وانا واقف برا وشايف بعيني الناس بتحاول تطلعهم وهم رافضين",2
"عمر الغامدي 18 بطوله مع الهلال و 3 بطولات مع الشباب 21 بطوله اسطوره",3
"ممكن تكون ضد مبارك ومرسي ممكن تكون مع مبارك ممكن تكون مع مرسي بس الاكيد كلنا لازم نكون مع المساواه والعدل اما",2
"عمرو موسي زميل بانجو اكبر عقاب للعجوز المتصابي",3
"غاده عبدالرازق السيده الاولي",3
"انتهي زمن الرئيس الذي يمنح وجاء زمن الشعب الذي يجد ويعتز بكرامته وما اعتمدته لكم هو بعض حقكم فانتم الذين تمنحون ولست",2
"اللهجه التونسيه فعلا من احلي اللهجات في العالم العربي ومش صعبه",1
"قبل ما نسميه الشتا اللي فات من الكواليس عمرو واكد فيلم واكد",3
"انا مسلم وبفتخر",1
"اوسكار لقد امضيت سنتان مميزتان حتي الان و اريد ان استمر في اللعب هنا لسنوات عديده مثل تيري ولامبارد",1
"لا ينكر احد ضروره اجراء اصلاحات شامله بالقضاء سواء في كيفيه التعيين في البدايه وحتي كيفيه المحاسبه داخل القضاءلهذا تقدم",2
"عدت من الاسماعليه منذ قليل بعد يوم حافل ختمته بمؤتمر جماهيري دفء مشاعر اهل الاسماعليه هون بروده الجو",1
"جماعه الاخوان منحله منذ عام 1948 وهي خارج الشرعيه الساده المحترمون",3
"هناك فارق بين ان يكون المرشح يسعي لهذا المنصب ليلبي طموحا شخصيا لديه في اعتلاء المناصب وبين ان يترشح لخدمه الوطن",2
"في الانظمه الديكتاتوريه يتصدر المشهد الجهلاء والاميون واصحاب الصوت العالي ويختفي العلماء والحكماء واصحاب العقولالراقصه سما",3
"اثق تماما ان محاكم التفتيش الاخوانيه لن ترهب باسم يوسفانتظر الرد علي فاشيه الاخوان في الحلقه القادمه المبدع اقوي بكثير من الرئيس المرؤوس",2
"الجبناء يكذبون علنا احدهم يقول ان العسكر لم يحكموا مصر اخر 60 عاما ويطالب بخضوع مصر للجيش واستشارته في اي حاجه تخصه",0
"عصام سلطان يكتب فاجعتان",2
"السيسي اكثرالمسؤلين المصريين في عهدمبارك والمجلس العسكري زيارهلاسرائيل ول يوم يقدم لهم القرابين حتي يرضواعنه فهو كنزهم الا",2
"اكتب رساله لشخص دون ذكر اسمه ابي اعرف ذنبي وش سويت عشان تسوي معاي كذا ليه قساوه القلب نسيت شلون كنا واليوم شلون صرنا ملكه",3
"يوسف الحسيني امريكا لاتعنيها سوريا ولا الشعب السوري ولا نصره الاسلام لكن يعنيها الكيان الصهيوني وحمايه تركيا",2
"اكتب رساله لشخص دون ذكر اسمه لاحدهم شواطئ الحنين",3
"بقيت كلما اتفرج علي حلقه لباسم افتكر صديقنا الجميل علاء ولي الدين الله يرحمه واتخيله وهو بيقول للاخوان يالله ياللي باسم يوسف بيفشخ فيكو",2
"ده الصفحه الخاصه بفريق عمل اسكندريه احلي شغل من فريق عمل اسكندريه",3
"تحيه لجميع النساء في يوم المراه العالمي نحتفي بالمراه كل يوم اما وبنتا واختا ورفيقه درب وحياه وصانعه امم",1
"لا للمحاكمات العسكريه للجواسيس اللي بيتعاونوا مع اسرائيل تويت كانك ناشط ايام حرب اكتوبر",0
"من اتهموا الاخوان بالفاشيه الاسلاميه استقدموا علماء الدين لاقناع الجنود بقتل اخوانهم المصريين من المتظاهرين",2
"المصريين الاحرار لم يقدم ترشيحات للببلاوي لاختيارها بالحكومه ويرفض المحاصصه الحزبيه ويؤكد علي ضروره اختيار حكومه تكنوقراط محايده من الكفاءات",3
"التاخير اسلوب حياه",3
"الانتخابات العراقيه في مرمي نيران داعش بغداد ارتفع منسوب العنف في العراق مع اقتراب الموعد دبي",3
"شموسه شنو احلي اغنيه عجبتج من البوم شيرين",0
"ذلكم بانه اذا دعي الله وحده كفرتم وان يشرك به تؤمنوا فالحكم لله العلي الكبير غافر 12 احبك ربي",1
"هل تعرف معني اسم الله الصمد الصمد الذي يقصد اليه في قضاء الحوائج الصمد لا يحتاج الي احد و يحتاجه كل احد",1
"المصري اليوم السفير حسام القاويش المتحدث باسم مجلس الوزراء للاعلاميه جيهان منصور في برنامج صباح التحرير",1
"طال غيابك عني ليه معقول نسيتني و لا ايه",2
"اسمي ميشيل وانا سكرتير دعلاء وبانقله تويتات المديح والتاييد والنقد العنيفاما الشتائم المبعوته من الفلول او المتطرفين بارميها في الزباله",2
"يلا نحفل علي احمد ادم الرد هشتاج بردوا باسم طلع حرامي",0
"استمعت للعمال لا حق في انشاء نقابات مستقله 8 مليون بعقود مؤقته استبعاد 30 الف مرشح من الاتخابات النقابيه عدم وجود حد انساني لللاجور",0
"نجاوي الليل تجعلكم اقوي كثيرا من اوجاعكم الغائره واكبر من امنياتكم الضائعه الليل ملاذكم الامن لا تضيعوه ب رقاد م",3
"كثير منهم يقولون يعني مش غضبان لسب السيده عائشه يعني انتو برضه هتزايدوا علي سيدنا النبي الذي لم يفعل مافعلتموه من دناءه بمن اذاه في اهل بيته",0
"يتيوب يكرم قناتي البرنامج و ايش اللي بزر التشغيل الذهبي لتخطيهم مليون مشترك",3
"مواضيع الفايسبووك الحب الخيانه عنيبات الموسطاشات كره القدو الالتراس سؤال واش غير هاد الشي اللي",3
"بعد وصله من الاعلام الرسمي التحريضي خرجت علينا جماعه الاخوان بمؤتمر صحفي اكثر انحطاطاهما بيتنافسوا مع بعض",0
"الشروق الفرنسيه مجموعه كوماندوس كرديه تخطف جنديين تركيين خطفت مجموعه كوماندوس كرديه عسكريين تركيين مساء",3
"شاهد القضيه واحد واحد واحد صفر في اخر كلام",0
"قصدي كان موجه لكذبك اني ما كنتش هناك",0
"الدراما المصريه في تقدم مبهر مسلسل نيران صديقه راااائع جدا جدا",1
"اكتوبر الاخوان جماعه ارهابيه خرائر الاخوان",0
"هل يزول الظلم طوعا او حنانا للضعاف اينكم فرسان قومي كي تهبوا باصطفاف غزه تحت القصف",2
"لا ودلوقتي اكتشفوا ان هيكل ناصري وانه سلطوي وبيشرب سيجارطب ولما مرسي كان هيطير من السعاده بيه ومد لقاؤه معاه ساعه كان فاكره بيشرب كليوباترا",2
"اسالوا البرادعي عما فعله في العراق البرادعي طلع جاسوس باسم طلع حرامي تخابر",0
"المجلس الانتقالي الليبي يكرم قناه اون تي في الفضائيه المصريه باعتبارها افضل قناه في تغطيه احداث ليبيا 25",1
"ومجتمع نريد استقراره وبناءه ديمقراطيا يعاني ومجلس عسكري تاكلت شرعيته ويصر علي اخطائه التي باتت تهدد تماسك الدوله وتعيدنا للوراء",0
"كرستيانو رونالدو يفصله 75 هدف ليصبح الهداف التاريخي الاول في ريال مدريد اسطوره",1
"اعمل ايه ف ال انا حبيته واللي القلب اختاره عمرو دياب",0
"لا يمكن تجاهل التاريخ الدستوري والقول بانشاء دستور من العدم خارطه الطريق ومستقبل مصر",2
"حد فاكر 30 يناير 2011 كلنا ايد احده وطلبنا حاجه واحده يسقط يسقط حسني مبارك لو انت او انتي فاكر ان مبارك",3
"حركه تمرد صاحبه انتصار 30 يونيو طالبت بالبرادعي رئيسا للوزراء ولما اعترض السلفيون تم استبعاده هل خرجنا من حكم الاخوان الي حكم السلفيين",2
"عيد الام يكفيني بقاء امي حين يغيبون و حب امي حين يتغيرون و قلب امي ان غابت قلوبهم وهم حاضرون",1
"الي احمد الشحات البطل الشعبي الذي احرق علم الصهاينه بعد ان دنس هواء مصر 30 عاما ارفع علمك فوق انت مصري يا احمد المصري يا احمد العربي",2
"لا حدود لانحطاط اولئك الذين يروجون ان اهل غزه يريدون احتلال سيناء اي نوع من الاحذيه في جماجمكم وجماجم من يصدقكم",0
"2 انهي دور بالضبط لمصر انت عارفه دورنا ايه ولا لا دورنا باين جدا للاسف وما جاوبتيش علي السؤال قصدك تقولي مالنا ومال غزه",3
"ما رايكم باداء نجمه ستار اكاديمي ماريتا ابي نادر علي مسرح اجمل سنين عمرنا 3",3
"الحريه والعداله شاهد الان ليله الاتحاديه اول فيلم استقصائي يتناول اسرار و كواليس تعرض لاول مره حول حقيقه",3
"يااريت ااي حد يشووف البوست ده يجبلي شيبسي و بيبسي و ورد",3
"22 اممم بص النتيجه واحده نقي انت ديموقراطيه",3
"اسرائيل تدفع مليارات وتتفرغ سياسيا وعالميا لدعم الانقلاب ما حققه لها في 100 يوم عجز زعماء صهيون عن تحقيقه في 100 عام",2
"اغيب هذا الاسبوع لا لتحضير مفاجاه ولكن للتركيز في موضوع معقد التفاصيل",2
"عصام سلطان علي المكشوف",3
"احبسونا و امنعونا البعد عن الاهلي محااااال",2
"3 غير صحيح التوقيع لخالد كان لتمكينه وهو الشاب الوحيد والاكثر جراءه في الدفاع عن المدنيه من دخول السباق الرئاسي",1
"انا مش عايز اخش في مناقشات وافندالهجوم و اثبت منطقي في المقال اذا فيه حوار اتفتح فده بالنسبه لي شئ رائعمش عايز اكتر من كده",2
"شكرا قطر دوله كسبت احترام الشرفاء بمواقفها وذكائها من خلال وقوفها مع الشعوب فالكل زائلون ومن يبقي الشعوب",1
"الاخوان يعتدون علي حفيده مرشدهم الاسبق ويحطمون سيارتها فحتي بيوت رموزهم لم تسلم من قله الادب",0
"الدكتور ابو الفتوح علي جثثنا و بكل دمائنا كمصريين لن نستعبد بعد اليوم علي شرط ان تذهبوا لصندوق الانتخابات",3
"هذه هي نتيجه تخريب عقول مشايخ الفتنه لعقول المصريين ياخفي الالطاف نجنا مما نخاف",2
"اعاده البرنامج الساعه العاشره صباحا علي سي بي سي و بعدها بساعتين علي 2",3
"مبروك علي مصر واهل مصر ا بطال ا شاوس المحترمين المتعلمين المثقفين كل شعب مصر شعب راقي كلمتكم الموحده و سانتخب السيسي",1
"ذكري واحلي ذكري اول واقفه في التالته شمال 07 الاهلي",1
"مشاكل العمال تتفاقم ضروره حوار ثلاثي عاجل بين الحكومه واصحاب الاعمال و النقابات العماليه لوضع اطار متوازن يحفز الانتاج ويضمن حقوق العمال",2
"شاهد الان اولي حلقات برنامج عمر صانع حضاره علي قناه النهار الفضائيه",3
"بيعتوا حريتكم عشان تعيشوا وتاكلوا بس حتي دي استخسروها فيكوا غلاء الغاز ومن بعده البنزين ومش هتقدروا تفتحوا بئكوا",0
"لايمكن لانسان ان يقبل وضعه مع الانقلاب لان الانقلاب يتعامل مع معارضيه كحشرات يضربهم بالرصاص والغاز والمياه تماما مثل الحشرات",0
"انا بكره الصبح مسافر مدايق وفرحان واحد يقولي الاتنين اقوله اه افكار ع المخده",2
"حكيك يخلق من العدم فرحه م",1
"3 كتب انصح بقرائتها اعلام واقزام في ميزان الاسلام سيد عفاني ثوره يوليو الامريكيه محمد جلال كشك انتخبوا العرص",2
"مع احترامي لانصار شفيق ارجو ان يتفهموا ان زعيمهم لم يكن اختيارا ممكنا لكل من اشترك في الثوره لا يمكن لمن ثار ضد مبارك ان ينتخب مبارك اخر",2
"احداث المسجد الاقصي تشير الي قرب اشتعال انتفاضه جديده",3
"حين يصبح مصطفي بكري شبه متحدث باسم المجلس العسكري اعلم ان هناك الكثير يجب عمله حتي تنجح",2
"كيف ترجو النهضه والتقدم من شخص يعتقد ان المنحله اخلاقيا تضع اللولب في جيبها",0
"هو انا عشان بعمل الصح وبغير من نفسي للاحسن ابقي كده معقده مجتمع مريض حافظ مش فاهم",0
"عزيزي لم استضف رفعت السعيد ابدا ربما تقصد الزميل حافظ المرازي الذي استضافه امس و ربما تكون له اسبابه ارجو التيقن اولا",3
"عمر جابر مننا هيه هيه زملكاوي زيينا هيه هيه لاعب بعقليه اولتراس",1
"لانني احب مصر والثوره فانا افضل ان يصل خصومي السياسيون الي الحكم عن طريق انتخابات نزيهه عن ان يحكم انصاري السياسيون بدعم من الاستبداد",2
"هل الاخوان هم من سرقوا البلد وباعوا مؤسساتها وشركاتها وثرواتها للصهاينه هل عقدوا صلحا مع دوله الكيان الصهيوني هل خنقوا",2
"كلامي ليس له علاقه بمصالحهو لا نيله اعلي دوله القانون و ناخد حقنا منهم بالقانون بس المكارثيه اللي شغاله دي مصيبه",3
"طب غلبنا برشلونه بالحظ غلبنا البايرن لعبكو كلو دفاع عن عقليه برشلونه اتحدث ذا شامبيووونز",3
"شاهد اخر كلام عين علي احداث مصر اليوم 07 04 2011",3
"انتخبوا العرص انتخبوا البرص مرسي رئيسي اين رئيسي",2
"العبره مش باللي انتخب شفيق في الاعاده العبره باللي انتخبه في المرتين تست التحضر شفيق مصر",3
"طلع الصباح كل الجمال في طلعته والنور سرح كحل عينينا بفتنته والطير صدح للمولي جلت قدرته يسعد صباحكم كلكم يا شغالين كايروكي",3
"100 يوم علي الانقلاب اسوا 100 يوم في 7000 سنه انها 100 يوم من القتل الوحشي الانقلاب حول حضاره مصر في عيون العالم الي حقاره",0
"جمعه الامس كشفت للانقلاب وهمهم في قدرتهم علي قمع الشعب بالحلول الامنيه من قتل واعتقال وتعذيب وضرب وايذاء الشعب فاق يا افاق",0
"في وطني يموت من لايستحق الموت علي يد من لايستحق الحياه سانتخب السيسي و مش هنزل لمستواك",2
"الارهاب خطر عالمي اعتاد ان يستوطن في مناطق تغيب عنها هيبه وسلطه الدوله ويحولها لملاذ له خلايا القاعده وتيارات عنفيه مختلفه ليست بعيده عنا",0
"برنامجي المفضل 3 اوسكار",1
"النجاح له اسرار لكنها معروفه و متكامله حلمك سعيك اتقانك اصرارك تحدي الصعاب الاستعانه بالله مش كفايه انك تحلم قوم اتحرك وحقق حلمك",2
"ايه خبر القبض علي جون ستيوارت ده حصل فعلا",3
"اللهم مع تساقط كل حبه من حبات المطر ارحم يوسف واغفر واعفو عنه ي اكرم الاكرمين اللهم ارحم اخي يوسف وسكنه فسيح جناتك",3
"من لا يستطيع ان يفهم ان اللهم بلغنا يونيو كانت توقا لاجازه بعد عمل شاق مع كل الاطراف بكل احترام ثم يسب و يخون سامحه الله",2
"تحيه الرئيس انتخبوا العرص خليك مصدق ان الاخوان ارهابيين بدليل ان مات منهم بعد الانقلاب اكثر من 3الاف",2
"لا تنفر من شيء لانهم قالوا لك عنه خطا وانما جربه بنفسك سر في الطين تتعلم كيف تحفظ توازنك مصطفي محمود",2
"2011 الاسلام ام مصر يزداد احترامي لك مؤخرا كلما تكلمت مع اني سارشح البرادعي",1
"المحنه المصريه مقال اليوم لمن يسالون دائما عن الحل مع انه موجود من زمان وقدمه مفكر كبير لمبارك من قبل فسخر منه",2
"اعظم نادي في الكون الاهلي",0
"اهرامات الجيزه جامعه القاهره القاهره مصر",3
"هتحبك لو احترمتها في وجودها او غيابها",1
"افضل عشره اطباء في العالم هم 1 القران الكريم 2 كثره شرب الماء 3 النوم الكافي ليلا 4 الهواء الطلق النقي 5",1
"الانقلاب كشف مئات الحقراء في السياسه والاعلام والاقتصاد والفن والرياضه لكنه اضاء لغيرهم طريق الحريه شكرا سيف عبد الفتاح",2
"برضو سانتخب السيسي و مش هنزل لمستواك",2
"الاداء المخزي لبعض الشخصيات التي كنا نسميها مستقله يثبت ان كل ما في الامر انها لم تاخذ فرصتها في النفاق لمبارك لان كل الكراسي كانت محجوزه",0
"اسامه غريب تشرفت بالدفاع عن الكاتب الساخر المعروف الاستاذ اسامه غريب في قضايا الراي التي كان يحاكم فيها ايام",1
"من ابطا به عمله لم يسرع به نسبه رواه مسلم الاسل",3
"اصدق مافي تاريخ حسنين هيكل هو عمله من اجل قطر وعلاقته بامير قطر",2
"خلق جميل اذا جفت ينابيع السعاده فهاجر الي كتاب ربك",1
"من داخل غرفه التحكم",3
"30 يا اخي اي منصب رفضت المناصب اللي عرضت عليا وقولت اني بقوم بدوري ومش محتاج مناصب ارحمونا يرحمكم الله اختلفوا بنزاهه",2
"ايماننا يمحق تهديدهم وسنواصل نضالنا السلمي مع الشعب المصري وشبابه الثائر لاستكمال ثورتنا والقصاص لدماء شهدائنا ووفاءا لروح الشهيد محمدالجندي",1
"منع سما المصري من الغناء بمصر لتحريضها علي الفجور السعوديه الرياض الدمام القصيم تبوك جده القطيف العواميه",0
"الفيلم دا كان لازم ياخد الاوسكار بجد",1
"دعلاء الاسواني لماذا يتحرش المصريون بالنساء اقرا المقال كاملا",1
"انتهيت من اداء العمره فانه منظر عظيم ان تجد الملايين يستغيث ون بالله تعالي يا رب انصرنا و احفظ بلادنا و افتح",1
"ما نحن فيه الان هو كله بفضل الشهداء و مصابي الثوره لذلك لابد من تاسيس هيئه تكون مهمتها تكريم اصحاب الفضل فيما نحن فيه الان",1
"اذا قلت لا لهذا الدستور فلن يكون من موضع الرفض او القبول لنصوصه وانما الازدراء له ولروحه التي يحملها",3
"كل قاده الانقلاب والحكومه والداخليه والاعلام الذين اتهموا الاخوان باستخدام الدين هم اكثر الناس استخداما له",0
"وين سارح فاقد الاحساس واضح كنت ترسم ما كتبت وكانت عيونك مسارح كان يا ماكان فيك الشوق فاضح سري",2
"عزيزي الاخواني اللي بيعصبك مش وصفي لرئيسك مرسي بانه فاشلاللي بيعصبك انك متاكد انه فاشل بس لازم تشتم اللي بيقول عليه فاشل لتخفي فشلك وفشله",0
"المتحدث العسكري يعترف بقيام الجيش بمداهمه واغلاق مسجد النصر في مدينه رفح بحجه وجود انفاق تحت المسجد",3
"الوفد مختار مختار علي رادار الهلال السوداني يسعي مسئولو نادي الهلال السوادني للحصول علي خدمات الوفد",3
"اعلام العار خيري وباسم ولميس ركزوا سخريتهم ان مرسي نحس انهارده الاتقلاب ما بيفوتش وكل يوم مصيبه اكبر من الي قبله",0
"في عظمتك ملقتش كتييييير بتكسب و تفرح الملايين الاهلي",1
"شاهد كلمه الدكتور عمرو خالد في اجتماع الرئاسه بخصوص قضيه سد النهضه",3
"الفراشه رغم جمالها فهي حشره والصبار رغم قسوته فهو زهره لا تحكم علي الناس من اشكالهم بل احكم عليهم بما تحتويه قلوبهم",2
"الانقلاب معه الرصاص والنار والغاز والتعذيب والضرب والسجن والمال والاعلام والجهلاء والجبناء الشعب وحده سيسقطهم جميعا بالسلميه",0
"تعتذر عن السب و القذف 2 هل يترك الثوار اماكنهم و يهربون ام يواجهون 3 عينه ثائر الناشف مرفوضه 4 ما تمسحش تويته السب و القذف",3
"الرساله رقم 3 من الجزء الاول لكتاب رسائل سجين سياسي الي حبيبته",3
"خطوط الطيران التركيه سكاي توقف جميع رحلاتها الداخليه والخارجيه في البلاد بسبب الاحتجاجات التي تشهدها اغلب المدن التركيه",3
"في عالم موازي كان زمان زعتر هو اللي بيشيلني و يدلعني و ياكلني و ينيمني جمبه بليل زعتر القط",1
"جالس يتغدا هو وزوجته يتطنزون علي امه شوفوا اللي حصل بر الوالدين والله ياعيال من افضل ما سمعت",1
"عرض الاسبوع 36 الف متابع وش اكثر شي يسهرك صيام الاثنين خد موقف من صلاه الوتر في تويتر تلاقي الدمام 932279",3
"مبروك ومبروك ولكل الزملاء واشكر كل من ساهم بانجاح هذا الانجاز الراقي اليوم نقابه الصحفيين",1
"الرضا خلق جميل",1
"ائمه ودعاه وشيوخ البياده يتحملون وزر قتل الابرياء في المظاهرات كالقتله تماما",0
"المتهم بازدراء الاديان مع التحفظ الشديد علي سبب الاتهام ياخد حبس وكل من قتلوا الشهداء ينعموا بالبراءه عداله عدلات",0
"الذين يدافعون عن مرشحهم المفضل بالشتائم يشبهون الدبه التي قتلت صاحبها وهي تهش الذبابه بحجر طرحت اسئله موضوعيه عن ابو الفتوح الذي احترمه",3
"بعد سقوط كل هؤلاء الشهداء ومشهد الرجل المسحول الازال مرسي محتفظا بوضوئه هل تصح صلاته وهل يتقبلها الله وهي مغموسه بالدم سؤال للفقهاء",2
"ابو الفتوح اعمل مع مجموعه رائعه من شباب الثوره واقول لهم احب ان تقودوني للعمل وان نعمل كفريق ومن يجرح فين",1
"اعرفوهم انقلاب مصر يسقط حكم العسكر الداخليه بلطجيه الحريه ل ايهاب عبد السلام جابر 28 سنه مصمم جرافيك البحيره",2
"وارض المعتقل لما هتفضي اكيد حتدعيلكم محمد محسن",3
"انت من استلذ باحلامي بك واستطعم الحب بحضورك مقتبس من تصميمي ميسي 97",1
"الحكومه لا تلتزم ب القانون للاسف حقيقه",0
"مبارك يصاب بارتفاع في ضغط الدم خلال جلسه اعاده محاكمته الغد مصر القاهره حسني مبارك",3
"من قرا قل يا ايها الكافرون عند نومه ونام علي خاتمتها كانت له براءه من الشرك سنن نبويه",3
"الدكتور عبد المنعم ابو الفتوح يجتمع الان بالمتطوعين بمدينه بنها",3
"ابداع الفشل بعض احيان يزيد الهامه عن ابداع النجاح",2
"الميدان للجميع حقا ولكن الان فيه ناس معتصمه واعلان مظاهره مناهضه في نفس المكان موقف من الحكمه اجتنابه لانه يذكرنا بمعركه الجمل",2
"قرار رئيس الجمهوريه بعوده البرلمان للانعقاد صحيح و التنفيذ الصحيح لحكم المحكمه الدستوريه يكون في الانتخابات القادمه",1
"انا ابكي وادري ان دموع العين خذلان وملح محمود درويش",0
"909 الف شكر",1
"9سبتمبر عيد الفلاح الذي ظلمته السلطه واهملته المعارضه نحتاج لاصلاح زراعي جديد و نقابه مستقله للفلاحين لا تغيير بدون الجماهير وفي قلبها الفلاحين",0
"متعودتش اشوف ف الناس غير الجمال حمزه نمره",1
"لا نزول لميدان التحرير لا نزول لميدان التحرير اكررها والا استوعبتوا فخ قذر منصوب لتكرر مذبحه رابعه",0
"اخفاء الحقيقه بحجه ان الرئيس يعلم ما لانعلمه وهو بيده الامر ويعرف مصلحتنا فكره خانعه تكرس لتهميش المواطن واحتقاره الرئيس موظف عند الشعب",0
"خطاب الرئيس يعني انه صار مجال يسمح لدبلوماسيتنا ودبلوماسيينا بلعب سياسه واستخدام اوراق الضغط المختلفه",2
"وان الصدفه احيانا بتبقي بالف ميعادانا نفسي اقولهالك فاول مره نتقابل محمد محسن 3",3
"المخطط الغربي يهدف الي توريط مصر في المشكلات الاقتصاديه الساده المحترمون",3
"اليوم السابع التوك شو الجمل ابو الفتوح من اقرب مرشحي الرئاسه لقلوب الناس وسرير مبارك تمثيل",2
"شبكه رصد الاخباريه رصد المنوفيه تواصل الحراك الثوري المناهض للانقلاب واصل عبر تطبيق نبض",3
"رصد العاملون باسعاف دمنهور يهددون بالاضراب الشامل هدد عدد من العاملين باسعاف دمنهور اليوم",0
"رمضان كريم اعاده الله علي مصر و العالم بمزيد من الخير واحترام الكرامه الانسانيه و التضامن بين البشر عبر طبقاتهم وفئاتهم المتفاوته",3
"ديانا حداد تفتتح معرضا للعباءات الخليجيه في قطر",3
"كانت فين الروح الحلوه دي ايام زمان نص مليون فرق في الفولورز فعلا بيغيروا الانسان متشكرين يا مبهج الجماهير",1
"فالنسيا يحسم مصير الريال في الليجا للموسم الثاني تواليا",3
"رابط تحميل المعصره عدد اليوم مايطلبه المواطنون للرئيس الميمون والابواب الثابته ورسوم عمرو سليماتمني تعجبكم",0
"اوباما يدعو لموقف موحد ضد روسيا بسبب زعزعه استقرار اوكرانيا",3
"اعطينا اشاره البدء ل30 يونيو واللي ايده تتمد علي سيدو تتقطع ايده القاهره عاصمه الثوره صحوهم",3
"تعطل الواتساب توقف الواتساب الواتساب معلق تاملو هكذا",3
"كل مصري حر في المانيا يتوجه ظهر غد الي وزاره الخارجيه الالمانيه في برلين لاعلان معارضته لمؤتمر الانقلاب وترعاه ملكه الاردن",2
"تحيه وتقدير لچورچ اسحاق ستبقي دائما رمزا للشجاعه والوطنيه وانكار الذات الثوره مدينه لك بالكثير",1
"عبد المنعم ابو الفتوح",3
"امير عيد هو اللي فعلا يتقال عليه ستريكر صريح كاريوكي السكه شمال",1
"بالفيديو عبد الرحيم علي يكشف تخابر البرادعي مع المخابرات الامريكيه باسم طلع حرامي",2
"بكره احسن ولسه في امل",1
"فضلوا يبرروا بمعايير بيئيه صارمه لاستخدام الفحم في مصانع الاسمنت وفي الاخر سمحوا باستخدام الفحم بدون موافقه البيئه اوقفوا الفحم",0
"اذا كانت الاعاده بين مرسي وشفيق فواجبنا في حمايه الثوره يفرض علينا عمل جبهه وطنيه واسعه لكي ندعم الاخوان ضد نظام مبارك الفاسد الدموي",2
"قلت للرئيس نحن سعداء بالتخلص من حكم العسكر ولكننا قلقون من حكم الاخوان انت رئيس منتخب لكنك تنتمي الي جماعه غير قانونيه وتمويلها غير معروف",2
"السيسي هايصالح وهيخاصم زي شفيق ما قتل و اتقتل",2
"صفوت حجازي يهاجم شيوخ السلفيين اللي قاعدين في بيوتهم امال فين مقوله لحوم العلماء مسمومه اللي قرفونا بيها",0
"جمعه استرداد الثوره 30 سبتمبر البوم صور 30",3
"شن قاده الانقلاب حمله مستمره علي كل اصحاب الراي الاخر حتي من يختلف معهم من حلفائهم حتي لا يبقي هناك راي اخر",0
"سؤال هل ال الاف جنيه الي بيوعد بيهم صباحي شباب مصر هما نفس ال مليار الي وعد بيهم المعزول راعي الارهاب سانتخب السيسي حركه كايدينهم",2
"صدور قانون تشكيل الاحزاب دون اي حوار ونفس الحال بالنسبه لقانون مباشره الحياه السياسيه يقلص مضمون اي حوار وطني ويفقده جانب كبير من مصداقيته",0
"سواح و انا ماشي ليالي سواح و لا داري بحالي عبدالحليم حافظ",3
"يا شباب اهدي لكم قصه الحب هذه و حلقه جديده من بسمه امل الحب الحقيقي لا يموت",3
"الصفحه الرسميه لصناع الحياه مصر تهنئكم بقدوم عيد الفطر المبارك كل عام وانتم بخير",1
"كتر خيرهم فعلا بيصلحوا غلطه مش بتاعتهم",1
"الشوكولاته والقهوه فيروز وحليم الشتا والليل وانت حاجات بتفرح",1
"مظهر شاهين ماشوفناش وش واحد من مشايخ السلفيين في ثوره يناير لانهم مايقدروش يقفوا علي المنصه",0
"متحمسين جدا للشخصيه الجديده علي حمد العماني بعد نجاحه في شخصيه يوسف في توالي الليل الجمهور ما راح",1
"2 وقوي وطنيه توقع علي وثيقه الازهر المتوازنه لنبذ العنف فيزايد عليها بعض جمهورها وفورا يبدا بعض قياداتها بمكيافيليه في التنصل من الوثيقه",2
"نسال الله ان يحفظ شيخنا من كل مكروه ويمن عليه الصحه والعافيه سلامتك يا خليفه",1
"شاهد اخر كلام كيف يحدد خصم قواعد اللعبه",3
"هد دايره و بنلف فيها الداخليه مش عايزه بقي في اولتراس فاخترعت مذبخه بورسعيد فالناس تموت فالجمهور يتمنع من الماتشات الكوره للجماهير",0
"يوسف الحسيني يفضح كذب قناه الجزيره ويكشف تمثيل الاخوان",0
"كل عيد و احنا طيبين مسلمين و مسيحيين و في بلدنا مرتاحين و نشوف اللي قتلوا الشهداء متعلقين و ان شاء الله علي كل واحد ظلمنا منتصرين يارب",1
"منتخب مصر لازم يغير الفانله بتاعتو عشان مش لايقه علي شيكابالا",0
"اهنئ الدكتور احمد جمال الدين القيادي بحزب مصر بمناسبه صدور اولي روايته",1
"غرد بصوره 3 الحلف الامريكي الشيعي ضد الاسلام السفير السعودي يقبل راس رافسنجاني سوريا اسيوط قندهار ديالي",3
"الحياه الزوجيه التي تبني علي تقوي الله تمتد ازمانا معامله بين الزوجين ليست واحد مع واحد انما واحد مع الله عز وجل",3
"فخور اني مصري اولا و اخيرا",1
"هل عمرك قابلت حد بيفهم وفي نفس الوقت بيدعم المتاسلمين عن قناعه مش للمصلحه",0
"ابراهيم عيسي قلم شجاع وضمير يقظ وعلامه بارزه في تاريخ المهنه تحيه له ولفريق الدستور وستبقي حريه الصحافه في مصر ثمره مستحقه لنضال الصحفيين",1
"تعرف علي تواضع النبي صلي الله عليه وسلم كلام جميييل تدوين",1
"كلما كرر حزب النور افعاله الوضيعه كلما تذكرت الفعله الحقيره لممثلهم البرلماني البلكيمي",0
"سقوط الانقلاب وشيك لكن انصاره سقطوا فعلا في عيون كل الاحرار",0
"الان الاعلان الدستوري في اخر كلام مع د حسام عيسي د حسن نافعه و د جمال زهران علي 12053 12398",3
"بسمه امل لا تنظر للعيوب فقط وارسم صوره ايجابيه لمن حولك",3
"التعليم ضعف مستوي التعليم الحكومي وازدهار المراكز الخاصه في الدائره بعيدا عن رقابه وزاره التعليم",2
"اشتموا و قلوا ادبكم كمان وكمان خلينا نتعرف علي اخلاق الاخوان الاخوان جماعه ارهابيه الاخوان قتلوا ماري ومياده الاخوان",0
"احنا كده مش بنتشطر غير علي بعضينا المصريين",0
"حط نفسك مكان البنت اللي بقيت بتسمع شتايم قذره من ناس اقذر في الشارع عادي علي اساس ان الولاد كده بتهزر",0
"هننضف لو بطلنا نحكم علي الناس من شكلهم و لبسهم و تمن خروجاتهم و انهم بيعرفوا انجلش ولا",0
"صباحي مشكلتك مش مع السيسي دي مع الشعب لان السيسي لو مكنش اترشح كان شفيق هيترشح ولو مكنش شفيق هيبقي موافي وسقوطك مضمون في كل الاحوال",2
"التيار يدين العنف وحرق المقرات التيار الشعبي",3
"انتخاب مرسي بالقطع ليس سبه ولدي اصدقاء لا اشك في ثوريتهم انتخبوه لكني ببساطه لم انتخبه وقاطعت وان كان هو الان الرئيس الشرعي",2
"حاجات بتفرح في مصر لمه رمضان",1
"الليله عبد الرحيم علي يذيع تسريبات جديده ل البرادعي علي القاهره والناس العاشره مساء البرادعي خاين باسم حرامي نشطا",0
"باذن الله اشارك المهندس خالد عبد العزيز رئيس المجلس القومي للشباب في افتتاح الخيمه الرمضانيه الشبابيه في",2
"هما فاكرين ان البلوك زعلده انا كنت باحب اخدم بسلكن طالما لازمهم حرق دم ومالهيالله هاروح افطر سيمون فيميهسلام يامعفنيين",0
"بيان الجيش واضح ولا مجال للحديث عن انقلاب عسكري الا من كذابي الاخوانمرسي استهان بشعبه وقرر ان يكون رئيسا لعشيرته فقط فاسقطه الشعب",0
"اعفيك من متابعتي لانك اما لا تحفظ لسانك او لا تحفظ لي حقي في الاختلاف لكني سادافع عنك دوما اذا ظلمت شكرا",2
"ازاي ملكش دعوه بلبس البنت البنت اللي بتلبس لبس ديق هي اللي بتتحرش بالراجل",0
"الببلاوي انتخبوا العرص الهاشتاج",0
"السباحه ازاي السياح ييجوا و محافظ الاقصر ارهابي",0
"الدين الاخواني بتاعكوا مافيهوش لا يسخر قوم من قوم عسي ان يكونوا خيرا منهم احنا المسلمين عندنا كده ف",2
"تسلم الايادي يا جيش بلادي و يا شعب بلادي تحرير سيناء من الصهاينه الاخوان",1
"مشروع بشاميل ان شاء الله تضبط وما اتووهق واطلب للضيوف من المطعم اول مره",3
"المشكله ان خطاب الاخوان لو عدوا من تلاتين سته هو هو الخطاب الفاشي اللي شغال دلوقتي من الليبراليين",0
"الشيخ حازم ابو اسماعيل يرد علي فتوي برهامي الاخيره فك الله اسرك يا بطل منك نتعلم منهج الدين الحق",1
"في قلبي ما اموووووت",1
"محلل يطالب بالقبض علي السعوديين بامريكا وقتلهم العراق الدمام الاردن فلسطين الاحساء المغرب",3
"توفني مسلما والحقني بالصالحين فلا تعش بعيدا عن الله وتطلب السعاده",2
"و فيا تضاد علي الاخر انا العاجز انا القادر و انا الموجود فيه منه كتير ف نفس الوقت انا نادر صلاح جاهين",2
"فيديو رد المصريين علي دعم حكومه الامارات للسيسي ابعتلهم راجل",3
"باقي من الزمن اربعه اسابيع 4",3
"ماشاء الله لا قوه الا بالله مؤشر بورصه قطر يسجل اعلي مستوي في تاريخه سحب السفراء من قطر",3
"استخدام المساجد في العمل السياسي ونشر العنف",0
"الحضيف الجبان يرتوت لتغريده يتهم فيها الملك عبدالله بالارهاب ثم يقوم بحذفها رتويت الارهاب",0
"771 وثقوا فيهم وهو اللي يثق فيك تخونه وتقول شرعيه انت مصدق نفسك",3
"افضل لاعب يالعالم يرد علي المشككين بهدف اخر من ماركه رونالدو و يعلن نفسه من الشهر الرابع اقوي المرشحين للكره الذهبيه",1
"هناك مكان اسفل الجحيم لكل واحد بيقعد يدافع عن حد لدرجه انه بيحسسك انه اله مبيغلطش السيسي مرسي باسم برهامي يلا نحفل علي احمد ادم",2
"انا مع خريطه طريق وجدول زمني للانتقال الديمقراطي ونطمئن من ثم المواطنات والمواطنين بان مصر لن تكون مع حكم مجلس عسكري يستمر الي ما لا نهايه",1
"لاشهاده لفاسق",0
"في فن من ارقي الفنون في العالم تعلمناه من حبيبنا المصطفي انه فن تجميع القلوب تعالوا نتعرف علي الفن ده و",1
"ادعو المجتمع السكندري لاعاده اكشاك النبي دانيال وحمايه بائعيه وعدم التفريط في تراث اسكندريه من اجل محافظ مصاب بالحول الفكري وخلل الاولويات",0
"في تضليل اعلامي ممنهج المتحدث العسكري يسمي ما يقوم به الجيش من تفجير وحرق ومصادره لاملاك اهالي سيناء اعمال قتاليه",0
"كل اناء ينضح بما فيه عن حمله السيسي و حازم عبد العظيم اتحدث",2
"رصد نظم التحالف الوطني لدعم الشرعيه بمدينه بني سويف مسيره حاشده 2011",3
"ومن اراد حكم الاهطل ربنا يتولاه",0
"بيقولك اعرف بلدك الاسكندريه و ده تصويري",3
"الناس لازم تحس ان 30 يونيو جت عليهم بفايده علي المستوي الاقتصادي والاجتماعي يوسف الحسيني نقطه لقاء مص",1
"اشكرك يا خالد",1
"هو ليس مكانه طاوله الحوار المحترم ان عمر سليمان لا يؤمن بالحوار انما يؤمن فقط بالقتل",0
"3 تم الاتصال اكثر من مره وستكون عندنا بالغد في لجنه حقوق الانسان",1
"3 الدم المصري كله حرام ادين الاعتداءات علي مقار الاخوان والحريه والعداله وكافه اشكال العنف جميع الضحايا مصريون لا فرق بين اخواني واخر",0
"عرض الاسبوع 40 الف متابع شوارعنا فن تتقنه النساء ذلك الشخص شي ودك تجربه بوح درر عجبني حلو مكه 2087480",3
"كان حلم حلو في اوله شوقني اني اكمله 25 يناير",2
"دريه شرف الدين امراه علي الوشين لا مهنيه ولا اخلاق ولا وطنيه ولا حياء الملايين ملاوا شوارع مصر وشاشاتها تنقل ميادين اخلاها الجيش للتصوير",0
"اليوم اختبار حقيقي لمجلس الشعب اما ان يكون علي مستوي المسئوليه فيكتسب الشرعيه و احترام الناس وامان ان يتواطا مع العسكري فيخسر كل شيء",2
"اطالب بالتحقيق مع الدكتور محمد مرسي بتهمه اهانه فكره رئاسه الجمهوريه",0
"اتواصل مع اصدقائي في حزب الدستور واساعدهم بالافكار لكني مؤمن بان الكاتب لا يجب ان ينتمي لاي حزب وانما يظل مستقلا حتي يحتفظ بوضوح الرؤيه",3
"الي المصريين الاحرار الي شعب مصر العظيم حانت ساعه الاتحاد و الاعتماد علي النفس لا بد ان نقف وقفه رجل واحد ضد الارهاب و داعميه بالخارج",1
"الان محاضره عن الصحابي الجليل وخليفه رسول الله عثمان بن عفان ذو النورين اذاعه القران",1
"تحيا مصر مصر جميله مصر المحروسه السيسي هايصالح السيسي رئيسي 2014",1
"الانفلات الامني الموجود ليس نتيجه لضعف الامن وحده ضعف مؤسسات الدوله وتراخيها ادي الي تمرد علي سلطتهاالدوله في خطر ولابد من اعاده السياسه",0
"الوفد ضبط 42 اخوانيا في اشتباكات ب4محافظات اليوم قال مركز الاعلام الامني التابع لوزاره الدا الوفد",3
"خطاب مرسي اليوم نسخه مكرره من خطابات مبارك الانفصال عن الواقع والشعارات الفارغه ومحاوله تجميل التزوير والديكتاتوريه هل يصدق مرسي ما يقوله",0
"ابراهيم صلاح ضحي ب 3 مليون من الهلال السعودي او اتحاد جده واختار الزمالك زملكاوي",1
"يوسف الحسيني هدف الاخوان في 19نوفمبر الوصول لميدان التحرير والسيطره عليه الساده المحترمون",1
"وائل جمعه صخره الدفاع المصريه",1
"اطاح الاستفتاء بمبدا تكافؤ الفرص حينما لم يسمح بالتصويت لكل المقيمين بالخارج الا من قام بالتسجيل في الانتخابات",2
"خطاب عاجل الي وزير التعليم مدرسه الشهيد احمد كمال في طنطا ماساه التعامل مع اسر شهداء الثوره",0
"السيسي رئيسي 2014 بعد التصريحات الاخيره لحامدين صباحيي تاكدت انه ليس كائن بشري عادي هو كائن فضائي وسيعودلهيئته الفضائيه يوما ما",2
"1 فكره المقاله حلوه واسلوبك في توصيل الفكره حلو كان ناقصها بس شويه امثله لتاكيد المعنيبس الله ينور عليك",1
"هما شعب واحنا شعب يحبون الرقص والنفاق والانحلال نحن نحب العلم والعمل والالتزام يوم امس كان فاصلا بين الشعبين",2
"شلون عشرتنا تهون و اشواقنا تذبل و الحيره في وسط العيون عقب الهنا تسال تسال تقول وين الكلام اللي قلناه وين الغرام اللي عشناه ي",2
"لو ده جنان اتجنن لما تشوف واحد بيعاكس واحده روح اعمل اخوها",2
"توضيح الدعوه للقاء ماكين التي رفضتها كانت من السفاره الامريكيه وليس من الغرفه الامريكيه بالقاهره رفضت دعوه السفاره ولم اتلقي دعوه من الغرفه",3
"حلقه الساده المحترمون مع يوسف الحسيني امس",3
"بالفيديو عكاشه والله هيفاء وهبي ست مش طريه واللي يتجوزها يبقي خد خازوق بوابه القاهره مصر توفيق عكاشه",0
"2008 المنصوره مدرسه احمد زويل لجنه 9 القاضي بيسود بطاقات بايده ولما اتصور عمل مشكله وجاري عمل محضر له",0
"ليه المعتصمين اللي في رابعه ما يسلموش المطلوب القبض عليهم ويشيلوا الدشم والمتاريس ويفتحوا الطريق",2
"راسك برضو يا حوده انتخبوا العرص فيفي عبده",2
"العاقل من يصنع قاربا يعبر به النهر بدلا من ان يبني حوائط حول نفسه تحميه من فيضانه عمرو خالد",3
"قالك الاخوان بيزايدوا علي بتوع الاتحاديه طب و جمله مش هننزل نتظاهر مع الاخوان دي ايه رز بلبن",0
"الرساله الاسبوعيه للدكتورعمرو حمزاوي 10اكتوبر 2012",3
"الوالده لو اقولها بخاطري حشيشه تضحك بس من اقولها ملل الله وكيلك تعطيني محاضره عن الفسق والفجور بجنوب الشيشان ليه كذا يانبع الحنان",2
"حب الخسيس ليا انا في غنا عنه انا طارد له",3
"دي نسخه اوضح من المعصره علي بوابه الشروق وباذن الله بكره يوم اجازتي هانزل لكم مساءا مقتطفات منها زي الاسبوع اللي فات",3
"محاوله موضوعيه لفهم قرار الدستوريه بحق تصويت الجيش والشرطه",3
"عندما يتهم الجهاز المركزي للمحاسبات رسميا وزيرا بالفساد يبقي عليه العوض في العدل سيبك احلي من الشرف مفيش",0
"الهولوكوست في نظر عباس المحتاس ابشع جريمه في التاريخ لعنك الله يا عباس اسرائيل",2
"الصحافه الاسرائيليه تحاول انقاذ امال كربول من المساءله ب هجوم معاكس",2
"جبنا جلاب للمخيم ويوم درا ابوه زفنا وجان احطها براس هذا وانخش بالحمام والمسكين انطق طق اعترافات الطفوله",2
"خفضوا الاسعار شويتين عشان نجيب بدل الخروف اتنين",3
"الوطن رئيس المجلس المصري للشؤون الخارجيه يغادر الي نيويورك مصر اخبار",2
"جمعه مباركه",1
"خلق جميل تحترم اي امراءه وماتجرحها لابقول ولابعمل",1
"يارب اجعلها لليلهه فرح لعشاق العالمي بالتوفيق ي نصرنا النصر الشباب",1
"ستظل ذكري استشهاد البطل عبد المنعم رياض تخليدا لملحمه مضيئه من انصع صفحات التاريخ المصري ورمزا لبطولات معركه الاستنزاف تحيه له في ذكراه",1
"بيت لحم وفاه الطفله اسينات محمد سمودي من سكان بلده اليامون غرب مدينه جنين بعد تعرضها للدهس صباح اليوم",3
"يارب انا مش طالب كتير انا عايز واحده في خفه دم رنوش وجنان سوكا وجمال شيري عادل ورقه جنات واي حاجه من صافيناز",1
"سيناء المهمشه علي مدار العصور السابقه واحتمال تكون القادمه",2
"زمان الواحد كان نفسو يكبر عشان يشتغل و يصرف علي نفسه و يتجوز دلوقتي الواحد نفسه يكبر عشان يعرف يحضر ماتش الكوره للجماهير",2
"بل ان الله تعالي اقسم بها حين قال وليال عشر وهذا وحده يكفيها شرفا وفضلا فان العظيم لا يقسم الا بعظيم فلا يفوتكم الاجر العظيم",1
"عصام سلطان فضل عشر سنوات عامل نفسه منشق وضد الاخوان وبعدييين بعد الثوره اتضح انهم منهم ولا انشق ولا يحزنون",0
"الماتش ده لو زاد 3 ايام لا الاهلي حيجيب جون وممكن نلبس التالت عادي الاهلي الافريقي",3
"د علاء الاسواني ماذا يريد انصار الاخوان من اسكندر طوس اقرا المقال كاملا علي هذا الرابط",1
"الدماء التي اريقت في مجزره ارتكبتها الدوله بماسبيرو لايمكن ان تضيع دون حساب واجب الرئيس ان ينفذ وعده بمحاكمه كل من تورط في قتل ابنائنا",0
"طاقه ايجابيه شبابيه في تصوير اليوم الاول من ارب ايدول الموسم الثالث كان يوم رائع جدا انتظرونا قريبا",1
"جمهوريه مصر الطبيعيه جمهوريه ديمقراطيه حقيقيه جمهوريه مدنيه تحمي حقوق المواطنه و المساواه و العدل",1
"الفورمه و رءوف يسير بخطي ثابته لمزيد من التفاصيل",3
"اينما وجد العدل فثم شرع الله",1
"هذا الاعلان لصالح مجموعه وسيعرض بالفواصل في رمضان ان شاء الله صوره من الاعلان رمضان",2
"امس احمد ماهر يؤكد خروج ابريل لاستعاده الثوره اليوم التحقيق مع احمد بتهمه التخابر غدا ابريل لن تشارك فياغسطس وشك بيوجعك اوي يا احمد",3
"جريده الاهرام محاكمه 6 من رجال الشرطه في حلوان لتعذيب مواطن حتي الموت اسلوب متكرر رساله لوزير الداخليه انت المسئول",0
"10 مصابين و 11 وفاه نتيجه التعذيب بمنطقتي رابعه والنهضه",1
"مع اشراقه كل شمس نبدا عملنا بروح نشيطه وهمه عاليه ويد واحده ونيه متجدده احلي صباح لاجمل متطوعين في اعظم حمله",1
"تبااااااااااااااااااااا لك ياااااااااااااااااااا مارك واخير استطعت تغيير اسمي دعواتكم اصدقائي كي اتمكن من استرجاع اسمي الاول",0
"اللي بيطالب ان الازهر هو اللي يفسر مبادئ الشريعه في الدستور حيكون ده رايك لما قيادته تتغير بصوا علي الهجمات المسعوره ضد المفتي وشيخ الازهر",3
"د السيد البدوي يتراجع عن الظهور الليله لقاؤنا مع د علاء الاسواني كما هو الساعه 10 مساء 8م بتوقيت غرينيتش علي قناه اون تي في",3
"اما بعد الاعلان فلن يرتب الانسحاب الاثر المراد ونكون مع شفيق بمفرده في الاعاده مجددا لم يكن اقتراحي خيالا بالمعني القانوني والجدل قائم",2
"الحقيقه مباشر مصر انقلاب 3يوليو السيسي المتخابر لخطف اول رئيس منتخب يستعين بحلفائه لدعمه بالسلاح للتصدي للاسلاميين",1
"سبحان الله والحمد لله ولا اله الا الله ولا حول ولا قوه الا بالله والله اكبر واستغفر الله اذكر الله غرد بذكر الله 41",1
"اصابع خارجيه وراء خساره مصر في قطر",0
"مشروع قانون الشوري للمجتمع المدني ومشروع الرئاسه المعدل يعكسان العقليه الامنيه الاستبداديه التي ثورنا ضدهاثم يتساءلون لماذا يتمرد المصريون",2
"يوسف الحسيني يتلقي تهديدات بالقتل من الارهابي ابو سمرهازاي وليه الناس دي متسابه كده مش بيتحقق معها",0
"اجمع اعلانات دستوريه واحصل علي طائر النهضه مجانا هذا العرض ساري حتي ديسمبر",0
"مع جورج اسحق في وفد المجلس القومي لحقوق الانسان للمراقبه نتحرك في شرق وشمال القاهره ادعو الجميع للمشاركه ومنع التجاوزات ان وجدت",2
"ورضيت اعيشلك انت يا حبيبي كفايه ان انت حبيبي عمرو دياب",1
"من الطبيعي ان تتناثر الاتهامات والتشنيعات والشتائم والرصاصات في كل اتجاه اذا كان راس الدوله عاجزا عن اتخاذ القرار",0
"شهاده عظيمه للاخوان من ثاني احقر رجل بالعالم بعد بوش الابن انصاف الاخوان",2
"من لا يعرف قدر المستشار مكي وقضاه الاستقلال الاجلاء عليه ان يعود الي معركتهم العظيمه في عام 2005 ضد نظام مبارك ليعرف دورهم التاريخي للوطن",1
"سبحان الله صار اقوي سلاح في يد ابومازن يهدد به الاسرائيليين هو رحيله ومن معه من مقالي في المصري اليوم غدا",2
"من تونس سوريا في القلب",1
"الحريه ل خالد سعيد الامان الحريه ل مينا دانيال حريه التعبير والاعتقاد الحريه ل الحسيني ابوضيف",3
"رجل تقتل ابنته ويسجن هو ورفاق دربه ثم يبتسم يوم القبض عليه انه الحق اصحابه دائما مطمئنون",1
"بعد دقائق يتحدث حبيبنا دعبد المنعم ابو الفتوح علي قناه الحياه عن رؤيته للاوضاع الاخيره في مصر ومسقبل البلد",1
"احداث من الذاكره مبارك يستنجد بالبلاطجه عنوان من صحيفه الجمهوريه الصادره من مدينه تعز ويبدو العنوان خطا بكفي حصار اضبطوا شركاء المخلوع",0
"د عبد المنعم ابو الفتوح ابعث بتهنئتي وتحياتي الي شباب الثوره الذي مازال يدافع من اجل استمرار مسيره الثوره",1
"سيصبح 6 اكتوبر يوما للعار وليس لذكري الانتصار كلام و كلام يوسف الحسيني الساده المحترمون",0
"محمد عبدالعزيز احد ممثلي الشباب في لجنه الخمسين ضيف يوسف الحسيني في الساده المحترمون",3
"نتمني التوفيق لاخواتنا المسيحيين في اختيار رئيس للكنيسه المصريه هذه المؤسسه الوطنيه التي يعتز بها كل مصري",3
"ليه بنخاف من الموت و هو الحاجه الحقيقيه في الدنيا",1
"نهنئ اخواننا الاقباط باختيار الانبا تواضروس بابا الاسكندريه وبطريرك الكرازه المرقسيه بناء وطننا يحتاجنا جميعا معا نبني مصر",1
"محدش عندو ضحكه سلف",0
"اهم مطلب الان ايقاف المحاكم العسكريه لانها تستعمل كعصا غليظه للقمع نزول اي واحد فينا للتظاهر الان قد يكلفه شهور وسنوات في السجن الحربي",2
"ظابط جيش يهين اهالي مدينه الشيخ زويد ويقول والله لنضربكم بالكيماوي زي بشار الفيديو كارثه والي بيعملوه اجرام سيناء",0
"انا مستعد للقيام باي دور لخدمه الوطن حفاظا علي التضحيه التي قدمها الشهداء وحمايه لمطالب الثوره",1
"تركيا كبير القضاه يتهم اردوغان ب فساد الضمير ويتعهد صون كرامه الاتراك وحرياتهم",1
"نبض الاخوان ا عصام سلطان و ثبات علي المبدا احنا مش حانقدم اي تنازل ومش حانعترف وحانتحبس مش مهم كل",1
"الاسواني للرئيس لا تظن ان الكذب يضركبالعكسالكذب اذا تكرر بكثافه سيؤدي الي تشويش اذهان الناس حتي المقال كاملا",2
"يا من اذا قلت ي مولاي لباني يا واحدا ماله ف ملكه ثاني اعصي وتسترني انسي وتذكرني فكيف انساك ي من لست تنساني لا اله الا انت",1
"طيب نفسي اعيش صح واشتغل صح واكافح صح وانجح صح و افرح صح بقاااا بلد اصعب مافيها الطموح",2
"زبيده ثروت مزز ما قبل البلاستيك",1
"عن سيد وزه افتكروهم",3
"48670715 قلت واكرر المجد لعاصري الليمون لان وجودهم علي راس معارضي مرسي الان هو ماينفي عنها تهم الفلوليه",1
"مصر الاهلي شاهد تصريحات شحاته بشان صفقه احمد حسن مكي الزمالك",3
"انصار الانقلاب طلعوا سابع سما امس بدعم كيري لكن نزلوا مع انقلابهم لاسفل ارض في محاكمه مرسي",2
"محارم نيك سحاقيات خنيث بكاره زواج دلوعه دمشق سوهاج",3
"كان سيصبح حظ مرسي افضل في الحكم لو لم يكن قد اهتم بقراءه سيره قائد جماعته حسن البنا بقدر اهتمامه بقراءه سيره نيلسون مانديلا",2
"بيونغ يانغ تشبه رئيسه كوريا الجنوبيه ب عاهره و اوباما ب قوادها كوريا الشماليه امريكا العالم",0
"",1
"بطاقه دعوه زواج حلوه ل الواتس اب من تصميمنا رتويت ي حبايبي",1
"تحيه لقضاه مصر الاجلاء لدفاعهم عن حقوق الشعب المصري وحرياته وتمسكهم بمبدا استقلال القضاء",1
"الاعلام الفاسد وفئرانه اميركا تساند الاخوان واليوم وفد من الكونجرس يلتقي سيسي والطرطور وبلاوي مجانين رسمي",0
"اسحبوا الوثيقه الدستوريه المشوهه نريد لجنه محايده تضع ميثاق شرف نلتف حوله جميعااولويتنا هي توحيد الصفوف وليس المزيد من الصدام والفوضي",0
"رمز الجد والسخريه",2
"الي حمدين صباحي لو انت عاوز تحاكم السيسي يبقي انت ما فرقتش كتير عن اللي حاكم سليمان خاطر نقطه مصر الانتخابات الرئاسيه اليوم السابع",1
"22210 يشرفنا دعمكم نرحو التواصل معنا وملا استماره التطوع",3
"الاعتداء علي الثوار غير مقبول ويعبر عن سياسات تنتمي للعهد البائد نطلب محاسبه المسئولين عن جريمه امس وسرعه الاستجابه لمطالب الثوره",2
"مراسلنا من الاسكندريه صدقي صبحي القوات المسلحه ستظل دائما الدرع الواقيه لهذا الشعب العظيم",1
"من اجمل ذكريات الطفوله انك تنام في اي مكان في المنزل وتستيقظ وانت في سريرك رب ارحمهما كما ربياني صغيرا",1
"ترقصين بعرس واطالعين فوق وتحركين حلجج يعني حافظه الاغنيه لازم طلقه بالراس",2
"رئيسكم كان هيطير من السعاده انه متصور مع هيكل دلوقتي هيطلع هيكل بياخد اوامر من الخليج وامريكا واسرائيل وقوي الاستكبار انهم الاخوان الفاشلون",0
"لصالح من يلغي مشروع محور قناه السويس الذي كان من المقرر ان يرفد الخزينه المصريه بمائه مليار دولار سنويا الجواب",2
"الساده المحترمون مع يوسف الحسيني",3
"الابتسامه لم تفارقها حتي بعد موتها اللهم تقبلها من الشهداء اسماء صقر",1
"لو ده جنان اتجنن انزل الشارع اقف قدام عربيه واعمل انك بتربط الكوتش وطلع الموبايل وبص فيه واعمل انك بتدور علي عنوان وابقي قابلني لو حد سابك",2
"14 مليار شيكل ديون السلطه للكهرباء الاسرائيليه",3
"سامي الجابر يتحمل كل شيء لانه اعطي الصلاحيه كامله مين يختار اللعيبه والتشكيله ومين يضع التكتيك اذا كان فيه تكتيك",0
"للوطن وللديمقراطيه ولدوله مدنيه هي حق لنا جميعا 1 عارضت الاعلان الدستوري المكمل منذ اللحظه الاولي واؤيد قرار رئيس الجمهوريه القاضي بالغائه",2
"البنزين بيغلي و الشعب هيوسع احا يا حكومه",0
"مصر كلها هتصوت لعبد المنعم ابو الفتوح القوي الامين",1
"ما رايكم في حلقه الامس للدكتور عبد المنعم ابو الفتوح في قناه التحرير مع محمود سعد",3
"يومك نت رصد محمود سعد ينتقد المرشحين للرئاسهويقول الشعب يحب الرقاصات اكد الاعلامي",3
"لسنا ضد من عارض مرسي بل لسنا ضد من دعم الانقلاب لكننا ضد من دعم القتل وفوض القاتل",2
"يجب ان تطلق حريه الاعلام وتداول المعلومات ولا يحق للسلطه التفيذيه اغلاقها والسلطه القضائيه المستقله هي الوحيده",3
"وانا صغير كنت دايم اسوي زي كذا",1
"سياده الرئيس انا احترمك بقدر احترامك للمحكمه الدستوريه",1
"الناس اللي بتحب باسم يوسف ينفع اللي عمله معايا ده",2
"حين نناقش قرار للحكومه نتحيز له بحجه بلاد بره كلها بتنام بدري تيجي لاطلاق حريه العقيده احنا مالنا ببلاد بره",2
"لن اصدق كتب التاريخ بعد اليوم وقد رايت الحاضر يزيف بلا حياء فكيف بتاريخ كتبه منتصر مجزره رابعه",0
"تجار الدين يكذبون ويعتدون ويتواطئون ويزورون الاستفتاء ثم يقيمون الصلاه انفصال كامل بين العقيده والسلوك يستدعي التامل ويحتاج الي علاج نفسي",0
"فيفي عبده الام المثاليه زمن المؤخرات هزها واكسب عزها",2
"عمرو بدر مؤسس ورئيس تحرير بوابه يناير اللي طول النهار تشتم في الجيش ويسقط حكم العسكر يبقي مسئول حمله حمدين",3
"الارهاب نهايته مزبله التاريخ",0
"88 انت باين عليك لجنه امن دوله مفضوحين جدا",0
"اتابع ما يحدث اليوم وساعلق عليه خلال الساعات القادمه وحزب مصر الحريه يصدر بيانا الان",0
"الوطن الطائفيه المريضه وحصادها عمرو حمزاوي",3
"القمه الحكوميه عجمان تطلق رؤيتها الاستراتيجيه 2021 مبروك وحفظ الله وطننا لما تصبو اليه",3
"من عيوب وسائل التواصل الاجتماعي انها اصبحت اداه لرد الفعل وليس الفعل ننشغل بردود الافعال اليوميه اكثر ما ننشغل بالتخطيط والتفكير للمستقبل",0
"هل تقرا القران بعد رمضان هل تفهم معانيه وتفكر فيها هل نويت ان تختم القران بعد رمضان هل تعرف ثواب قراءه وتدبر",1
"3 هاننتخبو عشان كدا انتخبوا اللي شال العرص سانتخب السيسي و مش هنزل لمستواك",2
"نودع اليوم فقيد الصحافه المصريه صاحب الكلمه الحره الاستاذ سلامه احمد سلامه الي مثواه الاخير وهذا اقل ما يمكن ان نقدمه لقلمه المحترم",1
"ردك ممتاز ولديك استعداد طيب للكتابه تحياتي",3
"مشكلهه معهد دراو الازهري استجابه وحل سريع في اطار الموجودات الساده المحترمون",3
"انقلاب مصر الفيوم 25 4 2014 حاميها حراميها",2
"الادمن اتفرج علي لقاء باسم يوسف في 3 عن ازاي طريق لاكتشاف المواهب في العالم العربي",3
"عرض الاسبوع 40 الف متابع شوارعنا فن تتقنه النساء ذلك الشخص شي ودك تجربه بوح درر عجبني حلو مكه 2050142",3
"اعلام العار تفرغ قبل غانا ومصر لشحن الناس للاحتفال ربنا افسد احتفالاتهم لم يحزنوا لخساره مصر حزنوا لان فرصه نفاق كبيره راحت عليهم",0
"الله وصف البنات ب ناقصات عقل و دين و اعطي الراجل الغضب و العصبيه و طلب منهم يكونو شعوب و قبائل هههه الي رايح حقو الزلمه هيتحمل كتير",0
"مرسي مش سبب الكارثه ال احنا فيها مبارك ودولته هما السبب في كل ده اهدروا تعليمنا و امننا وحقوقنا لاجيال طبيعي نوصل لكده",2
"الغريب في يوسف الحسيني انه بينتقد ياسر برهامي و هو اكبر برهامي انا شفته في حياتي مصر",0
"لما قالها البرادعي بقي خاين وعميل يقولها السيسي يبقي البطل العظيم يا سلام علي شعبنا لما يعرص",2
"تعليق صباح علي تسجيل حمدين صباحي بشان محاكمه السيسي تحيا مصر مصر الاخوان باسم طلع حرامي حركه كايدينهم",2
"د علاء الاسواني لماذا لم تعلن الحكومه جماعه الاخوان ارهابيه اقرا المقال كاملا علي هذا الرابظ",3
"3 يتناقض مع واجب الشرطه التورط في العنف او التصعيد مع المتظاهرين",0
"ولما تبص حواليك هتعرف انك احسن من ناس كتير عشان كده لازم تقول الحمد لله",1
"كم من اسير اودعوه السجن جسدا لكن روحه طلقاء ابدا الحريه لطلاب صيدله المنصوره ابراهيم عزب مصطفي جلال انا مش رقم",3
"النائب في الدائره مهمته يخدم الدائره من خلال برامج تنمويه حقيقيه علي مستوي الدائره بصفه خاصه و الوطن بصفه عامه",3
"شكرا ان حضرتك دورت علي المعلومه واقتنعتانا ليس لي مصلحه واكتب مايرضي ضميري والعلم عند الله",1
"مقتطفات من اقوال الزعيم التركي رجب طيب اردوغان لله درك يا اردوغان تركيا انجاز نجاح قياده",3
"ميرسي يا يو",1
"الانقلاب افسد زيت التموين والوزير ابو زيت افسد الرياضه",0
"لتحالف الوطني لدعم الشرعيه بالقاهره نقاط الانطلاق 1 مسجد صهيب الرومي الشرابيه 2 مسجد التقوي شبرا الخيمه كوبري",3
"من يقف علي الحياد بين الحق و الباطل فهو مع الباطل و عندما ينتهي كل شيء لن تذكر شيئا من كلمات اعدائك لكن صمت اصدقائك سيترك اثرا لن يزول",0
"اتقدم بالشكر الجزيل للفنانه القديره هاله فاخر علي رايها الذي اعتز به كثيرا",1
"يسعدني ان تشاركنا برايك في الخطوط العريضه للبرنامج",1
"اعلام العار يعترف بالحقيقه ويعلنها البلد بقت العن من ايام مرسي في كل حاجه هو انتم لسه شفتوا حاجه التقيل ورا",0
"طبيب يداوي الناس وهو عليل قصه ماخوذه من صميم الحياه المصريه اذا صح اعتبارها حياه",0
"8 تعطل الواتساب توقف الواتساب الواتساب معلق تاملو هكذا",3
"سحل متظاهرين بالقصر العيني ليعلنها مرسي بصراحه هل انت فاقد السيطره علي الداخليه ام انت المسؤول",2
"عمليه الاعتقالات المستمره لرموز رفض الانقلاب هدفها الرئيسي مساومه هؤلاء علي حريتهم مقابل التنازل عن حريه شعب لكن الله ثب",0
"شبكه اخبار المحله محافظ الغربيه يشكل لجنه لحل ازمه اصحاب المحال التجاريه بمنطقه العباسي",3
"هتحبك لو تحاول تقنعها باللي انت عايزه بهدوء مش زعيق وخلاص",1
"عملاء يكرهون الجيش المصري عبدالرحمن يوسف انتخبوا العرص مصر العربيه الاخوان بلاش شتيمه",2
"اكبر خساره خسرناها في ظل نظام مبارك هي الثروه البشريه",0
"ضد الظلم مع باسم ثوره 25 يناير باسم رئيسا لمصر انتخبوا العرص",2
"النضافه النظام الراحه و الحريه اللي بيحس بيها السايح تخليه يسيب بلد زيينا امكانياتها السياحيه مرعبه و يروح لبلاد اقل بكتير",2
"محاكمه المتورطين وذلك بشرط ان تكون الحكومه واجهزتها لديها المصداقيه وليست صاحبه سوابق في التزوير والتدليس والصاق",0
"انما المؤمنون اخوه علي شعار رابعه خلفيه الزعيم اردوغان في منظر ولا اروع مرسي رئيسي",1
"تحت امر المكتبه والعلم وجمال الاسبوع اللي بعد الجاي ان شاء الله تحياتي",3
"ارفض الدستور الذي ينص علي محاكمه المدنيين عسكريا",0
"الكويت السعاده الحب الامل جدد حياتك عطر فرنسي درر كويتيات خليجيات بحرينيات قطر 16",3
"4 لا مجال للمفاضله بين اسيوط وغزه كلاهما واجب وطني وامن قومي المزايده وصراع الاحزاب بشان ثوابت وطنيه يمتنعان",2
"في انتظار الحلقه الثانيه عشر من برنامج البرنامج لباسم يوسف هل هنالك اقتراح لفيلم او برنامج",3
"الاستهانه بحياه الناس جريمه انسانيه تستوجب العقاب السريع نطالب بتحقيق فوري في احداث مقتل 37 معتقل سياسي مصري اثناء ترحيلهم الي سجن ابو زعبل",3
"الثوره كانت تستحق دستورا جديدا محترما تكتبه جمعيه تاسيسيه منتخبه ربنا يسامح من اوقعنا في هذا المازق عموما الثوره لها جوله اخري وستنتصر",2
"لم ادعم مرسي وقاطعت الانتخابات اعتراضا علي عدم عزل شفيق وعدم محاكمته لكن مرسي الفائز طبقا لتقارير القضاه المستقلين الثوره اخلاص للحقيقه",2
"حلقه الليله الجزء الاول",3
"ناخد من الرسول عليه الصلاه والسلام قدوه لما كانوا بيشتموه كان هو كمان بيشتمهم تفتكروا كان زماننا بوذيين",2
"السيسي عين عدلي منصور رئيس مؤقت وعدلي طرطور رقي السيسي لرتبه مشير الله يديم المحبه مصر",2
"طز فيك",0
"جووووووووول زمااااااااالك دومينيك",1
"طلعني انا كمان من المنشنكل اللي بتفكر فيه جنس ومخدرات الذعر الجنسي ده هو اللي ماثر عليكم",0
"اللي اختشوا انشقوا لذلك لا اراهن اطلاقا علي ضمائر المنتمين للاخوان لان نطاعه السمع والطاعه قتلتهااراهن فقط علي البشر اللي هيكتشفوا الكذب",2
"لما اشدت بدور شباب الاخوان في الميدان واعلنت اني سانتخب مرسي كنت كاتب حر وطني منصف بمجرد مااعترض علي رئيسهم وقادتهم يبقي فيا العبراخ وان",2
"بيع متابعين زياده المتابعين تابعني اتابعك السعوديه الهلال النصر الاتحاد الاهلي الاتفاق الشباب 90731",3
"خليك كوبري عسكر اخوان لايق عليك قانون التظاهر قصر الاتحاديه اسقاط قانون التظاهر 6ابريل",2
"اللغه تراث",1
"ممكن امك تكون بتحب الفسيخ بس عيالها وجوزها اللي هو ابوك يعني مش بيحبوه وتكون نفسها فيه بس ماتكلوش عشانهم هي ديه الام المثاليه",1
"اللي يشوفك يتمني يكون مثلك واللي يعرفك يحترمك ويحبك واللي يسمع عنك يتمني يقابلك حاول",1
"معلش بقي لا النور ولا الاخوان ولا الكلام الفاضي دا كله لو هنقول يا مواقف يبقي الحمد لله علي نعمه حازمون و الشيخ حازم ص",2
"موقف الدكتور الطيب من ازمه سوريا كان له تاثير علي قرارات وزراء الخارجيه العرب الساده المحترمون",3
"السعاده ان يكون من نحب بخير وعافيه فنحن نشعر بهم ونهتم لامرهم حتي لو لم نراهم 3",1
"استمرار الحراك الطلابي ب جامعه المنصوره مفيش عساكر يحكمونا",0
"شاركونا علي تويتر يا شباب خلق جميل تعالوا ننشر علي الهاشتاج ده اخلاق نحب نراها في مجتمعاتنا و يتخلق بها",1
"ولو بتقولوا ان امن البلد هيتححق بعيد عن الحقوق الاقتصاديه والاجتماعيه تبقوا واهمين يوسف الحسيني",0
"حزني عميق علي الجيل القادم لا قدوه في سياسه اقتصاد ادب فن اعلام قضاء اغلب رموز الانقلاب سيئه",2
"الانقسام بين القوي الوطنيه طبيعي ولكنه حدث قبل انجاز اهداف الثوره فاستفاد منه النظام القديم يجب ان نضع الثوره قبل المصلحه السياسيه",2
"ابو تريكه عن صلاح وجدو احسن اتنين احتياطي في العالم",1
"لا تستطيع ابدا ان تتكلم عن وجهه نظر واحده لفهم الاسلام الذي اتسع ليتقبل قراءات مختلفه حتي التاريخ الاسلامي اختلف المسلمون في قراءته",3
"تابعواالان نقطه لقاءمع يوسف الحسيني دمجدي عبد الحميد المنسق العام للجنه الشعبيه المشاركه في اعداد الدستور",3
"ما هي افضل وظيفه في الحياه مدير شركه رئيس مؤسسه لا والله افضل وظيفه في الحياه ان ربنا يشغلك عنده تدل الناس علي الخير",1
"زعيم شعب البياده 50 في الثانويه وزعيم الشعب الحر دكتوراه من اكبر جامعات العالم",2
"الوطن الخارجيه تدين الاعتداءات الاسرائيليه علي المصلين في المسجد الاقصي",0
"اصرار الشعب التونسي علي الوصول الي الكيلومتر الاخير ثوره اخري في حد ذاته واهم درس من بين دروس كثيره",1
"حزب الوسط الان يتقدم مسيره هائله الي محكمه دمياط لتقديم اوراقه للانتخابات البرلمانيهسعيد جدا بثقتكم",1
"اشتغل وابذل الجهد لتري بسمه الامل",3
"ارفض تماما اي دعاوي تطلق لفرض سلطه ووصايه مؤسسه الرئاسه علي القضاء استقلال القضاء هو الركيزه الاولي في دوله القانون لا",2
"الاسواني الدم سوف يعلق بيد كل من يشترك في هذه الانتخابات الباطله فلنقاطع الانتخابات وننضم الي",0
"كلام وسط البلد بمناسبه عيد تحرير سيناءهل الاعمال الفنيه اللي تناولت انتصاراتنا الحربيه جت علي المستوي المطلوب هل وضحت",3
"المدرس عبد الغفار محمد ابلغ الشرطه عن طالبه تكتب علي الحائط يسقط حكم العسكر فقبضوا عليها رجاله اخر زمن",0
"تعليق الدكتور ابراهيم الدميري وزير النقل علي حادث قطار دهشور الساده المحترمون",3
"رئيس الوزراء الاسرائيلي نتنياهو في ذكري الهولوكوست ايران ترغب بصفقه تصل بالعالم كله الي حافه الهاويه اسرائيل",3
"لو جنان انك تنزل مظاهره من غير تصريح اتجنن",3
"اتمني ان تكون القوي الاسلاميه والليبراليه واليساريه راغبه بالفعل في تشكيل قائمه وطنيه موحده لخوض الانتخابات البرلمانيه القادمه",1
"هي انك تكون راضي بنصيبك ال ربنا كتبهولك",3
"ان كان من عادوا للتاسيسيه يرون في هذا عملا وطنيا فهذا لهم ولا يحق لا لي ولا لغيري رغم اختلاف الموقف والتقدير المزايده علي وطنيتهم",2
"السيسي مش رئيسي اقرا بهدوء و تعقل قبل ان تاخذك عواطفك لسب الكاتب او مدحه مصر فلسطين الامارات السعوديه لبنان",2
"متي يعود السائحون الي مصر عندما يرحل الانقلاب",3
"غضب ربنا هينزل علي ابراج السعودين قريب اسيوط ومحدش يسالني ليه الحق امشي انا بقي",2
"استقلال الازهر ضمانه وطنيه نحرص عليها ونرفض الهجمه الشرسه ضد شيخه لتقويض استقلاله وننتظر تحقيقا نزيها لمعرفه من سمم ابنائنا في جامعه الازهر",2
"محمد علي خير قرار الرئيس عدلي منصور بتحصين قرارات الحكومه من الطعن عليها امام القضاء غير موفق مساء الخير",0
"لولا فيلم الرصاصه لاتزال في جيبي كنت نسيت ان النهارده عيد تحرير سيناء مع ان مفيش علاقه بينهم مصر",2
"بعد الانفاق في معسكر اعداد وملابس وكتيب المشاركه في العاب الفرانكفون وقبل 24 ساعه من السفر الغي طاهر ابو زيد",0
"ازاي البرادعي يقول ان الهولوكوست ماساه انسانيه و ان بوذا ممكن يكون نبي و ان السلفيين متطرفين و يطالب بعوده اليهودايه ده عصام العريان",0
"اسره مسلسل السيده الاولي تنتقل للتصوير باستوديو الاهرام بطوله غاده عبدالرازق و ممدوح عبدالعليم",3
"ناس كتير قاعده علي تويتر تحس انها ناس فاضيه بتهري و خلاص مرار طافح",0
"افضل لاعبي الدوري الانجليزي في سنه رونالدو في الصيف الذي يليه انتقل الي الريال بيل في الصيف الذي",0
"صدق من قال لاتستطيع شراء الاخوان لانهم قوم لاسعر لهم لايبيعون اخرتهم بدنياهم لايرضون بغيررضي الله بديلا لله درهم وطوبي لهم انصاف الاخوان",1
"محمود الشامي العضو الجاهل لاتحاد الكره يقول ان شعار رابعه محرم دوليا الجهل نوروون",0
"في وجود الببلاوي الفاشل تزداد معاناه المواطن في مصر بعد حادث قطار دهشور",0
"2008 الشرطه التركيه اليوم تفرق المظاهرات ضد اردوغان بالقوه بينما يندد هو بفض اعتصامات رابعه",0
"عرض لماذا تتواجد بتويتر كذب البنات سولف لنا عن طفولتك لو بس مااجملها من كلمه في العمق تعليق الدراسه 123070",0
"ربنا وعدني اليومين دول بالعيال بتوع الاخوان الساده المحترمون",3
"الدعم الصهيوني للاخوان اهدافه منع حماس من الهجوم علي اسرائيل صراع سني شيعي يمزق المنطقهضمان تخلف مصر الدائم تحت حكم الاخوان الفاشي الفاشل",0
"طبعا الرئيس الذي تطلق جماعته بلطجيه ليعتدوا ويسحلوا ويضربوا بنات بلده هو رئيس فاقد للشرعيه تماما",0
"كيف شارك الاخوان في ثوره يناير صادروها لحسابهم الخاص",3
"اتابع بسعاده واعجاب مئات المغردين الشجعان اسلوب شيق وخفه دم ورؤيه ناضجه واستنتاجات مذهله مواهب مصر كثيره يدفنها الفساد والواسطه واللصوصيه",0
"خديجه الشاطر 5 ساعه وكعادتي التقي بابي الحبيب خيرت الشاطر مره كل بضع شهور اذهب و الهم والاسي يعتصر قلبي",3
"النهارده ومرسي في القفص عرفت ان محافظ سوهاج لسه مسماش اكبر ميدان هناك باسم الشهيد الحسيني ابو ضيف لعل المانع خير يا ب",2
"بالفيديو الجوهري مصنع اسمنت تيتان اعتداء علي حق مواطني وادي القمر في الحياه كفايه اوقفوا الفحم",0
"2 حتي انت دي اخوانا وفيه كمان اخوانهم لكن بعيد عن الضمير والتنوين هل هناك اخوان شيء اخر",3
"عن الروقان اللي كانت فيه دينا الوديدي ف اغنيه وحده خيااااال",1
"تم تقسيم شعب مصر اخلاقيا احرار وشرفاء ومتسامحون ومؤمنون مع الشرعيه والعكس بالاضافه لجهلاء واغبياء مع الانقلاب",2
"الله اكبر وتحيا مصر الحمد لله وحده صاحب الفضل كله انعم علينا بثوره عظيمه واختار من بيننا شهداء ابرار",1
"الفراج يشن هجوم بطريقه قذره علي اتحاد منتخب ويتحدث عن العداله و يبرر العنصريه فلول اكشن يا دوري",0
"مصر تستجدي روسيا لاعاده السياح بكره تشوفو مصر",0
"كلمه مرسي الموفقه في طهران حيتم توظيفها جيدا في الداخل بصراحه ما اقدرش الوم الاخوان علي استغلال مكاسب سياسيه خارجيه لخد",2
"معلم و واعي يا يوسف",1
"دسيف الدين عبد الفتاح مناسبه القانون الذي اصدره عدلي منصور الخاص بمنع الطعن علي العقود المبرمه بين الحكومه",3
"ده مش مؤتمر شعبي ده جوله ميدانيه",2
"ايها الغيورون علي القانون هل سمعتم عن تهريب المتهمين الامريكان و14 الف مدني في السجن الحربي واعلان دستوري باطل يمنح الحكم للعسكراين كنتم",0
"لا تدعا روتين الحياه ياخذ كل منكما بعيدا عن الاخر فكسر حده الروتين بالتجديد يعمل علي عدم شعوركما بالملل ويجعل الحياه اكثر اشراقا",3
"لعل من حكمه الله اعتقال قيادات الاخوان الان قبل ان تتسع ثوره مصر ويتصاعد غضبها ليطهر البلد من كل خائنساعتها لن يقال ال",2
"اسرائيل تحتل فلسطين من عام 1948 في 65 عاما لم تعتقل اسرائيل من بنات فلسطين ما اعتقله الانقلاب من بنات مصر في 4 شهور انحطاط",0
"سوريا مباشر انفجار ضخم في مبني حزب البعث بالقرب من دوار السبع بحرات في حلب مدونه سوريا",3
"البراءه من قتل المتظاهرين كانت 15 ابريل 2013 علشان معلوماتك تبقي صح يعني في عقر حكم الاخوان ولم يستانف قبل ال60 يوم",2
"دراما رمضان المصريه الكباريه الكبير",0
"حوكا",0
"اخر ما كتبه شهيد اليوم باذن الله عبد الرحمن احمد هذه هي نوعيه الشباب الذين يقتلهم السيسي حسبنا الله و نعم الوكيل",0
"الاعلان الدستوري ناقص من هو القائد الاعلي ما هي سلطات الرئيس في وجود خطر حال حقه في حل البرلمان وحق البرلمان في سحب الثقه من الحكومه الخ",0
"عاجل استقاله وزير السياحه احتجاجا علي تعيين محافظ الاقصر ما زال في مصر رجال يفضلون الوطن علي المناصب الف تحيه",2
"انهيار اقتصادي شنيع وانهيارات امنيه وسياسيه واعلاميه غير مسبوقه مصر لن تجد طعاما وشرابا لشعبها خلال شهور اذا استمر الانقلاب",3
"قمع الثوره في البحرين بطريقه همجيه جريمه تم التغاضي عنها لاسباب طائفيه الانسان يجب ان يتمتع بحقوقه مهما يكن دينه او مذهبه",0
"حبيبان نحن الي ان ينام القمر جوهره محمود درويش",1
"المعني الحقيقي للوطنيه المعني الحقيقي للضحكه الصافيه باسم",1
"نبيل العربي فخر لمصر في علمه و اخلاقه ووطنيته ونقائه ولم يفكر او يسعي يوما للترشح للرئاسه لا تزجوا باسم الرجل في هذا المناخ السياسي الملوث",2
"وفي تفسير تالت ان نيل كان عضاض وقرم امه في دراعها جامد فرجع الاب من الشغل سالها ايه اللي في دراعك قالت له نيل ارمني سترونج",3
"اولاد رجال الاعمال الاوساخ واولاد تجار المخدرات واولاد الجنرالات والمعرصين والمعرصات متجمعين في مكان واحد فقط تايم لاين حازم عبد العظيم",0
"في عهد مرسي تم قتل 134 مواطنا واعتقال 3400 مواطن مورس عليهم تعذيب بشع وهناك عشرون حاله اغتصاب للرجال لماذا لم تعترض امريكا علي حليفها مرسي",0
"ندوه توقيع روايه نادي السيارات باتيليه الاسكندريه السبت 20 ابريل السابعه مساء التفاصيل الادمن",3
"خايف من بكره المجنون علموني وعيشوني في تاريخ بعيد في فعل كان ولوحدي سابوني ورموني للمستقبل والايام واختاروا طريقي وربطوا ايدي كايروكي",3
"ليس بمقدور احد ان يعيد المصريين الي حظيره الخوف لقد الثوره كسرت حاجز الخوف الي الابد لن نتراجع عن مطالب الثوره ولو صدر ضدنا الف حكم",1
"نرفض التدخل في تشكيل الحكومه الجديده من اي جهه او حزب ونرفض اي شكل من اشكال الضغط علي قرارت عصام شرف",0
"الهدف من استدعاء محامين من بلاد اخري في القضايا السياسيه هو الدعم السياسي والمعنوي وليس القانوني للمتهم المقصود اظهار مبارك كبطل تحرير",2
"وذكر ابن ظهيره في جامعه اللطيف انه وجد هذه العاده في ذكري المولد النبوي عند اهل مكه في القرن العاشر يتوارثها الخلف عن السلف ولم تكن",3
"من ترك شيئا لله عوضه الله خيرا منه",3
"حركااات الكويت لونها اصفر حريه الصحافه",2
"انا محنيش جبيني غير لرب الخلق ولا بالحرق ولا بالشنق اموت والجنه عنواني الله يرحمك جيكا",2
"ابو الفتوح البرلمان القادم اذا نزلنا جميعا للانتخاب 90 زي تونس او 80 فاعتقد ان البرلمان القادم سيك",3
"الوقت من دونگ تباطئ ثوانيہ گن الدقايق ماتداني بعضها م",3
"في عالم موازي اي خول من دول يتمسك في الشارع يقلع ملط و يركب الحمار بلشقلوب و نزفه ف العشوائيات",0
"استبشروا خير",1
"متي سيدرك الانقلابيون ان العالم لا يري نظام السيسي كما يراه عادل امام والهام شاهين ياشرفاء مصر انقذوا مصر تمتلكون المفاتيح كلها فانهضوا",2
"بلدي طنطا وانا احب اعيش مطنطن المشير",3
"عزله الانقلاب عالميا تتزايد وكل دول العالم تمنع مواطنيها من الذهاب الي مصر حتي حقراء الخليج من ممولي الانقلاب يمنعون اهلهم",0
"تحيا مصر انزل 26و27مايو وانتخب السيسي تحيا مصر مصر تنتخب السيسي سانتخب السيسي تحيا مصر",1
"لا ولن اوظف ابدا عمل الخير للانتخابات او السياسه دعوت للتبرع للخير قبل رمضان واستخدمت تويتر وفيسبوك كوسيله للتواصل وليس لمغازله مصر الجديده",2
"شرح مواد الدستور مع دعمرو حمزاوي الماده 32 33",3
"القبض علي قيادي من حزب النور في بني سويف اكيد اخوان ايه المانع اهلاوي بيشجع الزمالك",0
"احسن حاجه في اغنيه السكه شمال هيا ايه ايه ايه ايه اللي امير بيقولها قبل ما بيغني علي طول",1
"حركه كايدينهم مصر قول كلمه للسيسي وخد فولو هديه ياسيسي يا اصيييييل احنا شباب هنصوت للسيسي سانتخب السيسي",1
"سيدنا النبي كان طيب الرائحه واذا صافحه احد ظل بيده عطره سائر اليوم صلي الله عليك يا سيدي يا رسول الله",1
"قصه الاندلس حلقه 25 الحب 2 عمرو خالد",3
"سواق ميكروباص مؤدب",1
"اسمعو هالاغنيه روعه غلطت م الاول رنا سماحه 9 اللي اهم من شكلك",1
"كفايه بعد عن ربنا دي النهايه قريبه",2
"ليس من الاسلام القتل والحرق واثاره الفزع والتعدي",0
"مباشر مصر دمياط سلسله بشريه لاحرار البصارطه بدمياط نظم احرار قريه البصارطه بدمياط سلسله بشريه صباح اليوم السبت",3
"عيد الام الام هي عيد الحياه",1
"تلك الايام لما كنا ننتقد الاخوان يقولوا مش وقته تغلطونا دلوقتي نخلص من العسكر و بعدين اعملوا اللي انتوا عايزينه هيييه دنيا",0
"تكليف الدكتور مرسي لهشام قنديل لعمل التعديلات الوزاريه اللازمه التي تناسب المرحله",3
"حركه كايدينهم مصر قول كلمه للسيسي وخد فولو هديه ياسيسي يا زعيييييييم سانتخب السيسي احنا شباب هنصوت للسيسي",1
"ابراهيم عقل نموذجا",1
"في تركيا تعمل الدوله جاهده لتفريغ 300 الف عالم للبحث العلمي للوصول الي عام 2023 وباشراف مباشر من اردوغان دققوا التصن",2
"واضح ان امي دعت عليا وانا صغير وقالتلي روح ربنا يفرج عليك خلقو قام ربنا طلعني مذيع",1
"الاخوان يتحدوا الدوله ويعلنون النزول في مظاهرات الجمعه القادمه الساده المحترمون",3
"بغض النظر عن راينا في التشكيل الوزاري فان تعيين المستشار احمد مكي وزيرا للعدل خطوه صحيحه في اتجاه استقلال القضاء وهذا ما يفسر غضب الزند منه",3
"امريكا تعتذر علي غزو افغانستان والعراق وتتراجع عن ضرب سوريا الساده المحترمون",3
"اشارك في وقفه صامته بالاسكندريه يدعو اليها شباب مصر تضامنا مع ضحايا التعذيب وادانه لتلك الممارسات",2
"بحب بلدي و بكره الدم والظلم سانتخب السيسي تحيا مصر",2
"اي امراه تصنع الحب والايثار والاهتمام والعطف والحنان مؤهله ان تصبح ام مثاليه حتي لو كانت مارلين مونرو فيفي عبده الام المثاليه",1
"من انتصر علي نفسه انتصر علي اقوي اعدائه و من انهزم امام نفسه انهزم امام اضعف اعدائه",2
"عبد الحكيم جمال عبد الناصر يفكر في الترشح للرئاسه منتصف الليل بتوقيت القاهره في اخر كلام",3
"7 1فاضي صباح الخير بعد منتصف الليل غرد بذكر الله صور كنك بنت",3
"التعليم انشاء مدارس للتعليم الصناعي والتجاري في مدينه بدر وانشاء ودعم مدارس ذوي الاحتياجات الخاصه وتاهيل المشرفين عليها",3
"متصدر لاتكلمني النصر الشباب الهلال اكشن يا دوري شجع ناديك بدون تعصب مع برنامج الايفون الرائع 56",0
"ذات مومنت لنا تغوجئ ان امتحاناتك الاسبوع الجاي وانت مفتحتش كل المواد ساقطين ساقطين ساقطين ساقطين تجاره",3
"النظر الي وجه الام عباده",1
"نفسي ارجع لايام كانت الحاجه الوحيده اللي مش تخليني اعرف انام لما يبقي عندي رحله في المدرسه تاني يوم ذكريات مدرسيه",1
"عزيزي حامل عصا المقشا ومرتدي الخوذه البلاستيك في اشاره رابعهانت الامل في التغطيه علي هروب بهوات الجماعهليكن شعارك هروب",2
"غرد بطولك 153",3
"حتي في فرنسا متاخر عشان الريس معدي",1
"واحشني قوي و انا مقصر معاك عندك حق كلم شادي و الشباب و خلينا نتقابل يوم الجمعه و العشاء عليا",1
"تعريص برهامي ووساخه حزبه والدعوه السفهيه بداوا من يوم ما دعموا ابو الفتوح مش حاجه مستجده",0
"تحيه لصحفيي الدستور وشبابه في اعتصامهم من اجل حق الشعب في صحافه حره ولتمسكهم بقائدهم الوطني ابراهيم عيسي و بالدستور كصحيفه مستقله",1
"التاريخ حافل برؤساء استقالوا وانتهت حياتهم السياسيه تماما بسبب واقعه فساد واحده وفي مصر يدفعون بمرشح ضده 35 واقعه فساد لم يحقق فيها احد",2
"سيناء علي الخريطه اكبر علامه نصر في التاريخ تحرير سيناء",2
"الاهرام رجع زي ايام هيكل البلد زي الفل بس تعبانه شويه وقواتنا تقترب من تل ابيب بس اسرائيل ضربت كل مطارتنا",1
"قدام بيتي الربيع الجمال نيويورك بيتي مبتعث",1
"قال الله تعالي ادعوالي سبيل ربك بالحكمه والموعظه الحسنه د سعدالدين الهلالي ايها الساده المحترمون",3
"ارفض بشده مساءله الناشطين السياسين امام محاكم عسكريه واؤكد علي حقهم في التعبير عن ارائهم بحريه من كلمات د",2
"ساويرس مشغول بالبيزنس وانا والحمدلله لم اقترض من البنوك ولم انحن امام الهانم ولم اشتر اراضي مصر بسعر بخس لابيعها بملايين لا املك الا قلمي",0
"حمزاوي يؤكد احترامه للشرائع السماويه وتاييده ل المدنيه",1
"اللهم انك اعطيتنا الاسلام من غير ان نسالك فلا تحرمنا الجنه ونحن نسالك اللهم امين دعاء ادعيه",3
"مهمتنا تغيير المعيار و فتح افاق جديده حتي و لو كانت غير مقبول في البدايه",3
"الاسواني ان الجرائم التي يرتكبها الاخوان المسلمون تتزايد كل يوم وبالرغم من بشاعتها فهي تكشف حقيقه الاخوان التي",0
"في مصر الانقلاب تعلو اصوات العهر والدعاره وتخفض اصوات الحق والعدل والشرفاء تحكمهم بياده تلاحقهم رصاصه تاويهم سجون",0
"القاضي كريم اسماعيل",0
"نحن امه اذا وضعت لمستخدمي الانترنت فيها كلمه فضيحه في عنوان اي فيديو في يوتيوب ارتفعت نسبه مشاهدته اكثر من الضعف حقيقه مثبته رقميا",0
"ندوه البرلمان المصري الاول بعد الثوره الجامعه الامريكيه بالقاهره 19 يناير2012",3
"متصدر لاتكلمني النصر الهلال الاهلي الاتحاد الفتح الشباب السعوديه الدرعيه الرياض خمس الاف 3",3
"عاهدنا الله علي ان نجتث جذور الارهاب من سيناء بلا رجعه",3
"خمسه من مستشاري عبد الله غول ينتمون لجماعه فتح الله كولن السعوديه",3
"رفض الخديوي عباس حلمي الثاني ملك مصر طاعه الانجليز وخيانه الاتراك في الحرب العالميه الاولي فعزلوه",3
"د علاء الاسواني من هم مرشحو الرئاسه الذين تلقوا اموالا من الخارج اقرا المقال كاملا",3
"اتضامن مع المستشارين حسن النجار وعلاء شوقي واشرف ندا معا من اجل استقلال القضاء ومحاكمه المدنيين امام قاضيهم الطبيعي لا للمحاكمات العسكريه",3
"سلاماعلي شهداء الانتصارالعربي وتحيه الي قواتنا المسلحه التي عبرت بمصر من الهزيمه الي النصر ان ينصركم الله فلا غالب لكم",1
"مصر خالد علي السلطه تمارس اجراما سياسيا ضد الفقراء",3
"اللي حصل مع محمود شعبان في التحرير افترا عليه لانه ضعيف هي دي اخلاق الثوره مش اخ",0
"1 عبدالله شعبك يحبك الملك اسال من هو في ملكه مقيم وفي جلاله عظيم وعلي عباده رحيم وبكل شئ عليم ان يشفيك",1
"بيل القاطره الولزيه يتغيب عند اللقاء المرتقب الريال البايرن وكريستيانو يبدا المباراه احتياطا بكفي حصار اضبطوا شركاء المخلوع",3
"الانقلاب يجمع عددا من الفاسدين ليقدمهم لاشتون علي انهم المفاوضون من جماعه الاخوان فضائحهم لم ولن تنتهي",0
"نفسك في ايه في الجنه نكلم الرسول صلي الله عليه و سلم",1
"اذا حدث توافق حول المباديء العامه للدستور سيفقد المتطرفون اكبر اسلحتهم لابد ان يقنعوا البسطاء ان الاسلام في خطر حتي يفوزوا بمقاعد الحكم",1
"ثوار المرج عزبه النخل المطريه عين شمس ما نبقاش رجاله لو ماطلعناش ال 5 سيدات من قسم المرج الليله مرسي الاخوان انتخبوا العرص ريتويت",3
"لا احد يعلم اين عبود محمد الذي اعتدت عليه عناصر الامن اعتداءا غاشما فجر اليوم هل هكذا يعامل الانسان في مصر بعد الثوره",3
"مصر العربيه عاجل ابطال مفعول عبوه ناسفه ب شمال سيناء",2
"في يوم المراه العالمي نتذكر ليلي خالد فلسطينيه مناضله ضد الاحتلال الاسرائيلي واول امراه تقوم بخطف اكثر من طائره",1
"هل الرئيس مرسي شرعي ومنتخب هل الشعب قادر علي اختيار ما يفيده هل هدف الثوره ان نتخلص من حكم العسكر اذا الاجابه بالنفي فلماذا قمنا بثوره",2
"لله الحمد تجوزنا 5000 محب و متابع لصفحه الاقصي متي نصل ل 10 الاف محب ومتابع تغريدات الدكتور عوض القرني",1
"اولا غلب علي اداء المجلس منذ 23 يناير 2012 اسلوب اطفاء الحرائق ومازال العمل التشريعي والرقابي الهادف لبناء نظام",2
"امريكا تدير شبكات اجتماعيه محليه في العشرات من الدول حول العالم شبكات اجتماعيه امريكا مصر الربيع العربي",3
"حتي اللي حكتله عن اللي سابوك و قالك ان معاك مش هسيبك سابك هو كمان مبقتش تفرق",0
"فيه ناس بتبعتلي رسائل عتاب رقيقه جدا والله يا جماعه انا ما عنديش اي نيه اكون كاهن ولا ملاك وبقول للخروف يا خروف في وشه ومش هتغير",2
"محلب يصل الي القاهره بعد جوله افريقيه استمرت 3 ايام مصر ميدان التحرير",3
"لو دمعتك نزلت علي خدك من كتر ضيقتك اعرف ان ربنا بيقولك اسند راسك علي بابي",1
"وفود سياحيه بريطانيه تزور مصر وتبدا بزياره معبدي الكرنك و الاقصر بريطانيا اخبار سياحه القاهره",3
"حياتنا السياسيه بها استقطابات حاده بعض من صوتوا لحمدين وابو الفتوح سيصوتون لمرسي او شفيق واخرون وانا بينهم سنكون في معارضه ديمقراطيه",2
"شاهد اخر كلام سد النهضه ما ينبغي علي مصر فعله",0
"اذا كنا بنقول انه رحمه للعالمين طب لما تقتل الناس اللي عقيدتها مش عجباك و تشتم الباقي فضل مين من العالمين",2
"المجد لشهداء محمد محمود الذين سالت دماؤهم لتروي شجره النضال",1
"سي بي سي اشتباكات عنيفه بين عناصر جماعه الاخوان الارهابيه والاهالي بشارع المشروع بحي عين شمسوسط تبادل اطلاق الرصاص والخرطوش",3
"محمد مرسي احترمك السيسي انت ظالم",2
"استغرب من المحللين الذين يضخمون من الاعتداء علي سفاره اسرائيل بدعوي انه مخالف للقانون الدولي فهي جنحه مقابل جرائم اسرائي",0
"الثوره تريد تحرير العقول التلفزيون المصري يريد تغييب العقول الثوره ستنتصر",2
"3 الحته بتاعه تستبيح خداعي دي دايما باشوف فيها صوره واحده بشراب شبيكه وسيجاره بمبسم وميك اب تقيل وغمازه عيره وانت فاهم بقي",2
"هل من الممنوع ان يوجه احد انتقادا لقرارت المجلس العسكري الا يكفي العسكري كل هذا النفاق الرخيص في الاعلام الحكومي الثوره تحتاج جوله اخري",0
"3 تصدق انت ماتفرقش حاجه عنهم لاني ولا قلت فصيل وتني و لا ناديت بعدم الاكساء ولا طالبت بالمصالحه",2
"اعتذار سي بي سي عن حلقه الشيطان الاراجوز جزء من التمثيليه لاظهار انها شملت مساسا بسيسي او الانقلاب لا تصدقوا",0
"رئيس حزب النور الوهابي ظهر علي الجزيره وظل يلعن في وثيقه السلمي عندما قال له المذيع ان المجلس العسكري المسئول الاول عن الوثيقه رفض التعليق",0
"عن الفاشيه الدينيه الاسواني الكنيسه الكاثوليكيه التي قدمت للعالم قيما عظيمه هي ذاتها التي شنت الحروب الصليبيه و",2
"الله اكبر الله اكبرالله اكبر لا اله الا الله تكبيرات العيد تبعث في الوجدان طاقه ايمانيه عظيمه كل عام وانتم بخير",1
"الشمس لا تنتظر استيقاظك لتمنحك النور ولا الزهر ينتظر اقترابك ليمنحك العطر كن مثلهما وبادر بخدمه من حولك",2
"6 ابريل عاجل الاعتداء بالضرب علي الزميله داليا رضوان من 6ابريل الاسكندريه في كمين للشرطه بسبب اكتشاف دبوس",3
"المناضل حمدين صباحي سيظل يناضل ويناضل حتي يجد نفسه محكوما عليه بالاعدام بتهمه ممارسه النضال في مكان عام وبكره تشوفوا",1
"عادي هي مش شغلاني بس موضوع لطيف وخفيف وظريف ومليان كالوريز",3
"يعني مثلا مبسوط انهم بيتقتلوا وبهرج علي الموضوع ده جايز تكوني فهمتي كده لو متربصه بس انما بدون تربص المعني واضح جدا",2
"ولاد البلد المنصوره مصراوي اهالي المطريه يتضررون من غرق شارع مدرسه النصر ورعايه الامومه بمياه الصرف الصحي",2
"لا تحزن اذا ضاقت بك الحياه ربما اشتاق الله لسماع دعائك عمرو خالد",3
"مصر السيسي تنتكس وتعود للعصر الحجري وحكم الغاب يحزنني حال الذين يدعمون هذه الهمجيه والنازيه الجديده مرسي السعوديه",0
"اول افاتار ع تويتر ليا كان صورته احيه احيه احيه اعترافات ليليه اللي قالوا واللي بيعمله خلوني اندم",3
"شاهد اخر كلام يسري فوده الدور الان علي من",3
"قررت تعليق حملتي الرئاسيه الي ان يكون هناك ميعاد محدد لنقل الرئاسه و ساعود الي صفوف الكفاح لتوعيه الشباب",3
"اليوم السابع سلاسل بشريه لانصار حمدين صباحي ب السويس لتاييده للرئاسه",2
"عايز تنافق اي سلطه وتلحس جزمها ده اختيارك لكن ليه زعلان اوي ان غيرك بيقول راي مختلفمش كل الناس عندها ميول للتاييد او النفاق زيكخلقه ربنا",0
"في اول رساله فيديو عبر موقعه حمزاوي اشكر من لم يعطني صوته وسادافع عن الدوله المدنيه بوابه الاهرام",3
"انتخبوا العرص سؤال فقيق انتخابات الرئاسه القادمه بين السيسي وصباحي عباره عن تمثيليه لا دي مسرحيه بطوله اتنين واحد هاشتاج والتاني مشتاج",0
"محمد رمضان و السبكي تهاوشوا مع بعض احسن عشان لا نشوفك في افلام زباله",0
"هو مرسي ما غيرش النائب العام ليه هي دي النهضه",0
"معاق يقيم منذ 19 عاما في مراكز الرعايه لم تزره اسرته الا 3 مرات شاهد التفاصيل من هنا",3
"لا تسمع للكارهين فهم يستحقون الشفقه انت لم تخطئ في التقدير تقريبا منذ 25 يناير لك كل الاحترام و التقدير ويشر",2
"مجلس عسكري و حكومه غير قادرين علي حمايه مرشح رئاسي بارز ناهيك عن توفير الامن في البلاد هما المشكله و ليس الحل",0
"ستيفن جوبز مؤسس شركه ابل والرئيس التفيذي لشركه بيكسار وعضو مجلس اداره شركه والت ديزني استقال بالامس وقال في",3
"عن احساس انك تكون في الشارع والنهار يشقشق والنور يملا الدنيا كلها",1
"احبك ربي الحمد لله",1
"الطعم هنا للشعب الغلبان اللي نفسه يخلص من النائب العام يعني بيقوللك قول ايوه علي دستور معيوب واحنا نشيله وتلبس انت ابدي",0
"هل المانيا اشترطت علي مرسي مايقعدش عندها اكتر من يوم عشان طاقه شبكه مقاومه الكوارث ماتستحملش اكتر من كده",0
"حريه الحركه الطلابيه وحقها في العمل السياسي جزءاصيل من الحريات العامه التي ناضلنا من اجلها منذ السبعينياتالثوره تفرض لائحه طلابيه ديمقراطيه",1
"اعلام العار ينكر الشمس وانقلاب العار يطفئ الشمس وشباب مصر الحر سيضيئ الشمس",2
"صباح الخير بعد منتصف الليل غرد بذكر الله صور كنك بنت لو كنت المتحكم بالتويتر رتويت افضل الاسعار 8",3
"بعض الاشكال الوسخه ف المرج لما تشوفها تحس انها هربت م الرشاح قبل ما يتردم",0
"ثوره 25 يناير السفير ابراهيم يسري اسرائيل كانت تخشي من صعود الاسلاميين للحكم وتحالفت مع قوي داخليه",3
"في حكم مرسي حظت مصر باحترام عالمي في الانقلاب تحول العالم لعزلتها اعلامنا مرسي اساء لمكانه مصر",2
"انشروا التذكير بالتكبير و احيوا سنه هذه العشر الله اكبر الله اكبر لا اله الا الله الله اكبر الله اكبر ولله الحمد",0
"اعظم شباب هما اللي بيحرسوا الداخليه دلوقتي ضد الداخليه و قراراتها و لسه بيحرسوها برضه عاش",1
"حينما ينتصر الشعب ويشرق شمس الحريه بعد هذه الغيوم الانقلابيه يمكن ان يسترد ما سرق من ثوره يناير",2
"خارطه الطريق تستلزم مشاركه وطنيه بعيده عن العنف الساده المحترمون",2
"وزير الداخليه يشارك في تكريم شهداء ميدان التحرير في 30 يونيو حكايه استحمار شعب",2
"مش ممكن تكون صدفه اول مره نسرق اشاره بث اول مره نخسر 6 في افريقيا اول مره ناس تفرح لخساره فريقها",2
"حازم امام جماهير الاهلي بتفهم كوره",1
"حفظك الله يا خادم البيتين وادامك ذخرا للاسلام والمسلمين ذكري البيعه التاسعه",1
"انت بضان ياض",0
"من لايعرف امه الا يوما في السنه فهو عاق لها ومن يصلها ويهديها ويبرها كل يوم فلا معني ل عيد الام عنده فعيد الام مناسبه للعا",2
"1 بالامس كان اليوم العالمي للصحه وزاره الصحه اطلقت مع منظمه الصحه العالميه والجمعيات الاهليه حمله اضبط ضغطك اضبط حياتك ضد ضغط الدم المرتفع",3
"لاجديد فجمهور شبكه المجد يملكون من الوفاء والولاء ما تعجز عنه حروف الشكر والثناء مبادره بادره مجداويه لا نملك نحوها",1
"انا اللي غلطان يا سيدي كنت عايز اقف جنبك",2
"في صفعه للحكومه محكمه القضاء الاداري تلزمها بتوثيق توكيلات للمطالبين بدستور جديد ادعو وزير العدل لتنفيذ الحكم التقدير للمحكمه المستقله",3
"لا ما عرفش المشكله انك بتتكلم عن حمل السلاح علي اساس انه حاجه بسيطه انا كنت بمشي لما يحصل ضرب طوب اصلا تقول لي سلاح",1
"في ضوء الفوضي والتشرذم حان وقت تصحيح المسار دستور جديد يضيء الطريق ويحدد الثوابت انتخابات برلمانيه عندما يستوي الملعب ثم انتخابات رئاسيه",2
"لا شك ان فهمي هويدي اخطا ومن الاخطاء ما يصل الي مرتبه الكوارث لكنه يمتلك ارثا طيبا يسمح لنا بعتابه دون عقابه",0
"تهنئه لكل طالب وطالبه قضوا ما يزيد عن 150 يوما معتصمين وواجهوا كل انواع التنكيل جامعه النيل",1
"يوم 7 7 يوم هام في مشروع العلم قوه وهدفه جذب وتسكين 100 الف امي داخل الفصول في يوم واحد عن طريق 10 الاف",1
"هل بدا الجيش السوري عمليه حلب الكبري دمشق الراموسه الشيشان الليرمون المطاحن المدينه",3
"بالنسبه لقناه فلول و الحاجه سما المصري اللي صدعونا بخبر القبض عليها وتراخيص وحوارات القناه لسه شغاله هو كان فيلم هندي عشان يتشهرو اكتر",0
"وان يسهر علي محاسبه قانونيه ناجزه وعلنيه لمن ارتكبوا العنف واعتدوا علي كنيسه دهشور وان لا ينتهي الحال الي اللا عقاب واللا عداله كاحداث سابقه",2
"عندنا في المريخ لو زعلت الماوس هيزعلك",3
"كورسيرا اكبر موقع عالمي يحتوي علي مناهج جامعات عالميه هي الافضل في تصنيف 2013 نتعاون معهم لتعريب المناهج شاركونا",1
"الشعب ما نزلش علشان تحصل فتنه طائفيه غريبه ان امريكا مش بتتكلم عن اضطهاد الاقباط في",2
"يا صباح الخير يا صباح النصر احنا ملوك كل حاجه في مصر الاهلي",1
"اخبار تل ابيض اتحاد تنسيقيات شباب الكورد في سوريا تنسيقيه الرقه تحذير و نداء هام جدا داعش",0
"افضل عب في العالم رونالدو لم يستطع التسجيل بوجود الصخره حمد المنتشري اسطوره كانيدا يحتاج لحمد المنتشري",1
"لولا الانقلاب لسارت عجله البناء والعلم والاقتصاد والحريات والقانون اسرع من احلامنا",1
"لم انتخب مرسي ودعوت الي مقاطعه الانتخابات في مقال منشور في المصري اليوم لكني اتفهم تماما موقف الثوريين الذين اضطروا لانتخابه حمايه للثوره",2
"اخي العزيز اياك ان تتخيل اني لما اعملك بلوك يعني عدم ايماني بحريه الرايبالعكس انا باميط الاذي عن طريقي واماطه الاذي عن الطريق صدقه",2
"بيع متابعين زياده المتابعين تابعني اتابعك السعوديه الهلال النصر الاتحاد الاهلي الاتفاق الشباب 90332",2
"متخفيش انا مش نسيكي عمرو دياب",3
"ما حدث مع المعتصمين يتحمل مسؤليته المجلس العسكري اين دور رئيس الوزراء في ضوء الصلاحيات الكامله الممنوحه له",2
"عمرو موسي كاتب في ال مواطن مصري ابو الفتوح كاتب المرشح السابق لرئاسه الجمهوريه ماهو معندوش حاجه يكتبها وبالتاكيد ولائه مش لمصر",0
"مؤيدين مصر القويه بيضيفوا بعض انا مصر القويه و افتخر",3
"الكرامه لا تعوض بالاموال وهي ليست سلعه تباع وتشتري والامارات لديها اموال ولكن ليست لديها كرامه كالعاهرات تماما",0
"عندما يحكم الخروفالحاله العصبيه البائسه لبعض انصار مرسي جعلتهم يحتجون علي المقال قبل ان يكملوا قراءته للاخر",0
"الحياه جميله عندما تستخدم ادوات السعاده بها الامل و الفال الحسن و الايجابيه و الايمان بقضاء الله وقدره خيره وشره",1
"يا غزه انت فخر لينا انتخبوا العرص ريتويت",2
"انتهوا من سجن كل قيادات المعارضه وتحولوا الي ابنائهم وبناتهم وزوجاتهم مصر لم ولن تشهد قمعا وشيطانيه كما نري من عصابه الانقلاب",0
"اليوم السابع كلاب بوليسيه لتامين امتحانات عين شمس و الجامعه منع دخول المفصولين",0
"مصطفي حسني الطريق الي الله ناو",1
"كما تهمنا مصر تعنينا دمشق وكما تشقينا غزه تقتلنا بغداد وكما نحب اليمن نخشي علي ليبيا اما قطر فهي سيده النهوض و",1
"قذاره الانسان تكمن في سكوته علي وساخه ماحوله من اشخاص عن حمدين صباحي اتحدث",0
"قصه قصيره عرف ربه فاحبه فعاش سعيدا",1
"علاء الاسواني مقاله الاسبوعي بعنوان من اين تنفقون وينشر صباح غد بجريده المصري اليوم",3
"كوز دره مشوي مكموره في الغيط وعبد الحليم بيغني جانا الهوي",0
"المحامين تسلم درع النقابه لمحافظ ومدير امن بورسعيد للتفاصيل",3
"شهداء الاخوان دمهم عزيزنطلب لهم الرحمه لكن الاخوان هم الذين اعتدوا وضربوا وسحلوا وعذبوا البناتيا اخوان لا تتاجروا بالشهداء فتزدادون سقوطا",2
"وحيات عينيك اخذ صوت اخذ وجه حسن وطرب اصييل مصر الجيزه القاهره شاديه الاهرامات اسيوط",1
"صوره مرسي علي المسجد الاقصي و اغنيه السيسي علي التلفزيون الاسرائيلي شتان الفارق",2
"يوم هام في مصير دستور مصر القادم",3
"انتخبوا العرص هذا مافعله العرص في اهل مصر",0
"فقط مد اليد والدمج في اطار القانون والسلميه والامتناع عن التوظيف الزائف للدين هي المضامين التي ستمكننا من الدعوه الي مصالحه وطنيه حقيقيه",2
"امين من هنا للعشر الاواخر انا في ديك الساعه يا جميل انت عارف محبتي واعجابي",1
"اعرفوهم انقلاب مصر يسقط حكم العسكر الداخليه بلطجيه الحريه لنور الدين محمود 15سنه الدقهليه طالب بالثانوي الازهري",0
"شاهد اخر كلام مصر ودماء الاتحاديه وماذا بعد",3
"لما تقول لانسان بسيط كلمه حلوه تسعده خلق جميل",1
"الدفع بمواطنين من اجل ملاحقه الصحفيين قضائيا بتهمه اهانه الرئيس طريقه قديمه طالما استعملها مبارك وانتهت به في سجن طره هل يتعظ الرئيس مرسي",2
"شاهد لماذا اقبل ارفض الدستور في الجوله الاولي في اخر كلام",3
"بدء جلسه محاكمه القرن ومبارك يحي محبيه من داخل قفص الاتهام مصر ميدان التحرير",3
"كل التضامن مع ثوره شعبنا العربي في اليمن من اجل الحريه والديمقراطيه والعداله والوحده ثوره الشعب العربي ممتده من المحيط الي الخليج حتي النصر",1
"زمكان مصر اخبار مراسلينا ابراهيم حماد يمنع استخدام عربيات ربع النقل في نقل الركاب في اسيوط اسيوط",1
"دفعولك كام يا ساويرس الرد حد قالك اني مزنوق",2
"اعلام العار يكذب كالعاده لتشويه صوره الرئيس مرسي مسئولو السجن يؤكدون انه لم يطلب اي ميزه او استثناء دع الكلاب تنبح",0
"الوطن عن دستور الجمعيه التاسيسيه ومواده 2 عمرو حمزاوي",3
"فوائد الالحاد مقال كتبته منذ فتره في الشروق و تعرضت فيه لمغبه التنفير من الدين علي يد من يتكلم باسمه",2
"ذات مومنت لما تقدم عرض عمل جديد متحمسله عمرك ما اشتغلته لزبون واليوم موعد اجتماعه مع مقره في اليابان وشعورك انا شن درت ان شاء الله يرفضوا",2
"بعض خريجي الازهر يخرفون في خطبه الجمعه اخبار مصر",0
"انتم تجعلوا من الناموسه فيل الاخوان تنظيم منتهي",0
"صحفي الماني يروي تفاصيل ليله مرعبه من التعذيب والاهانه بين المعتقلين المصريين في الاقسام والسجون",1
"اعتراف انتسب لحمله حازمون وفضلت اهاجم مرسي رئيسي بفكر حزب الزور وانتقد الاخوان في كل الامور اعتذر لك سيدي الرئيس ف الشعب يرد تحيه الرئيس",2
"اذا اعتاد الفتي خوض المنايا فاهون ما يمر به الوحول",3
"قرار وزير الداخليه بشان الجرائم الكبيره الموجبه للتوقيف السعوديه",3
"عصام سلطان 137923242939959 المستشار عبد الرازق",3
"لا تنتصر لنفسك و لكن انتصر للحق و تعلم من الامام الشافعي حين قال ما ناظرت احدا قط الا تمنيت ان يجري الله الحق علي لسانه",1
"ليه البنت اللي تحب في مجتمعنا بيعاملوها انها عملت جريمه وبتبقا بنت مش محترمه",2
"ارتقوا و مش كل واحد هتشوفوا مختلف معاك في الراي يبقي حمار ومش بيفهم",2
"في حد ابن حلال عمل الفيديوهين بتوع ناسا جنب بعض عشان يبطلوا مغالطه ويقولوا ده نفي في فيديو تانياتفضلوا الفيديو اهوه",2
"مداخله نجيب ساويرس مع الابراشيي وتعليقه علي استقاله دالبرادعي واحداث مصر",1
"البطل لا يهزم عندما يخسر بل يهزم عندما يياس ويغادر لا تترك حلمك",2
"كونوا علي يقين ان هناك شيء ينتظركم بعد الصبر ليبهركم فينسيكم مراره الالم قولي يا رب",2
"ياباشمهندس لو الرقم اللي هم بينشروه عشان يبعتولك عليه تهديدات ده رقمك بجد من حقك تبلغ الامن الوطني يتتبع اتصالا",2
"لو يوسف الحسيني شخص عادي مش اعلامي كان اللواء المحافظ قاله سيادتك",2
"الله يبارك فيكي يا هند",1
"انزلوا في مجطات المترو والشوارع في المانيا و امريكا و فرنسا ناس ملتحين بيوزعوا مصاحف وناس بتدعوا للاسلام في الشارع ماحدش بيكلمهم",1
"قطر الدوله الوحيده في العالم لها سفير في غزه واميرها الحاكم الوحيد الذي جرم اسرائيل وحملها مسؤوليه العدوان بينما مسوخكم جرموا حماس",2
"د علاء الاسواني يكتب مقاله الاسبوعي بعنوان ان تكون مسلما في بريطانيا ينشر صباح غد بجريده المصري اليوم",3
"الي كل من ليس لديه امل في تحقيق اهداف ثوره يناير وكل من سقطت امالهم بعدما حدثت الثوره الثانيه 30 يونيه احب",2
"السلفي سعيد عبد العظيم قال ان مرسي ايه من ايات الله ونسي ان الله تعالي ارسل الي مصر ايام سيدنا موسي ايات منها الجراد والقمل والضفادع والدم",0
"ماساه عضو العسكري واحد المسؤولين عن الحكم المتظاهرين رفضوا تماما حمايتهم من المجهولين نجاح الثوره لا ريب فيه والنظام السابق الي زوال",2
"مبارك عليكم الشهر رمضان كريم",1
"سوريا 27 4 2014 سرايا الحق بالاشتراك مع حركه حزم لواء الايمان بالله دك معاقل الشبيحه بصواري",3
"المنصوره مديريه امن الدقهليه مدير وقيادات مديريه امن الدقهليه تشارك القوات المسلحه الاحتفال بعيد تحرير",3
"من قال استغفر الله الذي لا اله الا هو الحي القيوم و اتوب اليه ثلاثا غفرت ذنوبه و ان كان فارا من الزحف الوتر سوره الملك ت",3
"كلام ام الشهيد محمد مصطفي بيجيب من الاخر مرسي كذب في وعوده",0
"الحكومه الحاليه غير قادره علي اتخاذ قرارات وهي حكومه مرتعشه",0
"يا مرسي يا عظيم تسريب سيسي كشف انه كان عملاقا وليس طرطورا ويكفينا انه تصدي للقوات المسلحه حتي انقلبوا عليه",1
"هذا الفيديو فعلا مؤلم يظهر مدي وحشيه البشر وقدرتهم علي تدمير اي شئ",0
"رحب الدكتور محمد سليم العوا بما نشرته",3
"الجزار الفاشل يحضر الان سكينه لكي يذبح بعض كباش الفداء قبل ان يكتشف ان المشكله اعمق من فشل الاشخاص فهي مشكله فشل سياسات",0
"انتظروا تغطيه لزيارده د عبد المنعم ابو الفتوح للاقصر غدا والتي ستتضمن زياره كنيسه العذراء صلاه الجمعه في الساحه",3
"الذي لم يلاحظ حتي الان ان مطالب الثوره لم تتحقق اما انه لا يتابع ما يحدث واما ان رائحه السلطه قد افقدته الرؤيه وصفقاته قد اخرسته عن قول الحق",0
"استهداف مقرات الاخوان ثم التيار الشعبي ثم الوفد هي خطه محكمه لاخلاء هذه الشقق و تاجيرها مفروش",2
"د ابو الفتوح الحكومه الاسرائيليه تطيل امد الصراع مع الفلسطينيين لانه لا يمكنهم الاستمرار و التماسك بدون هذا",0
"يوم الجمعه هو احب الايام للمصريين الاحرار يلتقون معا في الشوارع بلا موعد ولا ترتيبات يهتفون للحريه وللشرعيه ولخير مصر وسقوط الانقلاب",2
"هذه هي نهايه الغطرسه و العناد مرسي سقطت شرعيته منذ ديسمبر علي الاخوان الان ان يضحوا بخيرت الشاطر ويقننوا وجودهم ويظلوا في حجمهم الطبيعي",0
"الدستور القادم لابد ان ينص علي الدوله المدنيه دوله المساواه والمواطنه وهي مضاد الدوله العسكريه والدوله الدينيه التي لم تعرفها مصر تاريخيا",3
"4 الشريعه واحكامها كتبت بعد وفاه الرسول ولذلك غلط تربطها بشخصه مش خوف ولكن حرص علي ان المعلومه تكون صح",2
"موقف نفسي اعيشه مع مراتي اني اكون الامام و نصلي مع بعض",1
"الاخوان حولوني للجنايات عشان كتبت تويته بعد المقطم باقول فيها لما انتوا مش قد العنف بترغوا كتير ليه واتهموني بضرب 125 بناء",0
"لقد جابو الكهربا علي غير العاده شكرا شركه الكهربا شكرا قطر",3
"ايه يا جدعاان في ايه ع اتوستراد المعادي",3
"تغيير اوباما لموقفه لدعم الانقلاب يكشف نجاحا لاسرائيل في رعايه الانقلاب اليهود بيحركونا ويساعدونا فين ايام شتيمه انت يهودي",0
"شاهد اخر كلام شباب الاخوان وحزب الحريه والعداله",3
"الله يبركلك يا دكتور ابو الفتوح",1
"اللي خلف ما مات",3
"سعيد بمجهود صديقي شادي شريف و فريق جمهوريه تي في ومبروك علي البرامج الجديده لابراهيم الجارحي و حسن حامد",1
"الاحد القادم دوره مجانيه طريقك الامن للاختبارات الشرقيه السعوديه",3
"هذه مصر عز و فخر لهذه الامه",1
"طبقا لقوانين الطبيعه اي تنظيم بيكذب ويصدق كذبه يبقي لازم يخسر وبسرعه",3
"مفيش حاجه اسمها عيب في حاجه اسمها حرام الخوف بيكون من ربنا مش الناس",2
"اشاعه الامل ابرك من الهري ونشر المعرفه خير من الانسياق وراء قنابل دخان الاعلامولن يضيع الله دماء الشهداء اذا ظللنا نتمثل سيرهم واحلامهم",2
"الصلح خير قوم نتصالح المشير",1
"الجيش يطلق التنوير بجزيره الرمادي بعد مواجهات عنيفه مع الثوار",1
"لك منا كل احترام وتقدير يا اخلص وانظف وانقي رئيس وزراء في مصردهشام قنديل اعتذروا لهشام قنديل مرسي رئيسي انتخبوا العرص انصاف الاخوان",0
"شكرا جزيلا",0
"الاشارات البذيئه من يد واصابع علاء الاسواني لمعارضيه في فرنسا تكشف المعدن الحقيقي لليبراليه عند الانقلابيين",0
"قرار وزير الثقافه يخالف قرار الاتحاد الدولي للمنتجين والسينمائيين في شان عدم اسناد تنظيم مهرجان القاهره لدكتور يوسف شريف رزق الله",0
"عن فرحتك وانت بتجدد الباقه",1
"في حفل المصريون انا حاسس اني عيل صغنن متذنب في حصه اخلاق عشان حاجه ماعملهاش",2
"اعلنا اليوم تاسيس حزب الدستور الجديد في جو مليء بالحماس والتفاؤل وفقنا الله لما فيه خير الوطن",0
"اتمني لكل المدن التي تنتخب ا ن ان تختار الرجل المناسب ليبيا بنغازي القبه المرج",3
"الي الشعب بكل طوائفه مطلوب التوحد فورا حول اهداف الثوره وان ننسي خلافاتنا الضيقه حتي يستعيد كل مصري حقه في الحياه الحره الكريمه",3
"اللهم امطر علي قبر محمد حسين جمعه وعلي قبور جميع موتانا وموتي المسلمين من سحائب رحمتك يارب اللهم اغسلهم بالماء والثلج والبرد",1
"مقال النقاب علي موقع الشروق وفي كتابي مصر علي دكه الاحتياطي ليس هذا موضوعنا الان اردت فقط ان ابين كيف يسلك الفاشيون عندما تختلف معهم",2
"اون تي في تجبر ضيوفها علي قول ما تريد والمذيعه ترفع ورقه امام الضيف ليقرا منها اعلام العار",0
"عرض الاسبوع 36 الف متابع وش اكثر شي يسهرك صيام الاثنين خد موقف من صلاه الوتر في تويتر تلاقي الدمام 933158",3
"عبدالمجيد",2
"وجهه نظر من اعصام تليمه تجاه ترشح د عبد المنعم ابو الفتوح",3
"لانني في الوسط فساقف في مواجهه اي سعي لاقصاء اي تيار شريطه الا يكون ذلك التيار نفسه ا",2
"عقبالنا",1
"مصر العربيه مقالات مروه رخا تكتب مونتيسوري مصر 4 لقراءه المقال من هنا",0
"مره واحد مراته عقدها اللي بتحبه اتقطع فسهر طول الليل يلم في حباته عشان متزعلش سيدنا النبي السيده عائشه الحب",1
"قرار انسحاب البرادعي خاطيء وتوقيته خاطيء الساده المحترمون",0
"بيع متابعين زياده المتابعين تابعني اتابعك السعوديه الهلال النصر الاتحاد الاهلي الاتفاق الشباب 90985",3
"ذو العقل يشقي في النعيم بعقله و اخو الجهاله في الشقاوه ينعم اروع ابيات الشعر العربي",2
"0 الحقيقه هي اللي ملتني الكلام بالعاميه اهو تغيير",3
"انا بلا فخر ضد الفلول و ضد المتطرفين من السلفيين و ضد الاخوان و ضد تمييز اي فئه من الشعب علي بقيه الشعب انا مع الثوره",2
"3 ساستمر في كتابه مقالي اليومي بالشروق ومن خلاله ساواصل تحديد موقفي من مجريات الامور في مصر والدفاع دون مهادنه عن الحريات وحقوق الانسان",3
"دعلاء الاسواني هل يحاسب الروائي علي خياله اقرا المقال كاملا علي الرابط التالي",3
"طبيب الاهلي لن نغامر ب جدو امام الدفاع المغربي",3
"البرادعي قال مصالحه يبقي خاين السيسي قالها يبقي لا للمصالحه بس هو بطل مغوار تويت كانك معرص",2
"شكرا",1
"انتظرت في التعليق علي مقال فهمي هويدي حتي قراءه الجزء الثاني الذي نشر اليوم وللاسف ما طلبه هويدي لا يجرؤ اي انقلابي علي طلبه",0
"7 اليوم السابع رئيس جامعه المنصوره ابعاد اساتذه الاخوان عن الامتحانات الشفويه قابل",3
"الحل في العقلانيه وليس العنتريه التعاون مع اثيوبيا لتحقيق مصلحه الجميع عن طريق التقنيات الحديثه في بناء السدود والزراعه وتوليد الكهرباء",2
"64 اذا مبارك كان عنده حق لما البلطجيه قتلوا الناس في الميدان لانه كان بيتشتم بامه برضه",2
"4 للتوضيح تماما كما سجلت رفضي في اجتماع سد النهضه لغياب الشفافيه في مساله سيناء وفي كلمه علنيه فخرج البعض مدعيا شكري علي الشفافيه في سيناء",2
"وكامل الاحترام ل عباس اللي مسك لسانه وما شتمش",1
"طبعا لو كانت نفس المجله قالت كلمتين حلوين عن مرسي كان زمان الاخوان مشيرينها في كل حته وتكبييردلوقتي هيقولك مجله صهيونيه عفنه",2
"الي الدكتور مرسي في ظل انقسام مصر الواضح و الخطير الي فسطاطين هل ستدرك ضروره ان تكون رئيسا لكل المصريين الحكم امانه",2
"لماذا اراك علي كل شيء كانك في الارض كل البشر كانك درب بغير انتهاء واني خلقت لهذاالسفر اذاكنت اهرب منك اليك فقولي بربك اين الم",2
"التحرير القبض علي 47 متهما في احداث اسوان الدمويه بين الهلايل والدابوديه للتفاصيل",3
"من اقوال ابو الفتوح ليس هناك مجال للحريه بالمعني المطلق فلابد ان تنتظم تلك الحريه مع قيم المجتمع ومبادئه واعرافه",3
"بيقولك اعرف بلدك القاهرهلقا الاديان في مربع واحد هكذا اراد الله مصر واهلهاامنين باذن الله اخوان ابليس",0
"سي بي سي ابراهيم محلب يشارك باحتفاليه تنزانيا اليوم بمناسبه العيد الخمسين للوحدهنيابه عن الرئيس عدلي منصور",2
"خلق جميل احترام الكبير والعطف علي الصغير",1
"اكثر من حوار وطني في نفس التوقيت حول مستقبل مصر خارطه الطريق تزداد تعقيدا و غموضا وضوح الرؤيه هو ركيزه الاستقرار",3
"الشعب السعودي الان مثل خزان الوقود ينتظر عود ثقاب فقط مثل بو عزيزي في تونس وشبه مؤكد ان الثوره ستكون بع",2
"اهنئ الاساتذه والزملاء الافاضل مؤسسي حزب الدستور بمولودهم الجديد اتمني ان يكون اضافه حقيقيه للحياه السياسيه وقوه دافعه لتحقيق اهداف الثوره",1
"تقريبا دي اكتر حاجه قريتها جسدت المذبحه اللي حصلت لاقرب ما يمكن مذبحه بورسعيد",0
"تاريخ د عبد المنعم ودفاعه عن الحريات منذ نشاطه الجامعي ومرورا بنشاطه النقابي هو ما يؤكد ان كلامه يعبر عن قناعتهم وليس مجرد دعايه",3
"في مثل هذا اليوم 29 اغسطس استشهد البطل عملاق الفكر الاسلامي سيد قطب بعد ان اعتقله عبد الناصر وقتله ظلما",1
"ساره عثمان دخلت علي موقع جامعه كولومبيا التي زعم الخبر ان المحاضره القيت بها فلم تجد شيئاوهكذا انفضحت الفبركه الاخوانيه البلهاء شر فضيحه",0
"بعد الاسرار التي قرر الادلاء بها في مذكراته مطلوب حمايه سامي عنان من نفسه ومن ضباع النظام",2
"فتنه المنيا تثبت ان هناك من يحاول العبث بوحده هذا البلد المحمي بعنايه الله ويقظه ابناءه تحقيق فوري وعداله ناجزه تطمئن الشعب لدوله القانون",2
"دي سياسه مش روضهاطفال",2
"النصر الفيصلي عظيم بجمهورك الله يسعد الحاضرين كلهم والغايبين",1
"كان صلي الله عليه وسلم يحب الطيب والرائحه الحسنه وكان لا يسلك طريقا فيتبعه احد الا عرف انه قد سلكه من طيب عرفه نشر سيرته",1
"اي والله اسلوب حياه",1
"احضر المؤتمر العام للمصريين الاحرار فخور و سعيد و شعله الامل",1
"سي بي سي جنايات شبرا الخيمه تقضي بمعاقبه سارقي سياره القيادي الاخواني محمد البلتاجي بالسجن 10سنوات مع الشغل شايفه التعريص وساخه",0
"علاء الاسواني رايي اننا متحضرون لكننا نعيش في دوله غير متحضره اقرا المقال كامل",2
"العالم سيشهد تجربه انتخابيه بمصر لا مثيل لها وتربطنا مصالح مشتركه باثيوبيا",1
"كل يوم بيزيد احترامي وتقديري لبرشلونه نكسوا ا علام عشان مدرب سابق مات احنا طلع ميتين ابونا عشان يلغوا سوبر العار وبرضه متلغاش افتكروهم 74",2
"باقي 30 يوم اللهم بلغنا رمضان",3
"وختاما سيكتشف شباب الاخوان قريبا ان دماءهم تستخدم كاوراق تفاوض لضمان مكاسب الجماعه الماليه واستمرار بقاء قياداتها علي كراسيهم الملطخه بالدم",2
"اللي يشوفك يتمني يكون مثلك واللي يعرفك يحترمك ويحبك واللي يسمع عنك يتمني يقابلك حاول",1
"التعليم في مصر ولله محتاج يتدمر من القاعده ويتعمل له اعاده تدوير كلام و كلام يوسف الحسيني الساده",2
"ثلاث سنوات و روحه معنا معيارا للمبادئ اللهم ارحم محمود عوض و ادخله فسيح جناتك",1
"بسمه امل هديه لعوده الحب لحياتنا",1
"ما تعليقك علي احداث ماسبيرو",3
"رجولتك وهبتني انوثه مختلفه م اجملني بك صباحي",1
"رتويت خلي اللي ف اكتوبر ينزل 25 يناير مصر",3
"بعض الحضور في المنتدي من المصريين المؤيدين لجماعه الاخوان هاجمني وانتقد ارائي ولكن دون تطاول او عنف لفظيه",2
"رصد قريه السودايه ب دمياط تصرخ لا ماء نظيف ولا صرف صحي ولا رغيف خبز ادمي",3
"الاسواني اتوجه الي اصدقائي في جبهه الانقاذ بسؤال واحد هل نريد الدوله الديمقراطيه التي قامت من اجلها الثوره ام نريد",2
"ما علاقه احترامي للبسطاء بذكر الحقيقه الاميون اهلنا نحترمهم لكنهم يصوتون علي مواد لا يعرفون قراءتها هل نمجد الاميه ام نعترف انها معوقه",2
"مع كل اللي بنشوفه كل شئء جائز",3
"رجل اكرمه الله بمصاهره اكرم خلقه مرتين زهد في امواله وتجارته طمعا في مرضاه الله كانت الملائكه تستحي منه عثمان بن عفان رضي الله عنه",1
"المتطلبات الماديه مرتفعه جدا مما يتعدي امكانيات معظم القنواتفكانت الخطه ان تشارك القناه بنصف التكاليف فقط و ان ناتي بباقي التكاليف عن",3
"ام حامد ابو حامد الاخت الي بتبوس ايد البابا بتهاجم وزير الداخليه وبتهدده باماره ايه يا بطوطه",0
"برنامج الحياه الان 20 4 2014 الجزء الثاني مع نوران سلام 2 الحياه",3
"شوف العقول المفكره لما تتحاور مع بعضهاده ايه الحلاوه دي كلها",1
"لاول مره في تاريخ الاسلام يهتف المصلون ضد خطيب الجمعه قاتل الداعيه سالم عبد الجليل عبد البياده نال ما يستحقه",0
"يابوب ارجع محتاجينك بجد ارجع يا بوب",1
"رموز قبطيه ترفض مقابله هيلاري كلينتون احتجاجا علي تدخل الاداره الامريكيه في السياسه المصريه وانحيازها للتيارات الاسلاميه",3
"خلقت مبرءا من كل عيب كانك قد خلقت كما تشاء سيدنا النبي",1
"شاهد منتج فيلم مبارك و العائله حسين الرزاز في اخر كلام",1
"اخشي من ان يشوه بعض من يتكلمون باسم المشروع الاسلامي ان يشوهوا المشروع د عبد المنعم ابو الفتوح اثناء لقائه",1
"ضد الفساد مع باسم ثوره 25 يناير باسم رئيسا لمصر انتخبوا العرص",2
"الفيديو بتاع وجدي غنيم ريحته فسسسس",0
"يجب علي كل ابناء الزمالك مسانده ميدو ودعمه بشكل كبير ميدو استطاع تغير اشياء كثيره داخل النادي موجوده منذ زمن بعيد قوي",1
"تصرفات القاده نعم لاردوغان مصر",1
"مؤتمر ناجح لحزب الوسط بالسويس وكلمه عصام سلطان التي قاطعها الحضور بالتصفيق عده مرات",1
"نشكرك تكلمتي بلسانا جميعا",1
"شباب حزب الوسط حاجه تفرح بجد الله يخرب بيتك يامبارك لو شباب البلد دي كان اشتغل سياسه براحته من زمان ماكانش ده حالنا",2
"علمونا نطفي الاغاني اما الاذان ياذن لاكن في الاقامه عادي عندنا في مصر",2
"رفض الطعون ضد شفيق يدل علي انهم سيدفعون به للرئاسه بالتزوير لا يجب ان تستدرج الثوره لمعركه معروفه نتيجتها سلفا لابد من عزل شفيق ومحاكمته",0
"ودا قمه السفه في الصحافه الفن بعد ثوره 23 يوليو وبعد ثوره 25 يناير مصر الثوره",0
"من بوابه الاهرام الاسلوب الحقير للصهاينه استخدم من قبل مع اخرين",0
"اي امراه تصنع الحب والايثار والاهتمام والعطف والحنان مؤهله ان تصبح ام مثاليه",1
"نادر بكار بلاش احسن اللهم اني طاهر",2
"السيسي قال للامريكان ان المصريين كانوا يساقون عنوه للمساجد",0
"اطالب بمرسوم عزل سياسي لفلول الوطني",0
"الف مبروك",1
"وظني بك يارب ظنا جميلا جمعه مباركه",1
"ازاي علي تويتر لقينا حزب عدل وقلنا يع لما يبقي ليك جبهه قويه ماشي غير كده تتفاوض",2
"مازالت امامنا فرصه لاثبات فقدان هذا المجلس للشرعيه العمل من اجل استقاله نواب المعارضه والمستقلين مصداقيتنا في افعالنا",2
"المصري الحقيقي كالهرم الشامخ رفقته شرف و التواصل معه حق و نسيانه محال و الدعاء له واجبكل عام و انتم بخير و مصر طيبه و حره امنه",1
"اهالي امبابه مسلمين واقباط يحيطون بالكنيسه ويهتفون مسلم مسيحي يد واحده والجيش يطارد مطلقي النيران",3
"100 الف متابع الكويت الامارات دبي مصر البحرين المنامه السعوديه الرياض سوريا عمان قطر الدوحه 1785725",3
"الواتساب معلق",0
"تحياتي يا بلد",1
"الحريه للمعتقلين الحريه للبنات الحريه لمصر شير",3
"ولا اشعر بادني تعاطف مع مبارك ونظامه الذي اوصل هذا الشعب الي ما صار عليه يستوي في ذلك الاسلاميون وغير الاسلاميين تد",0
"281 اعتقد انك لو مقتنع بالكلام ده يبقي دي مشكله من نفس النوع لو انتم ملايين يبقي روحوا اعملوا عصيان مدني ورينا",0
"الكوت تويت من غير فولو يعتبر هتك عرض الكتروني وشكرا دستور تويتر",0
"الدين الداخلي في مصر يمثل كارثه وليس الدين الخارجي الساده المحترمون",0
"الاغنياء ليسوا فقط هم اصحاب الاموال فهناك من هو غني بحب الناس له وهناك من هو غني باهله و اصحابه",3
"اخر خاطر قبل النوم اكبر جريمه في حق الثوره وحق مصر هو ان نحرم انفسنا من الفرصه الحقيقيه التي دفع شهداء الثوره بارواحهم من اجلهاو مازالوا",0
"اكتب عباره علي باب قلبك فراق وجهك ضيق ومواجهك عيد والوقت قاسي والتقاليد قشرا",2
"النهارده في تحقيق استقصائي عبقري عن الفساد في البورصه في المصري للاسف هيتوه في زحمه الاحداث",1
"ريتويت يافنان",0
"الفهم المصري المتحضر للاسلام اسس له الامام محمد عبده عام 1899فانطلقت مصر العظيمه لتبدع في كل مجال حتي وصل الينا الفكر الوهابي الرجعي المتطرف",2
"ميغركيش العدد والله انا اكتر انا اللي مش اخوان وانا اللي مش عسكر المكالمه",2
"يضاف اليهم البرادعي ضمير الثوره طبعا",1
"الاسواني لماذا لا تسمحون للرئيس مرسي بصلاحيات مطلقه مؤقته لمده شهور قليله المقال كامل",3
"نفق العروبه واقف تماما من الاتجاهين بسبب شباب بيغني و يرقص و اللي في العربيات مش متضايقين",2
"ايه علاقه مرسي بنصر الاسلام وهو الاسلام مظلوم في مصر",2
"استجواب ضباط جيش وشرطه لمتهمين في قسم شرطه كردي بالدقهليه",3
"حضر في المؤتمر د عبد المنعم ابو الفتوح ا حمدين صباحي الشيخ حازم ابو اسماعيل د محمد سليم العوا كما حضر",3
"يا شايلينكم علي الاكتاف بننعي دمكم بهتاف و ندعلكم",3
"الحمد لله والله اكبر التحيه للشعب المصري العظيم القائد والمعلم دائما وابدا التحيه للقوات المسلحه النصر للثوره والمجد للشهداء",1
"الحب هو اهتمام تنازل كلام احترام فعل دعاء تغاضي عتاب تسامح",1
"الهولوكوست ابشع جريمه عرفتها البشريه في العصر الحديث",0
"حاول اعرف اسلامي من واحد زيك عامل نفسه وصي علي ايمان الخلق وتكبر عليهم باسمه ونعم الخلق",0
"عن انك تصاحب باباك ومامتك وتحكيلهم عن كل حاجه من غير ما تخاف منهم لانك واثق انهم هيساعدوك",1
"يا صاحب السمو اذا تحول النائب العام الي خائن عام وامن الدوله لمصنع للكذب فلا نتكلم عن دوله مؤسسات بل شله عصابات والمستندات موجوده سموك",0
"الاسواني لابد هنا ان نتساءل كيف يوافق رجل دين علي قتل الاف الابرياء لمجرد انهم مختلفون عنه في العقيده المقال كاملا",3
"محمود سعد اعلامي قذر بعد اذاعه فيديو خيانه حمدين قال لم اسمعه جيدا ولم يعلق عليه لانه ليس اعلامي بل افاق ومنافق حقير 4",0
"ان ينزل لواء من مكتبه ليقاتل العصابات الارهابيه وسط جنوده فيستشهد دليل علي شجاعته وتفانيه في حمايه بلده رحم الله الشهيد اللواء نبيل فراج",1
"لمن يعتقد ان صداقتي بجون ستيوارت اليهودي تهمه شوفوا حلقاته هاجم منع الماذن في سويسرا ومنع مسجد منهاتن وهاجم اسرائيل في اللي بتعمله في غزه",1
"ده فيديو اوضح للناس وهي بتفتح المدرسه علشان تخرج الامن منها",0
"منذ غرس بذرتها الشهيد حسن البنا ليسقيها بدمه صاحب الظلال ليتم الفتك ببطل اول صندوق انتخابي ديموقراطي وشعبيه الاخوان",1
"في علامات ممكن تقولك انك حامل قبل ما تلاحظي تاخر الدوره الشهريه موجوده هنا دوره شهريه علامات صحه حمل حامل مصر",3
"وانما الامم الاخلاق ما بقيت فان همو ذهبت اخلاقهم ذهبوا خلق جميل خلق جميل",1
"خليك مصدق خليك مصدق ان الحكومه تبع الاخوان وفيها 11وزير مؤتمر و15محافظ مؤتمر خليك مصدق ان هادي من الاخوان",2
"يوسف الحسيني يفضح كذب قناه الجزيره ويكشف تمثيل الاخوان دور الموتي تحت اشراف الجزيره",0
"اذا جعلك والديك اميرا مدللا في صغرك فاجعلهما ملوكا متوجه في كبرك",0
"ان تكون علمانيا لا يعني ان تشتم حسن البنا وان تحكم علي كتب سيد قطب بانها ثرثره وان عباره اني اتطبب بالجوع للشيخ ا",2
"رصد تظاهرات ووقفات احتجاجيه منذ صباح اليوم بجامعه الفيوم نظم طلاب جامعه الفيوم اليوم عدد من الوقفات",1
"الاسواني لماذا تصر الولايات المتحده علي استمرارها في دعم مرسي للنهايه رغم قتله للمصريين وقمعه للتظاهرات",0
"عزيزي المتطرف قبل ان تستخدم تعبير اسد في وصف شيخك فكر قليلا في مشاعر السيده والدته",0
"انا ارشح قيادات وشرعيي جبهه النصره لنيل جائزه اوسكار في التاليف المسرحي وكتابه القصه الخياليه القصيره ريتويت اذا كنت مؤيدا",1
"شفيق مين ده مش هيجيب اصوات عيلته وبعدين فسسسسسسس",0
"الحل السياسي يهدف للبدء في بناء الاقتصاد ولا يعني التصالح مع من تورطوا في عنف الساده المحترمون",1
"كل من ينزل مظاهره بسلاح ايا كان انتماءه السياسي هو مشروع قاتل يجب محاكمته",0
"الهدوء يدفعك الي السكينه والسكينه تقودك للتامل والتامل ينير لك الطريق الي الحكمه ما احوجنا للهدوء مصر لبنان السعوديه الامارات",3
"مؤتمر المفكرين في ابو ظبي العالم يعيش ثوره العلم والتكنولوچيا والتواصل الانساني ونحن نعيش حقبه الجهل والكذب وغياب القيم حزين عليك يا مصر",2
"ا",1
"لو كان الامن هيحل فشل السياسه كان حل فشل مبارك وفشل طنطاوي فشل السياسه لا يحله الا سياسه ناجحه وذكيه وغير كده نزيف دم ان كنتم تعقلون",2
"متضامن مع الاخوه في غزه فلسطين والفرصه امام مرسي اليوم لاثبات انه ليس بمبارك الذي هو الاخر استمات فقط في الشجب والادانه",2
"قال رسول الله صلي الله عليه وسلم ان من عباد الله لاناسا ما هم بانبياء ولا",2
"ناجح ابراهيم ثوره يناير فككت الدولهوالفيوم وبني سويف معاقل للفكر التكفيري اخبار مصر",0
"شجاعه بنات مصر الثوريات لا تقلق نظام مبارك فقط لكنها تزعج الجبناء فاقدي النخوه الذين يقبلون الذل من اجل السلامه ويرفضون الثوره لكرامتهم",2
"احبك ربي جميل الصفات كريم العطايا وجزل الهبات فانت الرحيم اللطيف الحليم واول حب يلم الشتات احبك ربي",1
"الغيت المسيرات للميادين الخطره كالتحرير و رمسيس فاذا بهم يقتلون الاطفال بالرصاص الحي في عباس العقاد و يدهسونهم بالمدرعات",0
"بالصور كارثه عقاريه جديده بالاسكندريه عقار جديد يميل بدرجه 10 سم و يهدد العقارات المجاروه",0
"اه الناس حواليك بتحب مرسي وماله بس مرسي ماهواش اغلي عند الناس دي من رزق عيالها ومن مستقبلها ولو حست انه فاشل مش عارف يحل هتقلب عليه وعليك",2
"اؤكد علي حق جماعه الاخوان في الاحتفاظ بترخيصها كجمعيه اهليه ومزاوله نشاطها الاهلي في نطاق القانون الذي سنه برلمانها لا ل",1
"جزاك الله عنا خيرا يا رسول الله الحبيب",1
"كل ضحكه من شفاتك تقلب الدنيا جنون انت للدنيا بذاتك فوق مالا يعقلون",1
"الاعلامي محمد فوده يعقد مؤتمرا جماهيريا غدا بمدينه زفتي بحضور الفنانه غاده عبدالرازق لدعم المرشح عبدالفتاح السيسي العب ياسيسي",1
"الاخوان باعونا فالميدان ايام محمد محمود و مجلس الوزراء واحنا كنا اصحاب مبداء وقضيه طيب عاملت ايه دلوقتي وهما",2
"اتممت مهمتي كعضو لجنه تحكيم في مهرجان فينيسيا اليوم شاهدت 20 عرض وراضي بشكل عام عن نتيجه الاوريزونتي التي ستعلن في الختام كمان ساعتين",1
"التعادل في نهايه اللقاء قلل فرحه الاهلي لكنه خير لانه سيجعل لقاء الاياب في القاهره حاسما ودور المصريين خلاله حاسم لاعلاء اسم بلدهم وفريقهم",2
"شكرا علي مشاعرك الطيبه",1
"4 السعاده انت بذاتها و الفرحه عيونك",1
"صباح حنون وهادي بصوت ماهر زين علي كل فولوري الحلوين سمكه بتصبح",1
"الباشا ابو 50 مش واخد باله انه رمي كل اوراقه بيهددنا انه هيضرب بكره ذخيره حيه علي اساس ان قبل كده كانوا بيضربونا بق",0
"اتقدم بخالص التهنئه الي الاخوه الاقباط بمناسبه عيد الميلاد المجيد اعاده الله علي مصر بالامن والرخاء",1
"طب طلع ايسكو و نزل صلاح بقي",2
"الببلاوي السيسي هينهي حكم العسكر و مبارك راجل وطني و انا احب اقولك انك ابن وسخه",2
"الشعب هو البطل الوحيد",1
"نافذه مصر الاسكندريه لن يضيع حق ورائه مطالب لن تضيع دماء الشهداء ولا 2011",3
"واكتر ناس تامنهم ما بيجي الجرح غير منهم وناس انت بعيد عنهم بتنسي معاهم الاحزان صلاح جاهين",2
"الكلام من برا السلطه حماده والكلام من جوه السلطه حماده تاني خالص",2
"تفاقم ازمه اوكرانيا يهدد واردات القمح الي الدول العربيه",3
"من اجمل ماشاهدت في حياتي اكبر نجوم هوليود وهما عالمسرح بيتجمعوا لقرايه كتاب هوارد زن عن التاريخ الشعبي لتوصيله للناس",1
"وبحبك يا زمالك",1
"جيد ان تتنوع الاراء حول السياسه وقضاياها وضروري ان يتم التعبير عن هذا التنوع في الاعلام التقليدي وشب",1
"اين خالد زين رئيس اللجنه الاوليمبيه صراخ وتهديد وشجاعه في زمن مرسي من خاف سلم والجبن سيد الاخلاق",0
"السؤال اللي محيني بخصوص الاعدام للجميع دي هي كانت فين احكامك الناجزه بالاعدام للمخلوع مبارك وعصابته واللي كان الشعب",2
"فيديو د عبد المنعم ابو الفتوح في حلقه القاهره اليوم الثلاثاء 16 اغسطس 2011",2
"نسب نبينا محمد صلوات ربي وسلامه عليه نشر سيرته",3
"حامدين راضين عليك متوكلين لك الحمد ربنا ف اتمم نعمتك علينا وعافيتك وسترك واسعدنا في الدنيا والاخره",1
"مرسي بيعمل جلسات الحوار الوطني عشان يفرح لما يلاقي حد يقول له السيد الرئيس فينسي اللي حصل وبيحصل له في المحافظات وقدام الاتحاديه",0
"الرساله رقم 31 من الجزء الاول لكتاب رسائل سجين سياسي الي حبيبته",3
"بنحط جزء منها علي تويتر لكن نص البيان بيكون علي الفيسبوك او علي الموقع 2011",1
"الي حد البكاء علي يديك احاول ان اغني و اعرف انني وطن و منفي و اني لست مني و لكني احاول ان اغني حين ابكي",2
"حركه كايدينهم تحيا مصر السيسي رئيسي 2014 باسم طلع حرامي سانتخب السيسي انصار الارهابيه يشتبكون مع الاهالي بالزرقا",3
"في ناس واقفه بشوم عند الشوارع المؤديه للتحرير بتوقف الناس بشكل عشوائي وقفوا العربيه ال قدامي واتجمهروا عليها بدون داع",0
"مرفق بالمحتوي لينك للفيديو",1
"برطمان حنيه مليان زياده وماشي بيدلدق الاسد",1
"عاجل هؤلاء هم اشراف مصر وكلام خطير في صميم الاخوان انصحكم بسماعه",1
"بسمه امل احلي متعه في الدنيا",1
"70007 الحماره امك فطيم النعاشه وانت ولدها و اذا فكرت تصير ولد حلال اطلب من فيفي عبده الام المثاليه تتبناك هههههههه",0
"وهذا لمن يشكك بوجود صحوات وبانها تدعم لقتال المجاهدين من الدوله الاسلاميه في العراق والشام هام",3
"صوره بها رايي ان لم تحترم حق من تعارضه في اختلافه معك بحجه انه فاشي احترس فانك لا تقل عنه فاشيه",0
"الفرق بين مليونيه اليوم ومليونيه غيرها ان المحلات كانت فاتحه وبتبيع وتكسب في محيط رابعه العدويه بخلاف المحلات",2
"مصطفي حسني الهي وسيدي نفسي اشكرك علي اي حاجه هتعملها قبل ما تعملها لاني متاكد انك مش هتعملي الا كل خير احبك ربي",1
"مقصد الاسواني ليس مادي لفقر او عوز اقباط مصر و لكن رمز للتوحد الوطني ضد الفصيل الهار ب من القر",3
"ديحيي ابو الحسن 730 مع جمال عنايت اوربت دمحمد صبحي 9 قناه 25 دمحسوب 930",3
"اوباما العقوبات الاميركيه الجديده بحق روسيا سيعلن عنها الاثنين",3
"نحترم البرادعي لكن سنقف ضد اخطاءه بالمرصاد فحن لسنا اتباع مرسي المتواطئين بالصمت علي الاخطاء لتتحول الي جرائمعادل عبدالحميد",2
"الاثنين نظر طعن علاء عبدالفتاح ضد حبسه",3
"وضيف االي ذلك استفتاء مارس 2011 يصبح مشكوك في نزاهه قضائه ونقطه ومن اول السط",3
"افلا اكون عبدا شكورا قالها صلي الله عليه وسلم ليخبرنا بان بالشكر تدوم النعم ويجد الانسان سعادته الحقيقيه الشكر",1
"اسرائيل تعلن تجميد مشاريع البناء الفلسطينيه في المنطقه ج بالضفه الغربيه ردا علي اتفاق المصالحه بين الحكومه وحركه حماس العرب فلسطين",3
"المراه هي سر توازن الحياه وسر جمال الكون ومصدر المحبه والرحمه في هذا العالم كل عام وانتن اقوي واجمل وافضل يوم المراه",1
"حينما تجد الفرصه لاحتضان امك او تقبيل يد اباك فلا تضيعها فقد ياتي عليك وقت تحتاج لاحتضانهما او تقبيلهما ولا تجدهما",2
"السيسي يلوم الخطاب الديني غير المرتبط بالعصر علي ما لحق من ضرر بقطاع السياحه في مصر مرسي الاخوان السعوديه الامارا",0
"الحمد لله ان لي ربايغفر الذنبويقبل التوب حليمستيرغفوررحيمجبارعليمحكيم تعرف الي الله باسمائه وصفاته اح",1
"مقدرش احترم رايك لو انت من الاخوان او من النكسجيه بتوع ثوره يناير ناقص تقولي احترم راي اعداءنا الاسرائيليين مصر الاخوان المعرصين",0
"نبض نيوز اا جمعه الغضب اا بالفيديو موقع امريكي يرصد مذبحه رمسيس بجمعه الغضب حجاره معارضي الانقلاب في مواجهه",0
"خلق جميل نقول الحمد لله علي كل حاجه لان ربنا مش بيعمل حاجه وحشه ابدا",1
"مبروووووووووووووووووك للريال حببتي بس الصراحه البايرن هوالي كان احسن ذا شامبيووونز",0
"5 وبمناسبه العسكر لا يعني تاييد تصويت العسكريين واعضاء الشرطه كافراد في العمليات الانتخابيه استدعاء الجيش والشرطه الي السياسه",2
"قدم الفراعنه للعالم ثلثي الاثار الموجوده حاليا واليوم يقدم شعب مصر العظيم للعالم حضاره من نوع جديد الصمود واشاره رابعه",3
"يوسف الحسيني اعلامنا نكدي والمسئول الاول عن حاله الكابه الموجودهعلي وشوش المصريين الساده المحترمون",0
"لا اكيد قفل النهارده عشان القلقبتوع الفرشات الصيني شغالين اربعه وعشرين ساعه ولو جاله كرامب هيلاقي اللي يعالجه برضه",3
"بعد ان قال الاخوان ان مرسي متخصص في تصميم المحركات في ناسا اصبحت اعتقد ان دفايه بيتنا التي تفعل كل شيئ الا التدفئه موتورها من تصميم مرسي",0
"تخيل لو يتابعك في تويتر شخص مشهور",3
"اثق في رؤيهاحمد سعيد واعلم التزامه بمبادئه وانا معجب بتصريحه ان الحزب يستطيع ان يكون حزب الاغلبيهواتمني فوزه في الانتخابات لتحقيق تلك الرؤيه",1
"حاجه تستاهل الحمد كل حاجه ف حياتنا اكيد",1
"جالس العلماء وزاحمهم بركبتيك فان الله يحيي القلوب بنور الحكمه كما يحيي الله الارض الميته بوابل من السماء مصطفي ح",1
"نفاق الجموع من افات مجتمعاتنا فالكثير يعبرون عن مواقفهم في جلساتهم الخاصه ومكالمات الهاتف بينما ينافقون الجماهير في العلن خوفا علي شعبيتهم",0
"واضح ان الجون بتاعنا ده عصبهم دلوقتي هالك هايخضر ويقوم علي الاستاد يدغدغه",2
"موقع اتحاد مكتبات الجامعات المصريهحاجه مبهره وخدمه عظيمه للباحثين واضافه رائعه للمحتوي العربي علي الانترنت",1
"ثم يصل الاستعلاء الي مداه بانهاء الحوار و الكلام معكم ما فيش منه فايده هكذا ينظر احد اطراف حرس الاخوان الحديدي للديمقراطيه وللحوار",0
"ا ا يا سلام روح ام النائب العام",0
"ما فائده ان نتناقش حول دستور كتبه الاخوان وجهزوه في مكتب المرشد ويملكون بتشكيل اللجنه الاغلبيه لفرضه علينا نريد دستورا للمصريين جميعا",2
"روزاليوسف تحقيق الزميل رضا رفعت كوارث استخدام الفحم في مصر اوقفوا الفحم",0
"مصر اليوم حره بارك الله في شعب مصر",1
"ما اجمل ان استيقظ علي صوت دعبدالمنعم ابو الفتوح في اول محادثه بيني وبينه وهو يقول لي محدش يقدر يجي جنبك ده انتي زي بنتي",1
"النيابه تعاين سيارتين ملاكي احرقهما مجهولين امام مدرسه ب المحله الكبري",3
"عمر سليمان قتل و تعذيب المصريين في مبني المخابرات بالوكاله عن امريكا و قتل اخواننا الفلسطينيين في غزه",0
"ومن امارات البلاهه الاخوانيه الفرحه بالحديث عن ضعف المعارضه وغياب البديل السياسي مع ان ذلك يستدعي الخوف لانه يعني انفجارا عشوائيا اخطر",0
"حلو لما تتحرق مقراتكم بقي حيبقي ده رد فعلك علي التويبس اللي بيعارضوا العنف برضه",2
"7 اتكلم عن نفسك ولو الناس كلها مع القتل انا يا سيدي ضده ولا يوجد اي مبرر ولا انت بتقيس قيمك علي رواجها",2
"ابراهيم عيسي سيحاكم بتهمه ازدراء الاسلام عيسي قدم فهما عميقا للدين لا يتوفر عند المرشد من يزدري الاسلام هو من يكذب ويزور ويظلم يا بديع",2
"شاهد اخر كلام مشاريع قوانين وزاره الداخليه",3
"يكرهك نصفي و نصفي فيك ذاايب عبدالمجيد",2
"اهو دا اللي صار رائعه سيد درويش بصوت الجميله دينا الوديدي",1
"الحديث عن انتخابات ديمقراطيه وتكافؤ الفرص في غياب حريه تكوين الاحزاب بمجرد الاخطارخلال الفتره الانتقاليه هو لغو واستمرار للفكر السلطوي",0
"ونقوم ولا شيئ يوقفنا لا ابو جهل جهله يحرفنا ولا ابو لهب هيخوفنا ماحناش ضعاف قلالات حيله اه ياجميله عمار وسيد",2
"تحيه لبعثه مصر البارالمبيه التي حققت انجازا غير مسبوق وقدمت لنا درسا في تحدي المصاعب لرفع اسم مصر عاليا شكرا لكم وحمدا لله علي سلامه عودتكم",1
"5 من لا يوافق الرئاسه علي هذه الرؤيه ويعارضها مكانه الوحيد في السجون وغياهبها",0
"بوابه الشروق صباحي ينفي صحه تسريبات محاكمه السيسي وحمله المشير تصرفات غير مسئوله مصر",3
"7 اقرب مما تتصور واحتمال كبير تلاقيها عند بتاع الطعميه وتترحم عليا وتقول ماكانش يومك يابلال",2
"لوانطلاقا من الموارد اللا محدوده و العزم والاصراراري انه لو اهتم المجلس العسكري ب الزباله اهتمامه بال سفاره لتطهرت البلاد يتبع",2
"صوره متحركه لهدف ميسي",3
"لو ده جنان اتجنن و احلف علي المراقب انك مش هتحل حاجه غير لما تفطر فولورز صاحب تويتر بيقولو نكت وبيخدو فولو هديه",3
"الي كل من يعتقد ان الثوره المصريه قد انحسرت او انتهت الي كل من يحلو له ترديد ان الثوره لم تغير الناس",2
"اكتب رساله لشخص دون ذكر اسمه الحياه ي صاحبي اجمل من بشاعه الحزن لا تحزن ابتسم وتفائل دائما وكن علي يقين لن يصيبنا الا",1
"مواجهه التطرف والعنف من قبل مجموعات من مشوهي العقول والضمائر يرفعون زيفا شعارات دينيه في الجامعه وخارجها ضروره لن يرهب من يدافع عن الحق",3
"يوسف الحسيني احرق دم الاخوان وادبح بدل الخروف اتنين وانصر الغلبان الساده المحترمون",3
"ارجو من يعرف رقم هاتف د رفعت السعيد العظيم ان يرسله لي او يبلغه تقديري لحديثه الشجاع مع جابر القرموطي",3
"ابتسم في وجه الناس فانها صدقه",1
"مايصحش اقول",0
"هل تعرف من هو صاحب القصه القادمه من بسمه امل شاهد برومو الحلقه الجديده من حلقات بسمه امل انيماشن وتعرف علي",3
"و يكتبون ا ہ احب ا نفسي انزين ہ ا ہ نفسيا",2
"رايف العتيبي هم لفاني ياسعد حزه عصير من بين خلق الله قلبي سطابه حتي بحياتي ياسعد عرقل السير اصبحت كني ميت من عذابه عبدالمجيد العنزي",2
"مطلعتش انا زي ماكنتي بتقولي اول و اخر حبيب لحقتي عرفتي و دوبتي و عشيقتي لحقتي نسيتي و هجرتي و بعتي عزيز الشافعي",1
"الفكره رائعه وكلما تعملوا ترتيبات ليها ابعت لي منشن عشان انشرها وبرجاء عمل قسم خاص لحمله الارباع المخرومه اللي تستحقها الاداره",1
"ساحاول في عمود في احضان الكتب تقديم رؤيه للواقع من خلال ما قراته في الكتب علي اختلاف انواعها وسيحاول الهروب من الواقع احيانا الي الكتب",3
"انت الغالي اللي بقالي سنين بهواه الزمالك الزمالك الافريقي",1
"اللي رافضين السيسي رئيس بيعملوا فولوا لبعض انتخبوا العرص مرسي رئيسي سيناء خارج التغطيه سانتخب السيسي",2
"ده مش جيل 54 زي ما هيكل كان فاكر ده جيل 25 يناير ورابعه جيل العزه والكرامه والصمود صوره للاسود في الزنزانه",1
"وزير الغلابه باسم عوده معتقل ف سجون العسكر ل افضل منتج لاكرم شعب انا مش رقم انتفاضه السجون",1
"في يوم الارض المجد كل المجد لمن يقاوم بامعائهه الخاويه سامر العيساوي",1
"توقف عن قومنا الواتساب فعاشوا فراغا وضاقت صدور الا ليتهم يفتحون الكتاب فيتلون من اي ربي سطور الواتساب معلق",2
"ننعي الي الانسانيه رمزا متالقا للنضال في سبيل الحريه والنهضه والكرامه الانسانيه القائدوالمجاهدوالمفكر العربي احمد بن بيللا زعيم ثوره الجزائر",1
"هذا يتنافي يختلف مع كل القواعد التي تعلمناها جمله تكرس الجمود وعدم التطور فلولا هذا ا ختلاف والتنافي لمكثنا في عصورالظلام مصر تونس",2
"خمس الاف الامارات الهلال النصر السعوديه الكويت قطر الرياض مكه رتويت دبي الشارقه غرد بصوره 155",3
"هل تتحقق امنيه علاء عبد الفتاح حين خرج من السجن و قال حنشوف بدين بيلعب في مناخيره في القفص",3
"الثوره دي لولا الاميين ماكانتش نجحت اصلا او علي الاقل ده اللي انا شفته يوم 28 ينايراحنا بس مابنعرفش نكلم الناس صح والله اعلم",2
"في هجاء الغتاته",0
"انتخبوا العرص بقت مكتوبه ف كل شوارع مصر",0
"لا اعرف الدكتور هشام قنديل و من عدم الانصاف ان نحكم عليه قبل ان يبدا لننتظر التشكيل الوزاري و نعطيه فرصه ليعمل ثم نقيم اداءه",2
"حلاوتك وانت عامل نفسك دكر و راجل قدام امك و بتبقي مرمطون و شخشخيه ف ايد البنت بتاعتك استرجل",0
"عندما يسكت الاخوان علي بذاءات الشيوخ المؤيدين لهم وتطاولهم علي الاعراض فوق المنابر فلا تفرحوا كثيرا لانكم ستكتوون بنار البذاءه والسفاله",0
"سري سيتم ارسال طلب اغتيال الرئيس مرسي اليوم الي السفاره الامريكيه في القاهره وعلي اثرها سيتم التنفيذ من عدمه بموافقه السفيرها",3
"ليت الليالي تجيب الي علي بالي واشوف زوله بعد ما طول الغيبه ان كان ماعاد له جيه بري حالي يمكن علي عز هذا العمر اهذريبه عادل",2
"قرار منعي لفيلم حلاوه روح مثل قرار الجيش في 30يونيو ثوره حلاوه روح",3
"التحرير الان",3
"محامي ومستشار قانوني نواف علي عمر محمد خالد محامي ركان سعاد سعد حماد حمد احمد يوسف السعوديه فايز عاجل رصد تسعه ابراج مخالفه لتعليمات السلامه في الرياض",3
"الحمد لله الحمد لله الحمد لله 3 3 3 مصطفي حسني",3
"رساله لكل ام من امهات شباب وبنات صناع الحياه كل عام وانتم بخير وشكرا لكم علي تربيتكم لهؤلاء الشباب والبنات فهم",2
"ربنا انا ظلمنا انفسنا وان لم تغفر لنا وترحمنا لنكونن من الخاسرين رتويت للاجر",3
"1 مسئوليه الامن هي منع العنف وحمايه كل الدم المصري والشعب العظيم الذي خرج اليوم بسلميه للمطالبه بانهاء رئاسه فاشله لن يسمح بالعنف",2
"انسان ايا انسان ما اجهلك ما اتفهك في الكون وما اضالك شمس وقمر وسدوم وملايين نجوم وفاكرها يا موهوم مخلوقه لك عجبي صلاح جاهين",0
"مصر مرسي رابعه مكملين انتخبوا العرص محاضره في السعوديه لتعليم العبوديه باسم الدين وفي اخرها سحب علي ايباد",2
"لما اموت نفسي ربنا يغفرلي",3
"سوريا في القلب الله ينصركم يارب ويشفي صدوركم",1
"مناقب ذي النورين عثمان بن عفان 1 اسلم في السنه الاولي للبعثه 2 احد العشره المبشرين بالجنه 3 احد السته اصحاب الشوري عثمان بن عفان",3
"مرسي عمل مناوره وللاسف الناس اللي راحوا ساعدوه بحسن نيهمرسي مصر علي فرض دستور الاخوان لكنه لايخدع احدا علي مرسي ان يتراجع تماما او يرحل",3
"بالفيديو عاكشه والله هيفاء وهبي ست مش طريه واللي يتجوزها يبقي خد خازوق مصر توفيق عكاشه",0
"عنان كان دفاع جوي مع ان دايما رئيس الاركان مشاه او مدفعيه الله يرحمك يا ابو غزاله عبقري المدفعيه في القرن العشرين",1
"لا قتل الناس في بورسعيد برصاص الشرطه ولا تعذيب المعتقلين ولا الغاء القانون لصالح مرسي في الاعلان الدستوري لا شيء اقلق امريكا مثل محاكمه مرسي",0
"غياب العدل في وطني يبشر بانفجار غضب بركاني شعبي يسقط حكم العسكر الداخليه بلطجيه انتخبوا العرص",0
"فضلت اتريق علي اللي شغلهم الساعه 8 واتريق واتريق لغايه ما مطلوب مني في 10 دقائق اكون لابس ونازل وخمس دقائق وابقي في الشغل فجاه",0
"صح",1
"المصري بيقول حزام ناسف و الشروق بيقول سياره مستفخخه و الاهرام بيقول شنطه مدارس قوم اوقف ونتا بتكلمني",0
"48 نظره برجماتيه يمكن الليما عندوش قلب يفهم من بطنه",0
"التغييرلن ياتي الا بواسطه الشباب الحق معكم المصداقيه لديكم و المستقبل امانه في ايديكم معا سنغير",1
"لاحظت المصادر تقدم واضح في اسلحه الجهاديين في سيناء واستخدام مضادات للطائرات والمدرعات استخدمت في مواجهه الجيش ومواطني المد",1
"رحم الله الحاضر الغائب ايقونه النضال الفلسطيني محمود درويش تحيه ودعاء في ذكراه",1
"الشروق اصابه 10 جنود نتيجه اطلاق مجهولين النار علي سيارتي امن مركزي بالشرقيه",0
"الشعب يرد تحيه الرئيس بكار الديوث انتخبوا العرص مصر الليله نكاح الكاراتيه انصاف الاخوان",2
"حسبنا الله ونعم الوكيل انتخبوا العرص بيقولك اعرف بلدك الحريه للجدعان ناس عا",2
"صباحي بنظره عيونك غير قوم و غير لي صباحي",2
"سبحانك يالله وفي ساعه المطر تستجيب لدعواتنا عادل",1
"في لفته جميله من د عبد المنعم ابو الفتوح قام بالامس بزياره مفاجئه للمتطوعين في مقر الحمله بشارع رمسيس",1
"بجد كده اوفر اوفر انت قررت تنتخب السيسي مع ان حمدين صحبك وكنت معاه وكان افكار السيسي غير افكار حمدين محمود سعد متا",0
"لو حاولنا نحصي جرائم الانقلاب في شتي فروع الحياه لن نتمكن ابدا عددها اكثر من ان يحصي",0
"1 كما سجلت اكثر من مره قبل يونيو وبعده مصر وقعت فريسه لفاشيه دينيه محرضه علي العنف ولفاشيه قمع واقصاء وعنف زيفا باسم المصلحه الوطنيه",2
"ما مشروعيه الثوره وما الموقف من اولي الامر بين الطاعه لهم والخروج عليهم وما اساس الخلاف بين فقهاء الثوره وفقهاء السلطه",2
"اخص بالشكر د محمد البلتاجي الذي المت به ازمه صحيه لجهوده في تجميع الصف الوطني لتاسيسيه الدستور واسالكم الدعاء لرجل وطني بحق",1
"المفاصله بين الشعوب العربيه وطغاتها الفاشيين مثل الاسد و السيسي حرب وجود لا حدود فلا مجال فيها للحلول الوسط او التلاقي ف",0
"تنميه محور قناه السويس يعد مشروعا قوميا الساده المحترمون",1
"اتصلو بساويرس عشان القناه بتاعته تتولي مهمه خلع شفيق اعلاميا",0
"شفت كل شي بالحياه بس اول مره اشوف شب حامل طبله بالرابيه بطبل عشان ال عشنا وشفنا",0
"انتهي الان المؤتمر الجماهيري لد عبد المنعم ابو الفتوح بالاقصر وسيقوم بجوله ميدانيه في السوق",3
"الشاعر عبدالله حسن اغنيه 25 يناير ادي جااامد عشان جااامد مخدش لكل كلاب مجيده",2
"الساكت عن الحق جبان لا مال و لا شئء ينفع في الاخرفمن يقف علي الحياد بين الحق و الباطل فهو مع الباطل بالتاكيد",0
"بيقولك صباحي نفي تصريحاته عن محاكمه السيسي و قال عنه انه بطل شعبي عنده اننفصام في شخصيه الحزين ده والله",2
"زوقوك الناس يا دنيا بالكلام عن السلام و الكلام غير الحقيقه و العمل غير الكلام محمد محسن",3
"موقف محترم حذر الامير خالد بن طلال بن عبد العزيز عضو العائله المالكه بالسعوديه ان اجازه الخروج علي الرئيس مرسي",1
"السيره الذاتيه للرئيس محمد مرسي في موقع ويكيبديا مصر انتخبوا العرص",2
"الليله مع يوسف الحسيني لعصام القوصي مامور سجن وادي النطرون يفجر مفاجاه من العيار الثقيل الساده المحترمون الساعه11مساء",3
"الامن والامان في حكم العسكر اصبحنا فعلا اضحوكمه العالم انتخبوا البرص",0
"د علاء الاسواني هل نذكر معا المطالب التي خرج من اجلها الملايين اقرا المقال كاملا علي هذا الرابظ",0
"نتهم عصام العريان وحزب الحريه والعداله باحداث فتنه وقتل واصابه مصريين",0
"سعدت بلقاء اهالي المنصوره و فخور باعضاء حملتي بالدقهليه الذين اتاحوا لي هذا اللقاء ورتبوا زياره الكنيسه ولقاء القوي السياسيه",1
"و لو ان الارهابي صفوت حجازي او غيره قاوم بالسلاح فليقتل اير ماسوف عليه فهذا هو القانون الذي نجاهد لتطبيقه علي الجميع",0
"الذين انتخبوا شفيق ليسوا بالضروره فلول الفلول ببساطه هم كل من اشترك واستفاد من فساد مبارك لا يمكن للثوره ان تتحالف معهم لانها قامت ضدهم",0
"قاومت وكنت الشوكه في حلق التنين ارهبت الدبابات العزل بالسكين جنين",2
"سيذكر التاريخ ان الرئيس محمد مرسي قاد ودعم رواد المساجد وان العرص قاد ودعم رواد الديسكو و الخنازير خائنين",2
"القائمه الموحده هي الوسيله الانتخابيه الوحيده لابعاد شبح البرلمان المفتت عن مصر واحتواء خطر اعاده انتاج النظام القديم",2
"مقتل سعيد فضه اكبر مورد بلطجيه في شبرا الخيمه وعميل امن الدوله",0
"مبادره دستورهم باطل لتعريف الشارع بالمساوئ الاقتصاديه و الاجتماعيه للدستور ببساطه ريتويت بقا 3 مرات قبل الا",0
"هل ده يرضي ربنا مقال اليوم اذا المك ما فيه بادر الي رد فعل للانصاف ورفع الظلم ولو حتي بكلمه لكي لا ينالك وزر الصمت",2
"ابرز نشاط للانقلاب تطهير مصر من العلماء والاحرار والشرفاء والموهوبين والمتفوقين في الجامعات والمدارس",0
"لا تستح من اعطاء القليل فان الحرمان اقل منه",3
"الحمد لله في اسعد حالاتي اني شفت اليوم ده بيتحقق في اقل من سنه انا كنت متخيل انه هييجي بعد ماتمر كذا سنهربنا كريم",1
"تنويه البرنامج عزيزي المشاهد لو فاكر ابنك مؤدب هيتخدش حياؤه من الالفاظ رجاء مراجعه المتصفح الخاص به بس ياريت",2
"تعليقاتكم علي الصوره غرد بصوره الوقت الفراغ",3
"حصلت معااك قبل كده لما تكون خاارج واول متقفل الباب تفتكر انك نسيت حاجه",3
"يوم عظيم علي شعب عظيم باذن الله حشود المصريين وهتافاتهم وسلميتهم تحرك الصخر النصر قادم وما النصر الا من عند الله",1
"7د فاجدت احيانا واخطات احيانا ودوما ما اعترفت بالاخطاء وسعيت الي تصويبها كما في حاله قانون العزل السياسي الذي اتسم بعدم الدستوريه",2
"اليوم السابع النائب العام السابق يغادر القاهره الي ايطاليا",3
"اشعر بالالم الشديد و نحن نعيش فوضي لا اخلاقيه و انحطاط في المبادئ و القيم و صدمه ممن كنا نعتقد انهم بصدق علماء و دعاه",0
"في يوم من الايام قرر جميع اهل القريه ان يصلوا صلاه الاستسقاء تجمعوا جميعهم للصلاه لكن احدهم كان يحمل معه مظله تلك هي الثقه في الله",1
"1 هي انسانه رائعه",1
"وصول الدكتور ابو الفتوح الي المكان و دخوله المسجد لاداء صلاه العشاء قبل المؤتمر",3
"محمود درويش",2
"شعب مصر الالفيه واع وشجاع ولا يخدعه الاعلام ليس هو شعب جمال عبد الناصر الذي خدعوه بهيكل واعلامه",2
"ماقدروش علي اللي امه امريكيه اتشطروا علي اللي امه مصريه عاش مرسي مطهر الداخليه",2
"حزب النور سيشارك في لجنه الدستور حزب النور يعمل دوشه في كل موضوع وفي الاخر يطلع عيل",0
"مدفن القاهره للعداله ماذا يحدث الان في مطار القاهره الشرطه تمنع اوائل الحقوق وترحب وتفسح للمتاخرين الفاشلين",0
"ماذا اعطاك الوهاب الحمد لله انه الوهاب و ليست الهبات في يد البشر",1
"ارشح صاحب هذا الحساب كافضل مغرد لافادتي في مجال لعبه 14 تدوين",1
"33 المسلمين عظماء بالفكر النبيل المتحضر مش بالقتل يا ابي جهل",2
"اول فيديو لبديع لحظه القبض عليه علي اون تي في",3
"اقول للشتامين مشكلتكم ليست مع الكتاب والاعلاميين بل مع جيل ثائر خذلتموه وخنتموه ثم اصبحتم تحملون دمهواختم كلامي بقول المرشد ماذنب النباتات",0
"متفق مع جوانب بمقال احمد خالد توفيق واعتقد ان التحفز ضد الحاكم دون فبركه او كذب هو امر مهم في بلد تعشق صناعه الفرعون",2
"شفت السماء فوقك تخيل مداها بنجومها باجرامها باللي فيها واللي خلقها من عدم واحتواها اني احبك حب غطي عليها تخيل",1
"اغلقوا معبر رفح واليوم اغلقوا معبر السلوم فاضل يقفلوا مطار القاهره ويقفلوا البلد عالرايح والجاي خربوا البلد وبرضو مش عارفين يحكموها",2
"فيها ايه لو المملكه العربيه السعوديه تتبرع للمملكه العربيه السعوديه",3
"فيديو الاخوان كاذبون بسم الدين",0
"يوسف الحسيني يتابع منذ ايام مايحدث للاقباط في دلجا ويطالب المسؤولين بالتدخل واليوم سيطرت الشرطه والجيش",1
"ابتسم فلتلك البسمه الصغيره اثر كبير في اسعاد قلوب ا خرين",1
"اسطوره اغلبيه الشعب معاه نصف الشعب طنش الانتخابات و نصف اللي شارك لم ينتخب مرسي و نصف اللي انتخبه عاصر لمونه و بيتظاهر ضده",2
"عايش معاك ايام مفيش في جمالها زي الملاك دي اقل كلمه بقولها بحبك عمرو دياب",1
"اكتب رساله لشخص دون ذكر اسمه ما اخترتك بنظره اخترتك احساس في خافقي لك عرش محد يزيحه",3
"بعض الاصدقاء الذين احترمهم رفضوا فكرتي بفظاظه لازلت مقتنعا بها مهمتنا ان نقضي علي الاميه وان نقضي ايضا علي استغلالها لحساب اي فصيل",2
"الجيش خائن الجيش يشوه الرموز الاسلاميه يسقط حكم العسر",0
"بعد قليل ننشر لكم فيديو من ندوه دعلاء الاسواني من ساقيه الصاوي بتاريخ 14 6 2012 ويوضح موقف دالاسواني من انتخابات الاعاده الادمن",0
"امل الجمل عن الشتا اللي فات وشتاءات اخري مقبله",0
"الشعب المصري اجمل حاجه فيه ان في وسط الهموم بيقدر يخلق الضحكه",1
"كلمه بتتقال في البيت كل يوم ولدي جيعان امي الله يحفظها",3
"جماعه الاخوان الارهابيون بقئلهم سنتين و نصف سبب الكابه و الحزن لكل المصريين انتظروا رد الشعب جنازه الشهداء",0
"سلام اناابنه استاذايمن شويقي اوصاني ابي بان اوصلكم رسالته وهو بخير وصحته جيده ومعنوياته مرتفعه ويشكر كل من سال عنه ويبشرك",2
"قانون الثراء الحرام الحلال حلال ان تسرق وحرام الا ترجع بعض ما سرقت اذا سرق فيهم الشريف تركوه",2
"شعب يعشق العبوديه اللي رافضين السيسي رئيس بيعملوا فولوا لبعض",0
"الشيخ كشك وجلاد السجن الحربي حمزه البسيوني الذي قال لو نزل الله من السماء لحبسته في زنزانه مصر القويه",3
"صحف العالم تتحدث بدهشه عن صمود وعظمه وبساله المصري في مواجهه دمويه الانقلاب هل هتاك شعب يحب بلده مثل المصريين نصرنا قادم ان شاء الله",1
"اعلام النظام السابق مازال قائما البلطجه الفكريه اقوي اسلحه اجهاض الثوره ماذا يحدث",0
"يتعين بمتخصصين لازاله المباني المخالفه الساده المحترمون",3
"شاهد اخر كلام مسحت الكلام طب مسحت الدم جبت حق اللي مات",0
"شكرا لك ايتها المراه لجعلك العالم اكثر جمالا و روعه لا تتخلي عن احلامك وحقوقك اليوم العالمي للمراه ريتويت",1
"تم بحمد الله القبض علي عصام العريان شوف بالصوره",1
"الدنيا مش ابيض يااسود دنيا كل الالوان حط لوني علي لونك نوصل ابعد مكان كل حلم وله بدايه بس شرط تكون معايا كاريوكي",2
"11 فبراير كان يوم نكسه ثوره 25 يناير لما سيبنا الميدان وروحنا مش 30 6 ولا 3 7 ياريتنا كنا سمعنا كلامك يا شيخ حازم انا حازم مرسي رئيسي",2
"هناك مكان في قاع الجحيم لمن اخترع تويتر",0
"اللهم ارزقنا نعيم الجنه امين",1
"ربنا اغفر لنا ذنوبنا واسرافنا في امرنا وثبت اقدامنا وانصرنا علي القوم الكافرين ال عمران 147 قران جمعه مبا",3
"فريق الوعد انصاف الاخوان",1
"فودافون",1
"علي من يرغب في المشاركه عن طريق العمل الميداني او الاعلامي او القانوني او التصميم التواصل معناشكرا",3
"الجحش بس هو الي يبقي فاكر ان تاييد شفيق ثم عمر سليمان و رجوعا لشفيق تاني ثم السيسي من ابناء مبارك و فلول البلد صدفه",0
"شاهد فيفي عبده راقصه سيذكرها التاريخ الحكم 1",1
"امتا يجي اليوم الي اشوف فيه هاشتاج باسمي",3
"ندوه دعلاء الاسواني الليله السابعه مساء بالمقطم التفاصيل",0
"مصر رائده التحولات الكبري حسمت التحديات التي واجهت كل المنطقه كالغزو المغولي والبريطاني وستضع حدا للتيارالعلما",1
"مش هنسي اي لاعب لبس تيشيرت الزمالك و لعب علشان الزمالك مش علشان الفلوس و حب الزمالك و جمهور الزمالك من قلبه",1
"ندعو الشباب المؤمن بمبادئ الوسط والراغب في المشاركه الفعاله للتواصل معنا واستكمال الاستماره المرفقه",2
"ايها الاخوان من عذب الشهيد الجندي حتي الموت من منح طنطاوي وعنان قلاده النيل من قتل 134 مصريا واعتقل وعذب الالاف اعترفوا بجرائمكم",0
"الجزيره اظهرت تسجيلات غير فيها صباحي رايه حسب الظروف كانت امامه فرصه ليكون محترم مصر الاعلام الاخبار الوطن رابعه الشروق",1
"ريحه الحبايب عمرو",3
"علي سبيل السعاده انا صديق مجدي",1
"الملعب ايهاب عبدالله رئيس نادي دمنهور فريق الكره بالنادي يعتمد علي مجموعه من اللاعبين صغار السن ونامل تحقيق نتائج طيبه الفتره المفبله",0
"كونك كحاكم فرحان باراء المبرراتيه اللي لابسين بدل وباصين لمصالحهم براحتك في الاخر عملت مشكله في الشارع مش هيحلها غير الشارعخليهم ينفعوك",0
"فيلم الجزيره الصندوق الاسود لاحداث الاتحاديه فضح الكثير انتظروا فيلم المندس اللي هيفضح حاجات كمان وكمان انتخبوا العرص",0
"تحيه لشباب ابريل علي جهدهم غير المسبوق في توعيه الشعب من خطر عوده الفلول وتحيه اخري لهم علي الحمله الرائعه",1
"بس ممكن العرص يموت وساعتها حمدين صباحي ينجح بالتزكيه ساعتها حيكون له تلات معارضين الاخوان و الفلول و مؤيدين السيسي بيعملوا فولو لبعض",0
"النفاق مدمر طاهر ابو زيد يلغي المشاركه في العاب الفرانكفون ويحول ميزانيه المشاركه لصندوق دعم مصر المناصب للمصائب",0
"بعد فضيحه التعاقد مع شركه اسرائيليه لحمايه قناه السويس مصطفي بكري يؤلف كتابا عن دور الاخوان في المهزله",0
"انتظروا بعد قليل تغطيه للمؤتمر الثاني لذوي الاحتياجات الخاصه الذي تنظمه حمله ترشيح د عبد المنعم ابو الفتوح بالاقصر",3
"كيف يحشد الرئيس مرسي الجماهير لاسقاط الاعلان الدستوري فيهتفون يسقط حكم العسكر ثم يشيد الرئيس اليوم بالدور الرائع للمجلس العسكريتناقض مؤسف",0
"في اول لقاء تليفزيوني له حسن هيكل يتنصل من جمال مبارك ويدافع عن هيرميس ويشرح رؤيته لاقتصاد مصر اخر كلام م",0
"و انت مالك",0
"2 لا مواجهه ناجحه للتطرف ولا انقاذ للتعايش الا بتفعيل سياده القانون وحمايه حقوق الاقليه قبل الاغلبيه والمحاسبه الناجزه للمتورطين في العنف",2
"ابراهيم محلب استياء المواطنين من حلاوه روح دفعني لايقاف عرضه",3
"انك عربي و صاحب قضيه اوعي تنسي",2
"تفاؤلي بنجاح ثورتنا نابع من ايماني بان الله لا يضيع اجر من احسن عملا ولا يوجد احسن واعظم عملا من ان يضحي الشعب",1
"اعتراف ما زلت احب سيريلاك بالقمح",1
"لو انصف الاخوان لصارحوا الشعب بان طائر النهضه الذي اخفوا هويته هو البومه ولغيروا شعارهم من نحمل الخير لمصر الي نحن نحملك الي الجنه",2
"من اكبر اخطاء ناصر اعدام سيد قطب الفكر يتم مواجهته بالفكر لا بالاعدام قتل صاحب الفكره من اجل فكرته يزيد هذه الفكره ان",0
"العرس ما ريدتوه ولا المكان حبيتوه بس الحليب هطا بنهودي و ان يسالوكم مين ابوه قولو ده خدها غضب دينا الوديدي مريم صالح",0
"قبضت كام من ساويرس كله في ال فسسسسسس",0
"شبح اضطرابات عشيه التصديق علي عشرات الاعدامات الاخبار مصر القاهره محمد",1
"عندما اندلع التصفيق الحاد لتكريم مرسي لفتاه مسيحيه في مسابقه المولد النبوي شعرت ان كثيرا من الحاضرين يصفقون لانهم ينتظرون منها اعلان اسلامها",2
"صباحي عدلي منصور اصدر قانون التحصين لخدمه الفساد اي كلام وتشكيك المهم يوصل للكرسي",0
"اخبار مصر اخبار مصر ضبط منشورات و مولوتوف بمخزن ملحق ب الجمعيه الشرعيه ب دير مواس لمزيد من التفاصيل",3
"الاخوان لا يحرقوا كنائس يا مروج الكذب",0
"السيسي هايصالح احمد عز وزينه وهاياخد العيال يربيهم علشان يتفرغوا لخلفه عيال تانيه الجيش قتل رضا حاميها حراميها الداخ",0
"الجيش والشرطه والحكومه والبلطجيه والاعلام يلاحقون الشعب لايقافه لو انتم رجاله بصحيح اوقفوا ارتفاع الاسعار الاسعار تقفز بجنون",0
"الليله علي قناه الحياه انا ضيف نيشان الساعه 10 30",3
"بصرف النظر عن شغلها ولا اي حاجه تانيه بحب في فيفي عبده ان اللي في قلبها علي لسانها ملهاش في النفاق زي معظم الوسط الفني",1
"بلال فضل ومصطفي النجار عن فاشيه التعذيب في سجون واقسام الشرطه بعد الانقلاب يكشف ان مصر ترتد لعصور العبوديه فظائع لا توصف",0
"تحلموا بوطن سعيد فخلف كل مبارك مبارك جديد وخلف كل شهيد شهيد جديد فكلهم حسني مبارك وكلنا خالد سعيد",2
"كانوا اقزاما مع ناصر والسادات ومبارك وطنطاوي والان يقولون الا السيسي الخسيسي يفضل طول عمره خسيسي",2
"شاهد لقاء عمرو خالد في برنامج 90 دقيقه مع عمرو الليثي علي قناه المحور عن ازمه مياه النيل الجزء الاول",3
"و فوجئنا بالخبر منشورا في وسائل الاعلام وسنتوجه غدا الاحد الموافق 31 مارس الساعه التاسعه و النصف صباحا الي مكتب النائب العام لحضور التحقيق",3
"محمود الجوهري هو القائد الوحيد الذي هتفت بحياته وافتخر بذلك وهتفت بسقوطه وندمت علي ذلكرحم الله محمود الجوهري رحمه واسعه",2
"متصدر لاتكلمني النصر الشباب الهلال اكشن يا دوري شجع ناديك بدون تعصب مع برنامج الايفون الرائع 117",3
"انا مبحبش الناس الاوفر انا مبحبش الناس عموما اعترافات ليليه",0
"حزب النور اول خازوق كان منه كان في انتخابات الرئاسه اما عدد كبير منهم انتخبوا مرسي وكانوا بالكلام مع ابوالفتوح انتخبوا العرص",0
"لو صح خبر مبادره قيادات الجيش بالاعتذار لمرسي واعاده هيكله الجيش ومحاكمه الانقلابيين والقتله سيكون ذلك افضل حل للازمه وانقاذ لمصر من الخراب",2
"استمرار تطور وتجديد كوادر التنظيم المسلح لجماعه الاخوان الارهابيه الساده المحترمون",0
"ضبط مشرف دعايه طبيه بحوزته 2385 قرصا مخدرا وبخاخات ومناديل جنسيه بمركز سوهاج",3
"ولا يفتح الباب للفوضي والفراغ ان نحن احسنا اداره عمليات وضع الدستور وانتخاب الرئيس",2
"الفضالي تاني يظهرفي الصوره مع الوفد الالماني موقعه الجمل 25",3
"الجيزه مصر مش تكيه الفاعليه الثالثه لاحرار اكتوبر امام سنترال الحي السادس",2
"اهداء الي امي الغاليه",1
"الديمقراطيه صنعها الغرب للتحكم في الدول المتخلفه بابواق متعدده مثلك انت و توكل كرمان لاحتلالها وزرع قواعده فيها ولا يطبقها الغرب في بلاده",0
"الشيخ نبيل نعيم وحوار عن الاخوان وعلاقتهم مع الامريكان الساده المحترمون",3
"الفرق بين الداعيه الديوث والشرشوحه خالتي فرنسا ان خالتي فرنسا تابت ولم يكن لها الحظ بالعمل في تقديم البرامج الدينيه",0
"اسم فيلم بتحبه اسف علي الازعاج",1
"ده للجنس البشري مش فصيل او دين معين ده اسمه تحويرايه علاقه ده بالخلافه كنظام سياسي",3
"اتمني ان لايعتمد مرسي علي تقارير الاجهزه او الجماعه التي تنصح بالمزيد من الاجراءات الاستثنائيه لانها مانفعتش اللي قبلهبادر يامرسي وكن قدوه",3
"لن نستسلم لتهديدات الانقلاب العسكري ومرسي سيظل امنا بفضل دعم امريكا اخبار الموجز",2
"ناقوس خطر ينبغي ان يدق لدوله متراخيه باتت مؤسساتها محدوده الفاعليه",0
"رحم الله جمال البناكان له ككثير من العلماء اراء صادمه وكان لديه النقاء الكافي لاعلانها والدفاع عنها وتحمل ضريبه الهجوملكن عطاءه اوسع بكثير",2
"مصري اسمه مجدي يعقوب عن زياره لمركز القلب باسوان التابع لؤسسه مجدي يعقوب الخيريه",3
"دضياء رشوان ان الدكتور عبد المنعم ابو الفتوح الاكثر اعتدالا سياسيا وديننا كما انه اجتهد في مقاصد الشريعه",1
"القران الكريم معلق في بيوتنا ولكن لم نشعر اننا هجرناه كما شعرنا ان الواتساب معلق اخر حاله ظهور للمصحف عند البعض ر",2
"اول مره اشوف مناظره بدون مقاطعه ولا صراخ وكل طرف واخد وقته في الكلام احيي يوسف الحسيني لاداره الحوار بهذا الرقي",1
"1 الي رئيس الجمهوريه وجماعته ومبرري الاستبداد مصر لن تحتكر لفصيل واحد ولن تبني بها ديكتاتوريه جديده ولن يصبح الدستور وثيقه لالغاء الحريات",3
"مبارك عنده ابناء و مرسي عنده جماعه الوحيد اللي غلبان في البلد دي هو عدلي منصور تحسه انه مقطوع من شجره",1
"اختيار الدكتور عمرو خالد ضمن اكثر 10 شخصيات تاثيرا في العمل الاجتماعي في مصر لعام 2012",1
"سلامه احمد سلامه تركت ارثا من الاخلاق حين عزت و من الحصافه حين اهتزت و من الشجاعه حين كان لها ثمن يرحمك الله",1
"وانا صغير كنت مصدومه انو ارقام القنوات بالرسيفر تبعنا غير عن رسيفر صاحباتي",3
"هناك قضايا وطنيه عامه دائما اسعي لبناء توافق حولها مع الجميع اما الانضمام او العمل تحت مظله الاخوان او غيرهم فمرفوض تماما",2
"ميدو علم ع مرتضي منصور جامد النهارده الزمالك زمالك تايم لاين زملكاوي",3
"ايران اول اختبار ل روحاني بعد رفع سعر البنزين",0
"ابو الفتوح علي التحرير الان حوار قوي جدا",1
"الحلقه الثامنه عشر الجزء الثالث فرقه صابرين",1
"جمال خيال حقيقه جميل درر حكم اعجبني حكمه بقلمي شوق بوح شعر قصيد رتويت خمس الاف متابع ب 200 ريال 3684",3
"يعني ممكن نقول كده بس في وقت تاني",3
"ليه يوصلوا الواحد في سنه انه يكره عيشته واليوم اللي اتولد فيه ثانويه عامه علمونا صح",0
"المصريين",3
"اعجبني رايكوان رفضت التعميم سلبا اتفق معك ان موروث مصر الحضاري هو نواه مشروع الوسط للبناء عليه",2
"4 الا ان تركيز السلطات التشريعيه والتنفيذيه بين يدي الرئيس مرفوض ويثير المزيد من المخاوف بشان احتكار السلطه من جانب فصيل واحد",0
"كريستيانو رونالدو صاروخ ماديرا او قاذفه اللهب او الدون او التورنادو او السيداو الامراطور و المهم انه افضل لاعب عالمي",1
"الحمد لله ان حقن دماء المصريين واصلح بينهم وعقبال القوي السياسيه 3",1
"والد جيكا هو اللي كان داخل مع حمدرين يوم تسليم التوكيلات واحد مننا",1
"المطريه انتخبوا العرص",0
"يعلم الاقصي ان يوما سياتيه رجال يحبون الشهاده كما يحب المتخاذلون الحياه فلسطين",2
"كيف تختار البطيخه الحلوه و الجيده غرد بمعلومه غرد بصوره",1
"امل محمود في ذمه اللهرحله عطاء ومقاومه باسله ستبقي فخرا لجيلنااالهم اجزها خيرا عنا وبواسع رحمتك ادخلها واسع جنتك",1
"حوار الاخوان شاركوا من اوي 25 ولا 28 مش مهم و حتي حوار بطلوا مشاركه امتي مش مهم المهم عملوا ايه في البرلمان و الرئاسه و التا",2
"تويت كانك ناشط ايام حرب اكتوبر الاسرائليين بيضربونا علي الحدود يا مني البرادعي استايل",2
"تريكه معانا كل رمز حلو في مصر من شعبنا وشعبهم بياده وطرطور وبلاوي ومطرب ورقاصه",2
"مترو و بی ارتی دراین چهارسال گذشته چه خدمت مفیدی اضافه کردن که الان دارن بلیت شون رو گرون می کنن",3
"اذا كانت رساله البرنامج الوحيده هي كشف التجاره بالدين و كشف قنوات الفتنه فده يكفينا تاني يتحرق البرنامج المهم البلد",2
"الامريكان والبحث في ملفات الحكومه غرد بمعلومه",3
"لماذا نتمسك بانتخابات تحت اشراف دولي اقرا المقال كاملا",2
"ادعو الي سبيل ربك بالحكمه و الموعظه الحسنه",3
"جبهه ثوار سوريا القطاع الجنوبي القنيطره تمكن المجاهدون ضمن معركه صدي الانفال صباح اليوم بفضل الله من",1
"الشتا اللي فات سمير فريد صوره من مستقبل السينما المصريه عندما تنتصر الثوره",3
"حمدين قدوته عبدالناصر مصطفي محمود عشان ده حبيبك وخدلي بالك انت بلاش كل مثقفي عصر ناصر بلاش كل احرار انقلاب 52",2
"حط نفسك مكان البنت",3
"الساده الافاضل بجريده المصري اليوم عن الخبر المنشور حول الغاء ندوه لي بنادي الشمس للدعايه الانتخابيه الخبر غير صحيح",1
"الحب اللي بيبقي ف النور قدام ربنا احلي بكتر من الكلام ف الموبايل بليل وانك تستخبي من اهلك",2
"3 شكرا للتعديل",0
"لم اتحدث مع ال خلال الايام الماضيه علي الاطلاق والخبر المتداول علي بعض المواقع والمنسوب الي بشان تطورات الاحداث في مصر كاذب ومفبرك",0
"الكتله الصاميه لن تستمر صامته بعد اليوم انه مستقبلنا ومستقبل اولادنا الذي يختطف والصمت خيانه لمستقبل",0
"الاعتداء الهمجي علي المحامين في قسم مدينه نصر يحتاج الي تدخل حاسم من الرئيس مرسي الذي تعهد بالحفاظ علي كرامه المصريينايها الرئيس نفذ تعهدك",2
"الدوله تلتزم بتيسير سبل التراحم والتضامن والتكافل حسن لو خاصم ليلي الدوله لازم تصالحهم علي بعض",2
"يهنئ حزب الوسط الدكتور عبد الفتاح ماضي بتعيينه رئيسا للمجلس القومي للشباب ويتمني له التوفيق",1
"عبد المنعم ابو الفتوح في علمتني الحياه الجزء الاول",3
"عاوز ايه من شعب اكتر واحد متفائل فيه مات محروق ابراهيم الفقي",2
"الفحص اسفر عن توافر شروط الترشح في اوراق المرشحين حمدين صباحي وعبد الفتاح السيسي مؤتمر ص",3
"في عالم موازي ارواح اصحاب اا اللي بنذاكر اناتومي عليها بيدعو علينا",3
"3 فكرتني بمقاله كنت كتبتها زمان في تحليل غنوه اشياؤه الصغري تعذبها هابقي اعيد نشرها في المعصره عشان الاجيال الجديدهتصبح علي خير",2
"تهنئه من القلب لكل مصري ومصريه باقرار حق المصريين في الخارج في التصويت كلنا مصريون",1
"دعلاء الاسواني كيف انصف الامام محمد عبده المراه اقرا المقال كاملا",3
"دعوه للتفاؤل الحياه بتفاؤل و امل",1
"شكرا يا دكتوره هبه",1
"سمعتها كتير بس اول مره احسها وافهمها وعرف انها حلوه اووي كدا اغنيه شيرين انا كلي ملكك",1
"جميل ان يكتشفوا حسن نوايك تجاههم بعد ظنهم السيئ وعجيب انت تكتشف سود نواياهم وانت تعتقد انها بيضاء بقلمي يوسف",2
"ازف الوقت لانهاء الاستقطاب البائس الذي نعيشه باسلوب عقلاني وان نتحلي بروح التسامح لنبدا في البناء بسواعد كل مصري ومصريه",2
"من يوقف قانون العزل ومن يجمد بلاغات الفساد ضد شفيق ومن يهدر طعون التزوير هل سيجري انتخابات اعاده نزيهه اما تطبيق القانون او مقاطعه شامله",0
"احد ضحايا الاخوان اصابوه برصاصه في قدمه ثم عذبوه ببشاعه داخل الجامع هو احمد ثابت عضو 6 ابريل وهو يعالج الان في مستشفي البترول بالاسكندريه",0
"اعلان الدم الدستوري بمجرد ان انتهت قوات الجيش والشرطه من مذبحه الحرس الجمهوري",0
"الدفاع عن حقوق مواطنه كامله لنا جميعا وحق المصريه المسيحيه في الترشح لرئاسه الجمهوريه وعن حريه العقيده علي قناه الناس كان ضروريا",3
"2002 فيلم جامد جدي فعلا",1
"هل سيكون هناك ورش عمل في جميع دوائر الاقتراع لشرح الدستور ومعني كل ماده لكل مواطن امي ولا هتمشي عبده فهلوه ومحسن فريكيكو",2
"في المدينه المنوره بئر يتوسط ساحه مدرسه ابتدائيه بالحناكيه يثير قلق اولياء الامور لمي الروقي انحاء",3
"الصلاه في الاقصي تعادل صلاه هذا ثواب الصلاه فقط لكن ثواب الوصول والجهاد ومقارعه اليهود لا يماثلها ثواب واجر",1
"ما كل هذه الاعداد انا مبهور عجله ورا يا مرسي والا هندخل في مرحله وا كرساه",2
"الصداقه تزرع الحياه ازهارا مي زياده",1
"احيانا بيشتكي اولادي الذكور من تفضيلي للبنات احيانا في المعامله وبيكون ردي حديث الرسول لا يكرمهن الا كريم و لا",2
"المحفوظه في خزائن في الخارج من جانب قياده النظام البائد وسندان الملفات المحفوظه في واشنطن طيب واضح الثوره لم تكن ضد",2
"البديل البديل ابو الفتوح توريط الجيش في السياسه اكثر من اللازم خطر علي الامن القومي",0
"انك تدافع عن اي بنت لو لاقيت حد بيدايقها ف الشارع الرجوله دي خلق جميل",1
"تفائل وخذ بالاسباب واعلم ان بعد كل شده خير كثير ان شاء الله",3
"ربنا ارزقنا الرحمه في قلوبنا فنحن بحاجه اليها في صدورنا كي نرحم بها بعضنا 3",3
"شاهدوا برومو حلقه جديده من حلقات بسمه امل انيماشن موعدنا في رمضان كل خميس الساعه مساء كل عام و انتم بخير",3
"ما اتعس الدنيا اذا صرنا مع الايام شيئا في الطريق فاروق جويده",3
"تكبيررررررررررررررررر مسيره احرار المعادي الان",2
"الفحم وصل يا استاذنا واحنا واقفين نتفرج اوقفوا الفحم حكومه تقتل المرضي",0
"محمود الجندي يبكي حينما تحدث عن ذكراه مع عمار الشريعي",3
"صحيفه الفجر بيان رسمي وايت نايتس تهاجم مرتضي جعلت الزمالك عزبه لفساد عبر تطبيق نبض",0
"قطر ترفض تسليم 28 شخصا من قيادات الاخوان المسلمين ما اجملها من تهمه وما اعظمه من موقف شكرا",1
"ارفض البذاءات التي يبثها الشيخ محمود شعبان ضد الثوره لكني ارفض ما حدث له في ميدان التحرير من اهانات واستهزاء بكرامته الثوره نموذج اخلاقي",2
"عارف يا مالك منين بتبقي صفحه تعبانه علي الفيس بوك تقول اي كلام ومحرر كسلان ينقلها للجريده وكله ينقل بعد كده",3
"المصريين احرار",1
"حد يسال سيسي لما قال بكره تشوفوا مصر يمكن قصده ان احنا هنبقي شحاتين وهنبقي فرجه والدنيا تضحك علينا",0
"انصار المعزول تعدي بالضرب والتعذيب علي الصحفي بجريده فيتو محمد ممتاز",0
"ادين بشده استمرار الانتهاكات والاعتداء علي المعتصمين السلميين عند مجلس الوزراء",0
"مبارك يوم 24 يناير كان اقوي بكثير من مرسي الان الشعب اسقطه ووضعه في السجنلا تغتروا ببلطجتكم فنهايتكم اقتربتمصر اكبر بكثير من سيدكم المرشد",2
"نحب اللغه العربيه لانها لغه القران ولان نبينا عربي ولانها لغه اهل الجنه اليوم العالمي للغه العربيه غرد بصوره",1
"ليس كلام العربيه ولا الجزيره انما هو كلام الشارع المصري تحليل لما يجري في مصر بلسان بائع بسيط",3
"خالد علي رفع الدعم عن الكهرباء والغاز والسولار والبنزين اجرام سياسي ضد الفقراء حراميه الدعم اللي بيدعموا",0
"الشروق غدا محافظ الغربيه يفتتح المعرض السنوي للانشطه التربويه يفتتح اللواء محمد نعيم محافظ الغرب مصر",0
"هم خلوني مجنون",0
"حازم الببلاوي هراب ومتراجع ولا يستطيع تحمل المسئوليات وحكومته فاشله الساده المحترمون",0
"اعتراف انا مبخفش من اي حاجه تتخيلها حقيقه اه والله",2
"قلمين عقب اسبوع من محمد محمود المجد لابطال محمد محمودهتفضل مصر شايله جميلهم دائما وابدا",1
"الكلاب اوفياء رجاء عدم اهانتهم",1
"عندما توضع قوانين عادله للمنافسه بالتاكيد سيحكم ابناء الثوره وهذا قريب ان شاء الله",3
"احمد مطر رابعه رابعه العدويه مجزره رابعه مجزره السيسي مصر",0
"الصبح لما بيجي عليا ببقي حاسس بانتصاار الليل يعدي عليا وانا واقف ف انكسار ومابينهم عزيمه وقرارات بتضيع ع اخر النهار وسط البلد كراريب",2
"شكرا تويتر",1
"الضيوف علي القنوات التونسيه الرسميه انفك لسانهم فجاه نفسي اصدق انها مش عمليه تنفيس محترفه",2
"بصراحه في العمر حكايه واحده فقط نجد فيها وطن حقيقي ومادونها مسرحيات متعدده نؤدي دورنا فيها ببراعه",2
"شاهد صوت الناس محلب يلتقي رئيس الاتحاد العام ل نقابات العمال لبحث مطالب العمال مطالب",3
"ابن مصر مفيش كلام جدو الاهلي مبرووك",1
"الحمدلله الحمدلله الحمدلله الحمدلله الحمدلله الحمدلله الحمدلله الحمدلله اذكر الله",3
"د معتز بالله عبدالفتاح المستشار السياسي لرئيس الوزراء ضيف اخر كلام في الجزء الثاني من حلقه الليله",3
"الليله السابعه مساء الندوه الاسبوعيه للدكتور علاء الاسواني في مركز شبابيك بالمقطم الدعوه عامه للتفاصيل",3
"تاكدوا ان التزام الرئيس بالقانون والحفاظ علي استقلال القضاء وتدعيمه هو في مصلحه الشعب قبل اي طرف اخر",1
"قسام شهداء الاقصي سرايا القدس فخر امتنا",3
"سانتخب عمرو موسي ما هو اكيد يعني مش هينتخب يساري او اسلامي",2
"انتخبوا البرص",0
"حاجات بتفرح",3
"",2
"لن تصل مصر مطلقا الي كاس العالم الا عندما تصل الديمقراطيه الي مصر بلد تقتل ناسها وتلاحق جمهورها العاشق للكره",0
"لكل عمله وجهان الانقلاب الدموي قتل واصاب واعتقل مائه الف مصري لكنه كشف المعدن الحقيقي لاعظم شعوب الدنيا شاهده العالم باعجاب اليوم",2
"الحمله الشعبيه لمكافحه الافوره",0
"غرد بصوره",3
"الانقلاب ينهب اموال الناس من البنوك وغدا يرحل ويترك المجتمع خرابه من يرد للناس يومئذ فلوسهم",0
"غرد بذكر الله اذكر الله حصن المسلم",0
"مرسي بيغير من باسم يوسف عشان باسم الناس بتضحك معاه ومرسي الناس بتضحك عليه",2
"شخصيات لن تعوض",2
"هذا هو نص المقال اتحداكم ان تنشروه كاملا لو كنتم رجالا مش هتبطلوا حقاره وتنضفوا شويه من باب التغيير",0
"سنفعل كل ما نستطيع لاسقاط هذا الدستور الباطل",0
"دمحمد الجوادي يشيد بانجازات مبارك في كتابه النخبه المصريه الحاكمه مصر قطر الامارات السعوديه البحرين لبنان",1
"هنلف ونرجع لنفس النقطهلما تقول ان كل اللي قالوا لا ثوره مضاده يبقي ماتكلمنيش عن التفكير العلمي والمنطقيبس كده",0
"تعديل كامب ديفيد ليس رفاهيهنلزم الحكومه بما صدر عنها من بيان بسحب السفير و نصف التراجع بالعار و الخزلانلا شيء يعلو علي كرامه المصري",2
"خلق اسلامي جميل نحتاجه بشده في هذه الايام لبلادنا هو خلق الرفق اي اللطف واللين في القول والفعل الذي نحتاجه في",1
"ازاي واحد من المفترض انه محترف سياسه يتحدث عن المصالحه تقدر لو رجعت الناس الي اتقتلت لاهاليها غير كده متعن",0
"متصدر لاتكلمني النصر الشباب الهلال اكشن يا دوري شجع ناديك بدون تعصب مع برنامج الايفون الرائع 669",3
"انا بحب الرقاصات وهما فوق راسي انت نجس اصلا يا انتخبوا العرص",0
"لطفي بوشناق خذوا المناصب خذوا المكاسب لكن سيبولي الوطن",3
"هزه وسط صافيناز ب 110 الاف جنيه يلعن ابو التعليم",0
"استمرار ماساه غرق شبابنا في محاولات يائسه سعيا وراء لقمه العيش ما هي اسبقياتنا واين نحن من اهداف الثوره عيش حريه كرامه انسانيه",2
"يوسف الحسيني نرجو اسقاط دين الفلاح كي نتغني بعجله الانتاج الساده المحترمون",3
"ي قلب لا تعشق مليحا واحدا تحتار فيه تدللا و تذللا واهوي الملاح جميعهم تلقاهم ان صد هذا كان ذلك مقبلا بالعربي اقلب فندق ههههه",2
"خلق جميل غض البصر",1
"في نوعيه افلام تدخلها تحس ان انت انسان محترم كده نضيف زي مثلاافلام عمرو سلامه لامؤخذه وفيه افلام تحس انك حقير وعيل سرس زي افلام السبكي",2
"سنن نبويه سنن قيام الليل قال رسول الله صلي الله عليه وسلم افضل الصيام بعد رمضان شهر",3
"ع منطق حقير ولا يتبعه سوي الجبناء هذه نفس تقتل عارف يعني ايه يمكن لو اخوك او امك كنت تفهم",0
"هل نتصور ان المجلس العسكري قد فوجيء بترشيح الشاطر للرئاسه بينما هو الذي منحه العفو الصفقه واضحه اكدها الاستاذ الهلباوي الاخواني الشريف",3
"اللي رافضين السيسي رئيس بيعملوا فولوا لبعض مرسي رئيسي انتخبوا العرص سيناء خارج التغطيه سانتخب السيسي",2
"الشعب مصدر السلطات مطالب الشعب واضحه وصريحه الاستجابه الصادقه والفوريه لها هي بدايه لاعاده بناء الوطن لا يجب ان نكرر اخطاء الماضي",3
"القائمه السوداء بعض شيوخ الفضائيات الدينيه الذين روجوا لاكذوبه اني ماسوني واضافوا اليها بهائي وغيرها من الاكاذيب ايضا بحق ليبراليين اخرين",0
"رؤوس النفاق المعرصين هز ديلك انتخبوا العرص اعدموا العرص نكاح الكاراتيه الداخليه بلطجيه",2
"الشروق الشروق تنشر اهم تعديلات لجنه الخبراء ل دستور 2012 مصر",3
"رضاك يارب كلمتين وبس",1
"ايه الشياكه دي يا واد اكيد اختك مش نازله النهارده ايه ده عرفتي ازاي ما انت لابس بنطلونها هتنزل هي ازاي استرجل",0
"كان هناك شئ يدعي حريه اللهم ارحم ثوره 25 يناير واخلف لنا خيرا منها اللهم انتقم من كل من اوصلنا الي هذه الحاله لكي الله ياحريه",0
"تاملوها الحياه تصبح رائعه اذا القناعه الحياه ف الحياه قد لا يتحقق كل م تريد لكن رضا الله يجعل لك الحياه كما تريد",3
"678 ماحدش يجبرك علي حاجه روحي الفيلم الكويس وقاطعي الوحش",2
"الوطن باسم يوسف ضيف خيمه الوطنشاركونا بالاسئله المباشره للمشاركه",3
"المصيبه اللي تقربك من ربنا احسن من النعمه اللي تنسيك فضله",2
"37 ماتعلمش من اداء جده القديم اللي قرب من الحاكم واستفاد منه وفاد الناس بذكاء وما اتعاصش بدم علي الاقل",2
"الضعف الانتخابي والجماهيري لا يقتصر علي الاحزاب الجديده ويطال بكل تاكيد قوي راسخه في المشهد السياسي الا ان عقود سلطويه مبارك الطويله انهكتها",0
"وحدتنا التي افسدتها باخلافك المستمر لوعودك والاعلان غير الدستوري الذي قسم المصريين قوتنا في وحدتنا الرئيس",0
"ايها المتحدثون عن شرع الله هل يوجد في شرع الله تهمه اسمها العيب في الذات الملكيه هل من شرع الله التعاون العسكري مع امريكا لتحتل العراق",2
"رجل اكرمه الله بمصاهره اكرم خلقه مرتين زهد في امواله وتجارته طمعا في مرضاه الله كانت الملائكه تستحي منه عثمان بن عفان",1
"عيد العمال قهر هنا تجار عمال وعنا تخيلوا بعد التعب ما ينفقر الا انا",3
"مد العمل بقانون الطواريء استمرار للقمع وانتهاك لحقوق الانسان والحريات الاساسيه يوم حزين التغيير حتمي",0
"لان اقول سبحان الله والحمد لله ولا اله الا الله والله اكبر احب الي مما طلعت عليه الشمس اذكر الله غرد بذكر",1
"هو ممكن ت نزل صلاح ليله الابطال",0
"اللهم لك الحمد حتي ترضا ولك الحمد اذا رضيت ولك الحمد بعد الرضا اللهم امين شكر",3
"لماذا لم يذهب الرئيس الطرطور الي جنازه لواء الشرطه لو كان مرسي كانوا مسحوه",0
"عندما تقرا ان السعوديه والامارات والكويت والاردن تؤيد التحول الديمقراطي في مصر بعد الانقلاب تموت من الضحك 4 دول",2
"سخيفه فيفي عبده",0
"المراه ب النسبه لي ك البحر تغرق فيها لكي تفهما اليوم العالمي للمراه",2
"ما ان تكتب حمله تمرد حتي تنهمر عليك شتائم الاخوان اعصابهم متعبه من تدفق التوقيعات لسحب الثقه من مرسي سوف تهزمكم الثوره التي خنتموها",2
"مازالت المشكله من الداعي وتحت اي رايه نجتمع و اسم التجمع و تيار ثالث و لا تيار شعبيو من يقود هل يعقل",2
"المقاطعه الشامله للانتخابات كان يحب الحشد لها حتي تكون مؤثره اما المقاطعه الفرديه فهي اجمل هديه نقدمها للفلول هم يشترون الاصوات ونحن نبددها",2
"اهطل صفه مش شتيمه",2
"تخيل انك اعمي او مكفوف لا سمح الله اكثر الناس راح يقدرون النعمه اذا فقدوها حقيقه",2
"محبين البرنامج بيزيدوا",1
"مرسي رئيسي مرسي رئيسي انتخبوا البرص انتخبوا العرص امال",2
"برنامج كفو قريبا قناه مجد",3
"ماتخفش محدش بيتحاسب ارجع المصريين نسيوا الشهداء اللي ماتوا",0
"عادي الدكتوره تجي متاخره ثلث ساعه بس مو عادي الطالبه تتاخر دقايق عشنا وشفنا",0
"حتي الدور المشرف الذي لعبه الاخوان في حمايه الميدان في موقعه الجمل لطخوه عندما قرروا ان يصنعوا موقعه جمل في كل حته في مصر من اجل مرسي الكذاب",0
"ديننا يلزمنا باحترام دوله القانون واضاف الهلالي اثناء حديثه لبرنامج الساده المحترمون مع الاعلامي يوسف ا",3
"عقل ا نشهد",3
"حمدين عاوز يحاكم السيسي دا مش كلام ياناس ده اتفاق حمضين مع الاخوان مصيبه لو استبدلنا اهبل بعبيط سانتخب السيسي و مش هنزل لمستواك",2
"الرب واجد",0
"في ظل اوضاعنا الحاليه افضل ان يكون اختيار قيادات الجامعه بالانتخابات ليست هذه الوسيله الافضل مطلقا لكنها",3
"لابد من حمله انتخابيه علي الارض تتواصل مع الناخبين والناخبات ولا تعتمد فقط علي الصحافه والتليفزيون",2
"يوم يفر ٱلمرء من اخيه وامه وابيه وصحبته وبنيه لكل ٱمريء منهم",0
"شوقي ولد الهدي فالكائنات ضياء وفم الزمان تبسم وثناء اللهم صلي وسلم علي سيدنا محمد وعلي اله وصحبه وسلم بكفي حصار اضبطوا شركاء المخلوع",2
"موقف الاخوان من جوه برلمانهمشلت بلطجيه 200 جنيه شريط ترمدول وجباتنتذكر سوا الساده المحترمون",0
"امريكا تدفع لمصر مساعدات عسكريه بالمليارات ليقتل الانقلاب شعبه ولا عزاء للديمقراطيه وحقوق الانسان",0
"يسقط يسقط حكم العسكر ثوره 25 يناير باسم رئيسا لمصر انتخبوا العرص",2
"د علاء الاسواني ما سر لهوجه المجلس العسكري السابق اقرا المقال كاملا علي هذا الرابظ",3
"الشعب يرد تحيه الرئيس انتخبوا العرص مصر الليله انصاف الاخوان يمهل ولا يهمل مرسي رئيسي اشتون قاتله",2
"حمزه نمره انساان",1
"من لا يحترم السلام الجمهوري لبلده كيف له ان يكتب دستورها",0
"الحمد لله حققنا مستهدف حمله ال21 يوم لمحو الاميه شكرا لشباب صناع الحياه و لكل شركاء الحمله يا رب اعنا علي",1
"تواجدي خارج المملكه منعني مشاركتهم في تجهيز التيفو واعرف حجم التعب وا رهاق اللي يعانوه حاليا ويارب تضيع لهم تعب الالتراس",1
"استغفر الله الذي لا اله الا هو الحي القيوم واتوب اليه غرد بذكر الله",1
"ارفض تكليف اي مسئول من الفتره الانتقاميه السابقه",0
"احقر انسان هو اللي سكت عن الانقلاب في مصر وعقبها قال ما يجوز الخروج علي السيسي لانه ولي امر انصاف الاخوان",2
"اغير القناه اللي فيها فيفي عبده الام المثاليه الي ناشيونال جيوجرافيك اجد برنامج عن شاب امريكي يصنع صاروخ في بيته ويطلقه في",2
"نيويورك تايمز الانقلاب دراكولا يبطش بالصحافه",0
"بعد رفض ضياء رشوان قطه النظام تعديلات الدستور التي تجاهلت مقترحات نقابه الصحفيين انتظروا فتح قضيه قديمه لرشوان او اولاده هتسكت ولا نذيع",1
"كلما رايت اطفالا مشردين جائعين محاصرين لاجئين نازحين اشعر بالخيانه الخيانه فقط سوريا اطفال سوريا",0
"احمد شفيق سيرته بتجيب ارتيكاريا لناس كتير بس محبوب من الاغلبيه اجدد الدعوه له للترشح للانتخابات",2
"الماظه لابد من تسليط الضوء اعلاميا علي مشكله تملك المساكن وتحقيق العداله بوضع نظام لتملك الشقق يراعي البعد الاجتماعي والمادي للعاملين",2
"الحب هو كلمه ولكل شخص معناها الخاص به",3
"نفسي اوي اشوف مسلسل يوميات ونيس",1
"لم نعد نسمع منهم والقليل نطالعه عنهم يقبعون خلف الاسوار وخلف الابواب المغلقه",3
"شفت فيديو موتني من الضحك في قناه الحافظ المذيع بيقول بلال فضل كاتب القافله تبكي والخرفان تسيرواخد بالك قصده ايه فالشيخ رد يقصد الاخوان طبعا",2
"و الله بتوع شبكه المخلص دول دمهم خفيف الوجه البذئ الذي يضع قناع الدين",0
"الرئيس مد التاسيسيه شهرين خلافا لاستفتاء مارس والان نائب الرئيس يقول انه اجبر علي الدعوه للاستفتاء في 15 يوم التزاما به احترموا عقولنا",2
"كان عنده حلم صلاح الدين الايوبي عندما كان صلاح الدين الايوبي صغيرا و يلعب مع الصبيه في الشارع شاهده ابوه فاخذه",3
"اليوم العالمي للغه العربيه يفترض لها كل يوم وكل ساعه لغه القران الذي نتلوه يوميا لغه التعليم المدرسي لغه العبادات لغه امه الخير",1
"ادعوا الي اتفاق القوي الاسلاميه والليبراليه واليساريه علي تداول السلطه في اطار الالتزام بمبادئ الشريعه الاسلاميه كمصدر اساسي للتشريع",2
"الاشتراك في الاستفتاء البائس اعتراف بشرعيته كل ما فعله مرسي باطل وغير شرعي ولا استبعد علي الاخوان تزوير النتائج انا مع المقاطعه الشامله",0
"فلتقل خيرا او لتصمت خلق جميل",1
"ده الي جانب والدي الله يرحمه ووالدتي واخين واختي كل دول مهندسين انا بس اختارت اكون البطه السوده",2
"هناك تويتات جميله منسوبه لي لا استحقها و اخري تثير بلبله نحن جميعا في غني عنها",2
"علي الخارجيه المصريه تحمل مسئوليتها والعمل علي الافراج الفوري عن الصحفيه شيماء عادل المحتجزه في السودان كرامه المصريين اهم من رغيف العيش",2
"شكرا لك عمرو واكد لتواجدك معنا في مجلس مهيره عبر تويتر وبالتوفيق لك والشكر موصول لكل المغردين اللي شاركونا بار",3
"لو الانتخابات لم تزور لكان شفيق خسر حتما واتوقع منك الا تشارك في هذه المسرحيه التي لديها من المخالفات ما يبطل عشر انتخابات",0
"علي الاخوان انهم يعرفوا ان الشعب بعد شويه هو اللي هيتعامل معهم بالتي هي لو استمروا في نهجهم الارهابي و المتطرف",0
"بل هو العقل لان اسفل النعل ملئ بالقاذورات و القذاره فكيف تكون طاهرا اذا مسحت اسفله بعد مشيك في مكان نجس",2
"يفضح كذب قناه الجزيره ويكشف تمثيل الاخوان دور الموتي",0
"جديد في تويتر الرائع هنا انك بتتعلم البلاغه لانك ملزم ب 140 حرف",1
"ابتسم لعل ابتسامتك تكن سببا في تغيير حال شخص اخر",3
"عايزيين دعم للهاشتاج ده مخصص لقضيه الطفله ساره اسحاق 14 سنه مختطفه من اكتر من شهر ياريت ريتويت شكرا",3
"تجديد حبس ياسر علي متحدث رئاسه المعزول 15 يوما في قضيه التستر علي هشام قنديل ياااااه وحشتونا ووحشتنا نوادركم",2
"قبل نزولك في مسيره ضدالانقلاب جدد نيتك لله وحاول تصلي ركعتين بنيه التوبه سيد الشهداء حمزه ورجل قام الي امام جائر فامره",3
"78 الدكتور عنده ندوه في الاسكندريه الاسبوع القادم وكان لديه جوله ميدانيه في الجيزه الاسبوع السابق",0
"اعلام العار ساند منتخب مصر في غانا لينسب الفوز لسيسي فخسرنا بالسته وتجاهل الاهلي كرها في ابو تريكه ففزنا بكاس",0
"فاكر يا مظهر شاهين يا امنجي يا ابني لما كنت عايزني احط اسمك في مجلس رئاسي مدني في احداث محمد محمود و مر",0
"فوز الاهلي مرتين متتاليتين بكاس افريقيا من غير دوري يؤكد ان نقص الامكانات لا يمنع الانجازات بشرط توافر النوايا الطيبه ربنا يحفظ تريكه",1
"عرض الاسبوع 36 الف متابع وش اكثر شي يسهرك صيام الاثنين خد موقف من صلاه الوتر في تويتر تلاقي الدمام 927627",3
"هههههخخههههههه انتخبوا البرص يا رب",0
"ضبط حشيش مع لاجئين سوريين بالمفرق شاهد التفاصيل من هنا",0
"غدا ستقراون في المعصره مواصله مني للحديث عن موضوع الاندلس واشاره الي مقال قديم لعمنا محمود السعدني عن الاستثمار السياسي للاندلس",3
"الزعيم اكشن يا دوري السعوديه مضامير البرنامج",3
"ان تقنع بما كتبه الله لك من جنس وخلقه وبدن وصحه واهل ورزق وعمل ومنزل ومصير وصحبه ومرض وحزن وان تطيعه وتحمده وتشكره علي نعمته هذا هو الاسلام",3
"و لعل اسوء ما في هذا اليوم غيابك يا باسم",1
"ماذا فعلت بمصرنا الغاليه ياسيسي ماذا فعلت بازهرنا الشريف يا طيب 12 الف طالب ماليزي يرفضون اكمال تعليمهم",0
"اختاه بلاش قدام الناس لما تسمعي اغنيه شعبي تقولي عليها يع و انتي اصلا بترقصي عليها ف البيت",2
"اختيارلجنه المائه يجب ان يتم وفق معايير واضحه تراعي تمثيل كافه قطاعات المجتمع من رجال نساء عمال فلاحين مسلمين مسيحين واهلنا في سيناء والنوبه",2
"شعب مصر العظيم في الشوارع يوما متتاليه بلا كلل او ملل رفضا للانقلاب العسكر متي يفهم سيسي ان مصر ان تستسلم للعسكر",2
"الي زملائي المحامين الراغبين في الانضمام لمبادره سامعين صوتك التي تهدف لدمج متحدي الاعاقه في المجتمع يسعدنا اشتراككم",1
"من اعذب مفردات الحياه واجملها هو اعطاء العذر لغياب البعض لان سيد البشر تحدث عن التماس العذر صلوات الله ع",1
"هالايام تمر علي مواقف قديمه لكن مع اشخاص جدد احساس غريب",2
"ايها الاخوان الا تذكرون 52 شهيدا قتلتهم شرطه محمد ابراهيم باوامر من مرسي عندما شكر مرسي القتله واعلن حظر التجول اعترفوا بجرائمكم",0
"رحم الله شهداء الواجب الوطني علي حدودنا وادعو لجنازه شعبيه حاشده ضد الارهاب والطائفيه الدم المصري حرام",2
"محمود سعد قعد يدافع عن الشباب اياهم ولما جه يقول للمراسل هات لنا واحد نكلمه اتشتم هو والمراسل اتفضل حاورهم قبل ما تقنع الناس تقبلهم مصر",0
"دسعيد اللاوندي خبير العلاقات الدوليه بمركز الاهرام الاستراتيجي ضيف يوسف الحسيني الان في الساده المحترمون",3
"لا يوجد تيار بقوه هذا الشعب العظيم الذي قام بالثوره",1
"الخطا القومي عندنا هو التبجيل",0
"حركه تمرد طالبت بانتخابات رئاسيه مبكره ولا بد من استغلال فرصه الحشد الثوري ضد الاخوان لايصال مرشح ثوري مثل البرادعي الي الرئاسه",2
"النفاق اصبح احد اركان المجتمع اه والله",0
"اعترافات الطفوله ان لما نمشي بالسياره النجوم والقمر يمشون معانا",3
"ما حدث لم يكن في ميدان التحرير فنحن اكدنا علي الطابع السلمي للمظاهرات",3
"رفع الشعارات السياسيه في الحج حرام شرعا وخيانه وطنيه",0
"هذا ما عندي والله اعلم وبعد كلام زوجه الشهيد طارق الاقطش ليس هناك كلام لمن اراد الحل الدائم والجذريسلام عليكم",2
"باي ذنب قتلت مجزره رابعه العدويه السيسي",0
"قسما بربي لو رايتك امامي لجعلتك جثه هامده تاكل منها الكلاب",0
"الدعوه للتظاهر اليوم لتطهير القضاء الغوغائيه في فهم ومعالجه مشاكلنا مازالت السمه الغالبه لنظام الحكم الثوره قامت لتحرير العقول",2
"من اخلاق الاخوان لله دركم ياابناء البنا مرسي رئيسي الشعب يرد تحيه الرئيس انتخبوا العرص انصاف الاخوان",2
"كن شريفا امينا لا لان الناس يستحقون الشرف والامانه بل لانك انت لا تستحق الضعه والخيانه عباس العقاد",2
"المصري اليوم عندما نشرت ملخص المؤتمر وضعت الجمله في غير سياقها وكان ليس من حق شباب الثوره الوصول للسلطه وهذا عكس مبادئ حزب الوسط تماما",0
"اعترافات الطفوله كنت اسمع الناس كثير يقولون عن اذنك و افكر من نفسي غباء قوه اقول ليش مايقولون عن خشمك عن فمك دائم اذن بالذات ايقالي عبقريه",3
"الدوله البوليسيه لن تعود",2
"شاهد تميم البرغوثي ومصطفي سعيد في الذكري الاولي للثوره في اخر كلام",1
"حبي لاشعار البدر فاقت الحدود اعتراف",1
"وحياه قلبي وافراحه الشباب الاهلي",1
"بالفيديو ميدو يتحدث عن عقوبات لاعبي الزمالك وفرصته في المربع الذهبي",3
"انتا فرحه جات ل عندي بعد دنيا من التعب السعاده اللي بعشها ي حبيبي انتا السبب ضحگتك عقلك جنونك والحنان اللي في عيونك شير",1
"للشموخ عنوان السادات",1
"احيي الذين سيخرجون اليوم معلنين رفض الانقلاب فسكوت الشعب استقرار لحكم العسكر الباطل مصر",2
"شكرا جزيلا",1
"لا اهاجم مرسي لاني استكثر عليه الرئاسه بل لانه كذاب ومخلف لوعوده وفي رقبته دماء شبابلا اسميكم خرفانا فحتي الخروف يستحي ان يدافع عن كذاب",0
"1 مصر تتجدد بها دماء الاستبداد بتشريعات مشبوهه وانتهاكات لحقوق الانسان وقمع للمعارضين وتجريم للتظاهر السلمي وهو ليس بجريمه في المجتمع الحر",2
"شاهد اخر كلام موجه ثانيه لثوره 25 يناير 25 الفنان مصطفي سعيد بسمه نادر السيد محمد العدل",3
"لو اجتمع غضب الانس والجن علي دوله ما فعل بها من كوارث وجرائم وحوادث مثلما يفعل الانقلاب بمصر شياطين شياطين",0
"اكتب اسم بلدك وارسل رساله لاحرار سوريا سوريا في القلب",3
"لو ده جنان اتجنن واكتب علي غلاف ورقه الاجابه اوعا تفتح الورقه ارجوك ارجوك واكتب في الورقه الي بعدها برده فتحتها ياحيواااان",3
"وزير البياده نائم داخلها قرعه المونديال في القاهره وليست في الاقصر كما قال الكذابون",0
"سوريا في القلب سبحان من وضع في قلب العربي سوريا و اليمن والصومال ومصر وليبيا وتونس والبحرين والكويت بلاد العرب في ال",1
"ماعندي شي اسمه احترمني انا اكبر منك عندي شي اسمه تحترمني احترمك غير كذا جب الحكومه",1
"نحيي شباب حزب الوسط علي مجهودهم الرائع في الانتخابات والذي كان سببا في حصول الحزب علي ما يقرب من مليون صوت ممن صوتوا لنا عن اقتناع",1
"لا بس ما نقعدش نطبل ونهلل ونقول اول مره في التاريخ وكده وده للاسف غالبا معناه ان ده اخر مشوار الدعم",3
"اهم مواضيع تحدث في مصر الان الاخوان المنيا الشرطه السيسي الانتخابات",3
"بيان اعضاء نيابات شرق الاسكندريه يتضمن عبارات كارثيه في حق النائب العاممستحيل استمرار وضع النيابه بهذا الشكل المؤسف",3
"تطبيق الشريعه",0
"الوقوف دقيقه حداد علي ارواح شهداء احداث سيناء وعلي شهداء ثوره 25 يناير في بدايه المؤتمر الجماهيري",2
"الحشيش حلو مفيش كلام اه والله",1
"639 الراتب مايكفي الحاجه الاتحاد الهلال النصر الاهلي مرسي",0
"من تكريم الله للمراه ان خصها بالذكر في كتابه وجعلها اول من سعي واول من اسلم واول شهيده وكلها اولويات رفعت من قدرها و شانها",1
"انا مش طماع نبدا بريتويت وربنا يسهل في الفولو دا احنا داخلين علي ايام مفترجه",3
"من يمنع الاقباط من التصويت كما يحدث الان لا يحق له بعد ذلك ان يتحدث عن الدين شهوه الاخوان للسلطه قد اعمتهم عن اي اعتبار اخلاقي او ديني",3
"اللي رافضين السيسي رئيس بيعملوا فولوا لبعض مرسي رئيسي انتخبوا العرص سيناء خارج التغطيه سانتخب السيسي",2
"ابراهيم عيسي ساخرا هل يوجد علاقه واضحه بين تاريخنا السياسي و الراقصات العوالم",0
"باذن الله سيعرض برنامج عمر صانع حضاره علي قنوات والمحور والنهار والمواعيد كالتالي قناه ام بي سي",3
"توضيح عن المحكمه الدستوريه الالمانيه وقانون الانتخاب والبوندستاج مجلس النواب المنتخب بصوره مباشره ويشكل مع مجلس الولايات السلطه التشريعيه",3
"عايز اقولك بحبك من زمان جدا محمد محسن",1
"الدوله المدنيه ليست فقط مضاد الدوله الدينيه بل ايضا مضاد الدوله العسكريه التي تحكم بها المؤسسه العسكريه او تصبح بها دوله داخل الدوله",2
"الشبكه زفت فودافون اتصالات موبينيل",0
"و في النهايه ذهب النشطاء والاشتراكيين والعلمانيين و الكفره الي غزهوظل الاخوان يهتفون في الازهر رايحين شهداء بالملايين",2
"حالا لاول مره في حياتي متشرف اني اكون في مدينه المحله الكبري لاحياء احد الافراح بعد قليل",1
"تبا لك مارك",0
"يبدا بعد قليل لقاء د عبد المنعم ابو الفتوح مع الشاعر عبد الرحمن يوسف علي قناه في برنامج صفحه الراي",3
"الميزه الوحيده لحزب النور هو توافر ماده جيده للبرنامج لكن انا بقول ان البلد اهم من البرنامج",1
"نفسي حد يغنيلي اغنيه اهواك عبدالحليم حافظ فرحه برده حلم",1
"الرياض امطار الرياض السعوديه مطر الرياض تغرق امطار الرياض قحاب",3
"لما الموب بتاعي يبوظ بس الايام مش سيباناااااا مش سيباناااا في حالنا 2",2
"تواصلت مع نعومي تشومسكي بخصوص ما نسب اليه من كلام بخصوص عداء دبي لمصر بسب قناه السويس وهذا رده",3
"اعداد اليوم بمثابه الضربه القاضيه لاي خالتي شرعيه",2
"و الله تستاهل ياقلبي ليه تميل مكنت خالي انت اسباب كل كربي وانت اسباب ماجرالي ايه بقي اللي هايواسيني بعد ماتهدت امالي محمد محسن",2
"انا هقوله شرعيتك حمرااااااا",0
"دمي دمك برعايه التيار الشعبي شارك في التبرع و نشر الحمله مصر ريتويت",3
"شاهد اخر كلام لماذا مليونيه الجمعه 8 يوليو والد احد شهداء",1
"اخر ساعه يوم الجمعه اللهم اني اسالك عيش السعداء وموت الشهداء والفردوس الاعلي بجناتك جنات عدن اللهم امين",1
"الحل هوتوحيد المطالب اقاله النائب العام وتطهير القضاء والشرطه ومنع المحاكمات العسكريه ثم انتخابات تنقل السلطه الي المدنيين باقصي سرعه",2
"لماذا تحول الباحث المتميز في العلوم السياسيه من تاييد مرسي الي معارضتهمقال رائع لا ينصح بقراءته لجميع انواع الخرفان",2
"الخبر المتداول الان عن موضوع الطعن و الهجوم غير صحيح",0
"من قام ليله القدر ايمانا واحتسابا غفر له ما تقدم من ذنبه قف بين يدي الرحمن واطل الوقوف وقل يا رب اتيتك بذنوب كثيره و انت العفو الكريم",1
"اللي رافضين السيسي رئيس بيعملوا فولوا لبعض جميله و صاحب تويتر وابورمان وعيڈو وبڈوی وايمي ولعوها الكل للكل يلاااااا تفااااعل يجدعان",2
"هل من الطبيعي ان يعرض شخص غير مصري نفسه للموت ويقف في منطقه اشتباكات وسط طلقات الخرطوش والرصاص الحي",3
"لقد قامت الثوره وضحي الاف المصريين بحياتهم من اجل استعاده كرامه الانسان المصري داخل مصر وخارجها اين وزير الخارجيه اين عصام شرف",2
"كل العار الذي عشناه من سنين طويله يتلخص في هذا الفيديو",0
"نفسي افهم سر العلاقه بين الملحدين امثالك وبين قدسيه الكنائس اليس للمساجد قدسيه ايضا",3
"تذكرنا النبيل مصطفي نبيل كاتبنا الكبير وهو حي يرزق ونتمني ان يتذكره باحثو الاعلام بعد موتهرحمه الله",1
"في الدول المتخلفه يقتل الالاف و تحرق جثثهم و تلقي في الزباله ثم تقام الاحتفالات السنويه لاسباب سياسيه",0
"كلمتين وبس احبك جدا الي احدهم",1
"القائمه الاولي للخونه الذين خدعوني بتعريف كلمه مبقوق",0
"كل همنا انقاذ الوطن وعدم اعاده النظام القديم عن طريق اطاله الطوارئ و الاطاله في الفتره الانتقاليه",2
"غير صحيح وموقفي الرافض سجل في اكثر من مقال بجريده الوطن وبتصريحات لصحف اخري من بينها اليوم السابع لكن حق التظاهر السلمي مكفول دوما",2
"راجعت الردود فوجدت المتزمتين دينيا هم الاكثر استعدادا للتطاول بالبذاءات انهم يخافون من النقاش حتي لا تهتز محفوظاتهم التي لم يفكروا فيها",0
"اعطي رسول الله المراه مكانه عاليه وجعل لها دور كبير في المجتمع شاهد لتعرف يوم المراه العا",1
"دوله التعريص عسكر حراميه",0
"خرج في فناه الجزيره منضما لها في حملتها",3
"شاهر المؤمنين عالم رياضيات اردني ينضم الي قائمه اهم علماء الرياضيات عالميا نفتخر بعلمائنا مبروك للاردن ا ردن",1
"قصه حب افشلتها كذبه حلقه هامه من بسمه امل للمقبلين علي الزواج",3
"مفيش جمهور في الدوري المصري يبقي مفيش كوره اصلا مفيش كوره من غير جمهور رجعوا الجماهير",0
"القاكم بعد ربع ساعه من الان في برنامج الحياه اليوم علي قناه الحياه للحديث عن قضيه الاساءه لرسولنا الكريم صلي الله عليه وسلم",1
"المراه شريك اساسي في مشروعنا للوطن يكفي ما تعرضت له من تمييز واقصاء بسبب موروثات اجتماعيه سيئه وفهم خاطئ للاسلام",2
"ال ع الشمال ده زييت باسم عوده الارهابي اما اللي علي اليمين ده زيت الاستقرار هل عرفتم الفرق",2
"شهاده صكوك الغفران التي يمنحها الاخوان لقتلي رابعه والنهضه الساده المحترمون",3
"نختلف مع الحكومات العربيه لكن الحديث عن اسرائيل وكانها جنه وسط الصحراء كلام تافه اسرائيل عنصريه واستعماريه وا",0
"مباشر 6 ابريل مصر اسيوط مصرع واصابه 7 في مشاجره بالاعيره الناريه بين ابناء العمومه باسيوط لقي فلاح مصرعه",3
"المطالبه بتطبيق الاحكام العرفيه واستعاده الامن في الفقره الاولي من اخر كلام الليله ويستضيف ا محمد مصطفي شردي ا ضياء رشوان",3
"الاعلامي المحترم يوسف الحسيني يطالب باعاده فتح التحقيق في حريق مسرح قصر ثقافه بني سويف2005",1
"مين الاي فتي بكده اومال اللغه القبطيه دي ايه واللغه النوبيه ايه",3
"2د بل واغراهم بالفعله الاجراميه المتمثله في تهديد المجتمع بالعنف وبالتحريض علي ممارسته باسم شرعيه سقطت وبالشحن الطائفي والمذهبي",0
"محمد السيف ليفربول بيمحطونك عدل اليوم تحرش",2
"اجور العمال في شركات الاسمنت اقل من تكلفه ورق شكائر الاسمنت اوقفوا الفحم",0
"شوفتوا المخدرات ممكن تعمل ايه في الانسان عمرو خالد",3
"نحن بحاجه الي وسطيه في المعاملات واعتدال في المواقف و الا تعرضنا لعوامل هدم المجتمعات الكبري مصر تونس لبنان الامارات فلسطين",2
"ضيف الجزيره القادم من الاهرام مثل كل مؤيدي الانقلاب قطعيه واحده هي هي نفس الغباوه والبجاحه والوقاحه",0
"جمال سلطان فضح الانقلاب واعاد الحق لمرسي بعد ان عانده كثيرا",2
"العسكري الكبير عبدالفتاح ويه",0
"اشكركم جميعا علي وقتكم الثمين والساعه لا تكفي معكم",1
"اصدقائي لاتنظروا للوراء وانسوا التجربه الاخوانيه بما لها وعليها لنبدا مرحله جديده لمصر بيد واحده نبني ونعمر والكل يشارك",2
"اللهم اسعدني في ابسط تفاصيل حياتي و اكتب لي الخير حيث كان",3
"النادي الاهلي هو النادي الرسمي للدوله الماده لاولي",1
"قد تري الامور مستعصيه عليك بعض الشيء لكن اذا ما نظرت من ذاك الباب الذي لا ينظر اليه احد سوف تري الامور متجليه واضحه ومفهومه لديك حاول",1
"1 ده حلم قديم يبدو انه اقترب تحققه باذن اللهكان عندي مشروع مسرحيه من كام سنه مع الفنانه سهير البابلي بس مااكتملش للاسفيامسهل",2
"ابو الفتوح لا يوجد الان مواطن مصري شريف لا يذهب الانتخاب بعد الان",2
"انا اللي مش اخوان و انا اللي مش عسكر",3
"رئيس جهاز المركزي للمحاسبات وزير العدل اخد مكافات ب مليون جنيه حتي يونيو حد يصحي الطرطور او بلاوي او الاعلام",3
"اليوم الدوري الانجليزي توتنهام مانشستر سيتي",3
"اجمل ما رات عيني في معرض الكتاب",1
"ثمانون عاما ويزيد وانتم بين ممنوعه ومحظوره ومطارده وارهابيه وصاحب القرار دائما طاغيه اذن انتم اهل الحق امام كل سلطان جائر انصاف الاخوان",0
"المصريون يحتفلون في ذكري تحرير سيناء بالتزامن مع مقتل ثلاث اشخاص ب القاهره كلمه تقدير لجيشنا الوطني الاصيل ف عيده",3
"3 00 عصرا مع يوسف الحسيني تابعونا",3
"جلال عامر الغائب الحاضر",1
"رجال الاعمال اللصوص باعوا اسهمهم من بورصه القاهره لبورصه لندن وحولوا ارصدتهم لبنوك عالميه بيهدموا البلد بعد ما خربوها بالانقلاب",0
"يوميات انسان سوري هذه الصور اصبحت من ابجديات الحياه في سوريا ويبدوا ان العالم اعتاد عليها والفها حمص حلب",3
"طوابير الدستور كانت بصراحه مهزله",3
"ما هو حجم الماساه التي ستحرك الشعور بالمسؤوليه والاحساس الانساني لدي من هم في السلطه ليظهر احدهم ويخاطب الشعب بشجاعه ومصداقيه",2
"2 الف شكر",1
"انت حر وماحدش زايد عليك لكن احنا بتكلم في حلول بره تويتر مش حل انك تهاجم اللي بيحاول حتي لو ثبت خطاه",2
"هل كل الاساطير خلفه او ميسي من كوكب اخر",2
"97 ههههه عادي مالها ال14 سنه اجدع ناس و فخور جدا بيكم",1
"سما المصري زيطه وبالونه فاضحه للتغطيه علي امور اخري الالهاء",0
"ف مصر شخصيه مريبه متعرفش بيشتغل لحساب مين بالظبط اسمو نجيب ساويرس بيعمل قناه لجاسوس اسمه يسري فوده ليستضيف عميل برخصه اس",0
"روحي تحبك عبدالمجيد",1
"الدكتور مصطفي محمود بيشرح بطريقه بسيطه",1
"احبك حبا لو يفيض يسيره جوهره محمد بن ابي اميه",1
"وكان حصار المتظاهرين واستئجار البلطجيه لضربهم وقتلهم ومنعهم من العلاج كان كل هذه الجرائم لم تحدث ولم يرتكبها احد يا للنفاق الرخيص",0
"ذات مومنت لما تتخانق مع اختك و مش عايزها تزعق عشان متصحيش باباك حاافظي علي هدوءك عشان الاكسجين",2
"اهالي قريه المسيد في قنا يطالبون باقامه كوبري بدلا من عبارات الموت",3
"اطهر رئيس وزراء في تاريخنا التحفظ علي اموال هشام قنديل دون اي تهمه بكره تشوفو مصر",2
"7 ها يا معلماظن حان الوقت للكشف عن التمويل و الحسابات و الاسرار ماعدش فيه بعبع و لا دوله عميقه",2
"مبارك راجل كويس وا خوان اعدااااالم علي طول الخط",2
"بالفيديو الرئيس السابق حسني مبارك يلوح لانصاره من خلف زجاج غرفته في المستشفي مصر حسني مبارك",3
"نريد رئيسا للدوله تكون شخصيه توافقيه ويرفض الترشح للرئاسه",3
"محامي ومستشار قانوني المحامي محامي قاضي حكم درر الوتر مستشار رقم ريتويت محاماه مشاكل قضايا اسريه محامي مكتب",3
"نزلنا ناييدك ومفيش حاجه اتغيرت وبقينا مسخه للعالم",0
"كله كاتب ف ال ثانويه عامه ثانويه عامه بقيت موضه",0
"علي فكره عبد الله السعيد صانع الاهداف الثلاثه الماتش الاخير",1
"دعبد المنعم ابو الفتوح التعدديه اثراء وتنوع واكثر فائده للمجتمعالتعدديه مطلوبهوهي ليست انقسام وفرقه",2
"خلق جميل احترام اي انسان فقط لانه انسان مهما كانت ديانته",1
"اخبار مصر اليوم مختار نوح المواطنون بالقري سيصوتون عبد الفتاح السيسي حمدين صباحي اخبار",3
"اللهم اني اسالك الجنه وما قرب اليها من قول او عمل واعوذ بك من النار وما قرب اليها من قول او عمل الضحي الوتر اذكر الله",3
"الف مبروك للاخوان مبارك فضل يخوفنا بفزاعه الاسلاميين تلاتين سنه و ماخفناش انتم و حلفاؤكم قمتم بالواجب غباء",2
"سابقي احبك ولن اندم ويبقي حبك في قلبي والله اعلم",1
"اعظم ما تعلمته من نظام الرئيس مبارك هو كيف ينهزم وطن دون ان يحارب وكيف يتحلل مجتمع دون ان يموت جلال عامر",2
"انصار بيت المقدس تعلن مسؤوليتها عن اغتيال ضابط الامن الوطني المصري اليوم",3
"هل السرب الذي تطيرخارجه قطر هوسرب صلاح الدين وابن الخطاب وعلي وهل ل دحلان و خلفان والام المثاليه اجنحه هل ينبت للزواحف ريش ياقوم احسان",2
"اقولك علي حاجه الدنيا مش محتاجه اه والله",1
"2 بعضهم يتحدث عن ديمقراطيه وتعدديه بينما اخرون يقاضون مبدعين انضمت لقائمتهم مؤخرا رسامه الكاريكتير دعاء العدل",2
"ما راي اهل الفن والثقافه والسياسه وحقوق الانسان والمراه في اعتقال ابن خيرت الشاطر وابنه د الشواف وزوج اخت البلتاجي اكيد غلطه الاخوان",3
"انت ماسرقتش دار الشروق انت سرقت الاستاذ احمد بهجت واسرته علي فكره لان المؤلف هو المستفيد من حقوق النشر",2
"الانتخابات البرلمانيه القادمه محطه كبري فاما تقارب بيننا وبين الدوله المدنيه بمعانيها غير العسكريه وغير الدينيه او تباعد بيننا وبينها",1
"مبرووووك ل سواريز فاز بجائزه اوسكار بعد ادائه الرائع في عدت افلام",1
"شاهد اخر كلام يسري فوده حاله من التعلم البطيء لكن لحاله التعلم ثمنا",3
"التعذيب خط احمر لا اتصور ان احدا مهما كان عاقلا او نصف عاقل او خائف علي مصر يمكن ان يوافق علي التعذيب ولوجاء من الجيش ولو",0
"مصر التي تسجن ابو اسماعيل وتعلي شان الهام شاهين طارئه",0
"صاحب قناه الفراعين للمصري اليوم انا ملك التوك شو خبر صحيح و وصف دقيق طيب الله اوقاتكم",1
"خطاب وفد الكونجرس الامريكي للشعب المصري عقب زيارته لمصر الساده المحترمون",3
"د علاء الاسواني متي يتحول المواطن في الدول الديمقراطيه والتي تكفل حقوقه كامله الي مجرم يجب محاكمته وعقابه",2
"خلق جميل عندما يفضح احد الاصدقاء اسرارك ولا تقوم انت بالمثل",1
"حيث ان اصل استخدام الكلمه كان للمجند حديثا في الجيش العثمانلي ودا كان غالبا فلاح ودي كانت بتعتبر شتيمه اصل كلمه مصريه لغهمصري",2
"احلي حاجه في الحلقه رجعوا الجماهير",1
"ساعات عينك بتجبرك انها تيجي قدام عيون ناس تانيه متعرفهاش وقتها كل واحد بيسحب عينه و بيمد و يجري عشان يداريها احساس غريب",2
"العالم بيتجه للتقليل المنتظم والمستمر من اعتماده علي الفحم ومصر عايزه تزيد منه اوقفوا الفحم",0
"وجود ميدو في مركز المدير الفني قادر انه يخليك مطمن علي الزمالك لانه مدير فني بعقليه المشجع خايف علي الزمالك و",3
"اللهم ارزقنا عمره قريبه قولوا امين",3
"بمناسبه عيد تحرير سينا السيد الرئيس الساده صناع القرار يحرقكم الله اسقطوا كامب ديفيد",0
"د علاء الاسواني يكتب اوركسترا السلفي السيمفوني يبدا جوله اوروبيه لتقديم المقال كاملا",3
"1 جايز ما نزلتش الدقي بقوللك ايه ممكن اضافه",3
"عيد الام امي امي يا اجمل ما يبدا به يومي ف سبحان من صنع من دعواتك سعاده لي لا تنتهي",1
"حمدا لله علي سلامه ابنائنا المجندين المحررين و نهنئ اهلهم و احبائهم بعودتهم و نهنئ الشعب المصري باطلاق سراحهم",1
"علوم الامارات العثور علي 3 خادمات هاربات عبر حساباتهن في فيس بوك الامارات",2
"2050 بص يا سيدي انا ضد فض اي اعتصام بالقوه واعلنت ده بعد الحرس الجمهوري وايضا غلق المحطات ولكن هذا لن يجعلني ادعم طفاسه قيادات فاشله",0
"هل هناك حضاره دون وجود المراه يجب ان نثق في قدرات المراه فهي دائما جزء من النجاح من غير المراه لن تكون هناك",1
"الصندوق الاسود يكشف تسريبا ل البرادعي و العليمي بوابه القاهره مصر السيسي",3
"و لا سيسي و لا حمدين هاتو اخواتنا من الزنازين",3
"عمرو عبد الهادي المواطنين الشرفاء بتوع الداخليه زي المحامين الشرفاء بتوع سامح عاشور و زي ا علاميين الشرفاء بتوع نجيب ساويرس",2
"انتظروااااااااااااااااااااا الجحيمممممممممم انه قريب جدا هذا اليوم يوم الامتحان",3
"الامارات اليوم محللون التصحيح ضروره لبناء مراكز ماليه جديده الامارات بالعربي",1
"مهزله اتهام هيثم محمدين بقلب النظم الاجتماعيه للدوله مصر",0
"مرسي اتصل بوزير الطيران واخبره ان نجل الشاطر سيستقبل وفدا تركيا بصفته تابعا لمجلس الوزراء",3
"لا تنس يادكتور مرسي انك طلبت من الناس ان تقومك اذا رات فيك اعوجاجاالشعار دخل مرحله التطبيق امام قصركاقرا الواقع جيدا ولا تقامر بالوطن",2
"خفوا ع الراجل يا جماعه ده كده بقي خلاص سامي هينام",2
"اهم لاعب في صناعه الديكتاتور هو من يواجه تجار الباطل والظلم بالصمت والرضا",0
"شاهد اخر كلام ثوره مصر سيناريوهات الخوف",3
"افتخر بلغتي اليوم العالمي للغه العربيه",1
"وزاره الصحه لم تنتظر اكثر من ساعه بعد التفجير لتعلن اصابه 8 اشخاص نفس الوزاره التي انتظرت اياما لتقلل ضحايا المجازر",3
"نتيجه الاستفتاء ملف يحوي التحديثات",3
"الجوله الانتخابيه للدكتور عبد المنعم ابو الفتوح اثناء مرورها بموقف الميكروباص بالحي العاشر مدينه نصر ونقاش حوله",2
"عندي قمر بسهر معاه عندي معاد وحبيبي لغاه كاريوكي",1
"خلق جميل الحياء الرجوله",1
"يجب ان ينفذ الرئيس وعده باجراء تغييرات في تشكيل اللجنه التاسيسيه للدستور لتكون معبره بحق عن كل اطياف المجتمع",2
"ايها الاخوان عرفت منكم شخصيات جيده لكن نظام الجماعه يلغي تفكيركم تماما مادمتم تعتبرون ان تلبيس مرشد الاخوان حذاءه شرف لكم لن تفهموا ابدا",2
"النفس اماره بالسؤ فان عصتك في الطاعه فاعصها انت في المعصيه الحسن البصري",3
"ايه رايكم النهارده في حلقه النجمه غاده رجب مع النجوم فيفي عبده و هشام عباس ف برنامج احلي مسا علي قناه",3
"اردوجان مستمر في نهجه ويحاول ان يلوث المد الثوري المصري يوسف الحسيني الساده ال",0
"خبر مدريدي سواريز انتقل لريال مدريد بقيمه 80 مليون هازارد قريب جدا من التوقيع للريال المصدر غاياردو وكيل الفيفا",3
"رونالدو جاهز للقاء البايرن ريال مدريد كريستيانو رونالدو",0
"حوار الطرشان",0
"الطفله مي اكرم الي كنا بندور عليها لقيناها بالصدفه في قسم عابدين البنت مرعوبه بس طمناها وهتتعرض علي النيابه الصبح",3
"جمهوريه شبرا الخيمه",1
"احصائيه تقول ان 88 اهداف البايرن في الشوط الثاني حذر",3
"احبك الذي احببتني فيه",1
"حسن الرداد و حوريه فرغلي ضيفا يوسف الحسيني الليله في الساده المحترمون في تمام الساعه 11م علي",3
"8ب وبعد عزل اجباري للرئيس المدني المنتخب كنت اتمني ان لا يحدث باحترام الاخوان للجوهر الحقيقي للديمقراطيه متمثلا في طلب الشعب التغيير",0
"نحن معكم سوريا وتقاطع المصالح مع الشيخ عمر الزيد من تقديم544 وتسجيل",3
"مصر تقع في مجموعه ناريه ناريه مصر تونس السنغال موزمبيق او جنوب السودان حسن شحاته كان بيرتعش وهو بيسحب القرعه",1
"مخاوف المسلمين من الاخوان لا تقل عن مخاوف الاقباط ولولا تواطؤ الاخوان مع العسكري لما وصلنا الي هذه الورطه الطائفيه قضت عليها الثوره نهائيا",0
"انا حزين مرض نفسي قاتل ربما يردئ بحالك الي حياه بائسه جدا ف احذرؤ منها لان الايجابيه حتي لو كان الحزن ع قلبك لابد",0
"الحمدلله علي كل حال",1
"دعوه الصائم لاترد اللهم اغفر لي ذنبي واجلي همي وبدد وحشتي وانر قلبي بذكرك وطاعتك واجعل الخير مفاتح دربي والصدق نور طريقي",1
"وصول الثوار لميدان التحرير احد اكبر علامات اسقاط الانقلاب والعلامات الكبري والاخري قادمه مع قادم الايام",1
"مصارحه نفسي بعيوبيمش نكراها فيا شيرين",3
"هو اللي عيونه ندوني مالعالم كله خدوني",1
"كتله حماس البرلمانيه رح تعطي الثقه لحكومه تنسق امنيا مع اسرائيل الحكومه",3
"عندما تثق في احد بشكل كامل بدون ادني شك ستحصل علي نتيجتين اما شخص يحفظك مدي الحياه واما درس تحفظه مدي الحياه ابر",3
"اوعي تنسي عاشوا رجاله وماتوا اسود",1
"في كل الدنيا يلتزم المسئولون بتنفيذ تصريحاتهم المشير طنطاوي صرح بان سيوقف احاله المدنيين الي محاكم عسكريه و كل يوم تتم احاله مدنيين جدد",2
"والغاز مش مدعوم يا انسان وماذا عن الاسمنت والحديد والاسمده واضح انك تفهم اقل من الحيوان",0
"الاخوان يمارسون الشحاته بمنطق انتو كفار وهتروحوا النار بس ابوس ايديكو ساعدونا يا كفار عشان ربنا ينصر الاسلام",0
"واقع معظم الاطباء في تعاملهم بين المستشفيات الحكوميه والعيادات الخاصه طبيب اطباء مستشفي عياده",3
"الاعتراف بالخطا خلق جميل",1
"استشهاد جنود مصريين علي الحدود بنيران صهيونيه جريمه غير مقبوله دماء هؤلاء الشهداء تستدعي موقفا جادا حفاظا علي كرامتنا وصيانه لحدودنا",0
"يوسف الحسيني يفضح كذب قناه الجزيره ويكشف تمثيل الاخوان دور الموتي تحت اشراف قناه الجزيره",0
"2050 لا يا سيدي كنت موجود وهذا اكبر دليل ان هؤلاء المسلحين من داعمي الاخوان اللي كفرونا وهاجمونا في كل مكان ساعتها",0
"511 اكتب رساله لشخص دون ذكر اسمه شواطئ الحنين لگ صديقتي",3
"لم اهاجمه بل احترمه ولو كان له اخطاء فهو بالتاكيد شخصيه تحترم",1
"اقتراحاتكم للماده الاولي علي الهاش تاج دهعاده ماده مالهاش لازمه تعالوا نفتكس فيها الماده لاولي",2
"3 ماعنديش مانع انا بتكلم عن الفجر في الخصومه",2
"احنا شعب و انتوا شعب علي الحجار في رايي هذا هو احقر و احط عمل فني في تاريخ مصر و حسب",0
"كلمه شكر ل عادل عبدالله ع البلنتي و الطرد اللي حصله اصلا الطرد احلي",1
"نحن ندفع الامل في عقول و قلوب المصريين",1
"شاهد الرجل الثالث حمدين صباحي في اخر كلام",2
"كل يوم يزداد ايماني ان ربي حبيبي معي يارب لك الحمد جميع الامور ميسره بكل حب",1
"8 كان حي الطبقه المتوسطه العليا في مصر و ذهب اليه الكتاب و المثقفين المصريين بحثا عن مزيج نادر يتفق مع طبيعته",1
"سنسمو علي خلافاتنا السياسيه والحزبيه وسنعلي فقط المصلحه الوطنيه ستنتصر ثورتنا وستكون مصر قويه باذن الله",1
"مجلس الوزراء لا زياده في اسعار البنزين و الكهرباء والسلع الغذائيه",3
"الي الثوريين المقاطعين لانتخابات الرئاسه المقاطعه ان لم تكن عامه وشامله ومؤثره ستصب في صالح الفلول كما ان غيابكم يعني فتح الباب للتزوير ا",2
"اليائس يري صعوبه في كل فرصه اما صانع الحياه يري فرصه في كل صعوبه",3
"في جنه الخلد يا بطل العبور في جنه الخلد يا شاذلي في قلوبنا ستبقي 25",1
"اخبار الزمالك ميدو خلع عمر جابر لقميصه وفاء اخبار الرياضه المصريه والعالميه اليوم اخب",3
"3 يوليو انجبت 3 توائم طغمه الانقلاب العسكري قناه العربيه الصهيونيه اعلام العار في مصر",3
"انخضع للارهاب هذا ليس حل",0
"تجيب ا وفاء عسيري علي اسئلتكم واستفسارتكم علي الهاتف المجاني8002494444 وتويتر وزاره الصحه حول التحرش الجنسي للاطفال احمني من التحرش تحرش",3
"حاجات بتفرح في مصر اني اسيب مصر",2
"بالصور انصار مرسي يحرقون كنيسه ومدرعه للجيش بالسويس",1
"ضمن لجنه تمنح جائزه للحكم الرشيد 5 مليون دولار لرئيس افريقي سابق لم نجد احدا افريقيا جنوب الصحراء في طريقها الي الديمقراطيه الطريق طويل",3
"حفيد السلطان عبدالحميد مرشح للبرلمان التركي القادم بشعار رابعه تحيه لك مرسي رئيسي تركيا كلنا قطر",1
"الرئيس مرسي المسئول الاول عن حقوق المصريين وكرامتهم اما ان يوقف الرئيس الخطف والضرب والتعذيب والمحاكمات العسكريه للمدنيين واما ان يرحل",2
"مشكله اليسار مش اللي قاله العريان مشكلته ان رغم كونه الفصيل الاكثر فاعليه ونضاليه في الثوره المصريه لم يستطع طرح شكل",0
"اعلم انه كلما نزع منك في الارض شيئا جميلا سيخبئ لك شئ في السماء اجمل",1
"حازم الببلاوي الحكم العسكري انتهي و السيسي الضامن الوحيد لعدم عودته فييييييييين انشراااااح انا حازم",3
"يحيي قدري مخطط الاخوان ب سيناء يؤكد انهم خطر علي الدوله قال حزب الحركه الوطنيه المصريه ان التقرير الذي",0
"انا كتبت النهارده في المعصره اشهد لك بالفضل انت والشباب اللي معاك في نزولي يوم خمسه وعشرينشكرا ياخالد ياجميل",1
"كفايه اسفاف",0
"المشير السيسي يتقدم باوراق ترشحه للجنه العليا لانتخابات الرئاسه ويشكر جماهير الشعب المصري",3
"خلق جميل ثقافه الحوار وتقبل الراي الاخر",1
"مصر عمرها ما كانت هيبه في عهد مبارك ده كلام رخيص مصر كانت هيبه في ال18 يوم هيبه بجد والعالم كله وقف يتعلم وده كان الشعب",2
"مصر منغيرك ولا حاجه و انا من غيرها و لا حاجه",2
"محمد مرسي بميدان رابعه العدويه وقت الحمله الانتخابيه هل يستطيع السيسي ان يخرج من مخباه لترويج لحملته غرد بصور",2
"بصراحه دي اكتر حاجه بتخليني مش بحب تويتر موضوع الفولورز",3
"كتاب الحرب القذره عن دور المخابرات في حرب الجزائر يتم تطبيقه بحذافيره في مصر يا امه اقرا انصح بقراءته والكتاب متوفر",3
"عامل كهربائي يستغل وقت فراغه في عشر ذي الحجه في قراءه القران كتب الله اجره وغفر ذنبه عشر ذي الحجه",1
"يارب يا احمد يا ابن سمير يجيلك زهايمر انت و صلاح سليمان و هاني سعيد علشان تنسو نادي الزمالك ده يين و منشوفش وش اللي جبوكو تاني زملكاوي",0
"اخونا الحبيب نور الدين عبد الحافظ بخير احلي خبر من يوم مجزره فض رابعه بشره خير جديده قبل سقوط الانقلاب ان شاء الله",2
"اياكم و المكر السيئ معني هام جدا نحتاجه في هذه الايام",2
"د عبد المنعم ابو الفتوح الخلافه المنشوده هي العدل والمساواه والحريه ومكافحه الفساد السياسي والاجتماعي وهي",2
"بدء ا متحانات الشفويه ب كليه طيبه ب الاقصر",3
"د عبد المنعم اصعب لا قولتها لا للمحاكمات العسكريه ودفعت ثمن ده اني قدمت بعدها للمحاكمه العسكريه بقرار من مبارك",3
"بدون دستور ستستمرالامور في التدهور المخرج مازال اعطاء الرئيس المنتخب في الاعلان الدستوري صلاحيه تشكيل لجنه توافقيه لوضع دستور لكل المصريين",2
"الاسواني اذا قارنا نسبه التحرش الجنسي في السعوديه بالدول الاوربيه كالمانيا وبريطانيا نفاجا ان المقال كاملا",2
"ادعوكم لقراءه مقاله رائعه كتبها اصاحبي محمد يسري سلامه من شهورعن مغبه شيطنه الميدان من اباخوان والتي ستنقلب عليهم",1
"7 ابتكارات ل جوجل ستغير من حياه البشر",3
"مصارعه الديكتاتوريه وتجاوزها",3
"كلام وكلام الساده المحترمون",3
"تفجير كشك دخان في منطقه الوحيشي قبل قليل",3
"التيار الشعبي وجبهه الانقاذ اكتشفا اخيرا انهما بلا قيمه في زمن الانقلاب بعد اعلان قانون التظاهر الجديد",0
"ما حجم اعمال الشاطر وكم تبلغ ثروته وما مصادرها وهل دفع الضرائب طبقا لنفس القانون الذي يطبق علي ساويرس التطبيق الانتقائي للقانون فساد فاحش",0
"عدلي منصور مصر اخلصت في الحرب والسلام سلام المنتصرين واخلصت للسلام الذي التزم به الطرف الاخر",1
"لابد من الاسراع بنقل الوعي الانتخابي للمواطنين الكثير من الناس لا يعلمون القواعد للانتخابات وكيفيه اختيار القائمه الحزبيه والفردي",0
"علاقه الانقلاب بالامارات والسعوديه والمساعدات مثل البلطجي وسكان الحاره والفتوه والاتاوه اذا الحاره مادفعتش",0
"حقك تتعملي كانسانه مش ساكته",2
"امراض السياسه حين تؤلم شخصيا",0
"الاسواني لماذا تصر الولايات المتحده علي استمرارها في دعم مرسي للنهايه رغم قتله للمصريين وقمعه للتظاهرات",0
"و زي ما الاخوان و السلفيين اعتبروني عدو للاسلام كتير من الاعلاميين اللي وقفوا معايا حيقلبوا عليا قريب جدا الفاشيه لا دين لها",0
"الطاقه البشريه اذا ما احسن استغلالها هي رصيدا و ليست عبئا قوتنا في عددنا",1
"انا بحب اخويا",1
"الانقلاب ضاق حتي بمن كان يعتبرهم علماء معتدلين من امثال الشيخ الحويني والدور ماشي ومش حيخلوا انقلاب 3يوليو مصر الليله",0
"سخريه القدر ان الاخوان بارهابهم حينجحوا السيسي و الدوله بغباءها حتنجح حمدين مصر 6 6ابريل",2
"عشان خاطر ماسر متحوطيش اخوكي الصغير في الطرحه",0
"بلاغ للنائب العام مطلوب صاحب هذه الصوره الذي هدد نجيب ساويرس بالقتل والاعدام",0
"وفشلت ثوره الانترنت زي ما فشلت ثورات كتير",0
"0 999 الواتساب معلق هههههههههههههههههههههههههههههههههههههههههههه",3
"بيقولك اعرف بلدك الجلف الكبير مين يقول كمان",3
"مقال متميز قصتان من المانيا هل مصر اللهم انصر الحق واهله",3
"اقبال المصريين علي التصويت في الانتخابات ضمانه لبرلمان يعبر عن الشعب وانتخاب ممثلين لشباب الثوره ضمانه لبرلمان يستكمل مهام ثورتنا",1
"رحم الله سامر سليمان كان مصريا مخلصا لقيم المواطنه والديمقراطيه واستاذا متميزا للاقتصاد السياسي رحمه الله",1
"شمس الحريه بتنادي يا وطني يا وطني الغالي يلي خنوك و انتخبوا العرص ريتويت",2
"كل الناس شيفنا حبايب الا عنيكي وانا من خوفي لتبعدي عني بخبي عليكي عمرو دياب",2
"السفاره المصريه العظيمه في السعوديه بتوزع منشورات علي المصريين لكي يصوتوا بنعم في الاستفتاء علي الدستو",2
"تويته في عشق الكيان الاهلي",1
"مجتمع هيفضل طول عمره حافظ مش فاهم حاااجه",0
"قوه هدفها استكمال نقل السلطه للمدنيين المنتخبين وبناء دوله المواطنه والقانون المدنيه ورفض ممارسات الاستبداد والمنافسه الانتخابيه الجاده",1
"مايكل اوين اعتقد ان اعظم لاعب لعب ل ريال مدريد في كل العصور هو كريستيانو رونالدو يليه بوشكاش اسطوره",1
"4 هلا فبراير اليسا علي روتانا مصريه الواحد كان مخنوق و فرفش",1
"مقال رائع لخالد منتصر",1
"المفوضين توصي بغلق قناه سما المصري",3
"حقيقه 2 خامه صوت اخرين غير حليم وامكاناتهم درجه اولي لكنهم بالجهل و الكسل حولوها الي درجه تانيه درس عظيم لمن يتفكرون",2
"انت مش مضطر تتجوز بالطريقه البضان دي انت بني ادم سواء كنت اجتماعي او انطوائي صدقني دي اسوا طريقه ممكن تتجوز بيها جواز",0
"ولو قراتي ما كتبت هتلاقيني قولت اخلاء سبيل ومش براءه باين عليكي مناضله جامده",2
"شكر وتقدير لحكومه الببلاوي علي تبادل الدعم والمشروعات بين مصر والامارات",1
"من الذي زار مرسي في مخبئه السري دعلاء الاسواني يكتب مقاله بعنوان كيف للرئيس ان ينام علي هذا الرابط",1
"من اقوال شيخ المعلقين محمد رمضان ماجد عبدالله لابد ان تكون هناك قناه رياضيه متخصصه لنجوميته وابداعه تقديرا لتاريخه المجيد لوطنه ولناديه",1
"1981 الله ينور عليك يا احمد مقالين اروع من بعض المجد للكتابه الحلوه",1
"سي بي سي جنايات شبرا الخيمه تقضي بمعاقبه سارقي سياره القيادي الاخواني محمد البلتاجي بالسجن 10سنوات مع الشغل",3
"فيك عن ميثاقك الوافي جنوح لا انتحيتي كالخيول الجافله من يؤمن في رجوعك به تروح للهموم اللي بسنينك حافله محمد الشمري",2
"المجد لله ثم لك انت ياشهيد جيكا سيد وزه",1
"برحيل صالح تضع ثوره اليمن اقدامها علي اول طريق النصر نثق في قدره شعبنا اليمني علي توحيد الصف لاستكمال اهداف الثوره مبروك لليمن وعقبال سوريا",1
"اليوم عيد ميلاد الدكتور البرادعي الثوره المصريه تمر بلحظه حرجه الثوره تنتظر منه ومنا الكثير كل سنه وانت طيب يا دكتور محمد الثوره مستمره",2
"70007 الحماره امك فطيم النعاشه وانت ولدها و اذا فكرت تصير ولد حلال اطلب من فيفي عبده الام المثاليه تتبناك هههههههه",0
"علاء الاسواني من يقبل بانتخابات مجلس الشعب يساعد الاخوان علي تغطيه جرائمهم",0
"واضح ان الناس اللي ساكنه في 6 اكتوبر بتروح مدارس وتشتغل في القاهره والجيزه وده سبب كافي لزحمه رهيبه",0
"عزيزي السلفي الراغب في قتل نفسك من اجل منع رحلات الطيران القادمه من ايران بالنسبه لرحلات الطيران الاسرائيلي القادمه الينا كل يوم ايه",2
"احنا مايفرقش معانا هو موافق ولا لا احنا عايزين حنان ليس الا",2
